<!--
	
	========一级标签========
	
	id 动作标识
	name 动作中文名
	type 动作类型，1普通动作，2特殊动作，3普通攻击动作，4技能动作，9受伤动作
	twoType 二级分类
	space 动作空间类型，是在地面可以执行还是在空中
	
	=======二级标签======
	
	node 动作的节点，一个动作有N个不同的连续表现
	duration 持续时间
	
	=======三级标签======
	
	view: 显示动画节点
		id 显示动画标识
		repeat 动画重复运行次数
		duration 持续时间，如果没有设置该属性，view的持续时间则与node的duration一样
	tween: 补间运动节点
		prop 要改变对象的属性名
		finish prop的结束值
		func 缓动效果
	effect: 显示技能特效节点
		id 特效标识
		time 特效开始显示时间
		repeat 特效重复运行次数
		duration 持续时间
		offX 坐标偏移
		offY 坐标偏移
		fx 移动到终点的偏移量
		fy 移动到终点的偏移量
		funcX 缓动效果
		funcY 缓动效果
		layer特效层级 0人物下层 1-999人物上层
	
	========================
	
	func参数说明：
	前缀：
		Back 
		Bounce 
		Circular 
		Elastic 
		Expo 
		Linear
		Quad
		Quart
		Quint
		Sine
		Strong
	后缀：
		easeIn
		easeOut
		easeInOut
	
	========================
	技能的基本动作不能设置特效，要设置特效在新建组合动作设置
-->
	<!-- item：id段的含义 -->
	<!-- 1 普通动作（基础） NORMAL  10001~11000 -->
	<!-- 1 普通动作（组合） NORMAL 11001~19999-->
 
	<!-- NPC技能动作 20001~29999 -->
	 
	<!-- NPC远程技能动作 30001~35000 -->	 
	<!-- NPC buff技能动作 35001~39999 -->
	 
	<!-- 4 受伤动作（基础） BRUISE 40001~41000 -->
	<!-- 4 受伤动作（组合） BRUISE 41001~49999 -->
	 
	<!-- 5 猴子技能动作（基础） SKILL 50001~51000 -->
	<!-- 5 猴子技能动作（组合） SKILL 51001~59999 -->

	<!-- 6 兔子技能动作（基础） SKILL 60001~61000 -->
	<!-- 6 兔子技能动作（组合） SKILL 61001~69999 -->

	<!-- 7 熊猫技能动作（基础） SKILL 70001~71000 -->
	<!-- 7 熊猫技能动作（组合） SKILL 71001~79999 -->



	<!--
	effect：id段的分配含义
	系统effect： 9开头
	猴子effect：1开头
	兔子effect：3开头
	熊猫effect：5开头
	龙人effect：7开头
	
	灵兽effect：2开头
	
	远程effect：1开头5位
	受伤effect：2开头5位
	-->
<root>
	<defLoader>10001,10002,10003,10004,10005</defLoader>
	<peopleLoader>10001,10002,10003,10004,10005,40001,40006</peopleLoader>
	<npcLoader>10001,10002,40001,40004,40007,40008</npcLoader>
	<!--
		10001:站立
		10002:走
		10003:跑
		10004：跳
		10005：落下
		40001：站立受伤-1
		40004：死亡
		40006：人物击飞
		
		40007：怪物倒地
		40008：怪物击飞
	-->
	<solidLoader>10001,40005</solidLoader>
	<specialLoader>10006,10007,10008,10009</specialLoader>
	<!-- 鼠标 -->
	<item id="9001" name="鼠标走" type="5" twoType="2">
		<node duration="0">
			<view id="10002" repeat="0"/>
		</node>
	</item>
	<item id="9002" name="鼠标跑" type="5" twoType="3">
		<node duration="0">
			<view id="10003" repeat="0"/>
		</node>
	</item>
	<!--============================================================================
										普通基础动作
		=============================================================================-->
	<!-- 1 普通动作（基础） NORMAL  10001~11000 -->
	<item id="10001" name="站立" type="1" twoType="1">
		<node duration="0">
			<view id="10001" repeat="0"/>
		</node>
	</item>
	<item id="10002" name="行走" type="1" twoType="2">
		<node duration="0">
			<view id="10002" repeat="0"/>
		</node>
	</item>
	<item id="10003" name="跑步" type="1" twoType="3">
		<node duration="0">
			<view id="10003" repeat="0"/>
		</node>
	</item>
	<item id="10004" name="跳起" type="1" twoType="50">
		<node duration="300">
			<view id="10004" repeat="1"/>
			<tween prop="h" finish="80" func="Quad.easeOut"/>
		</node>
	</item>
	<item id="10005" name="落下" type="1" twoType="50" space="1">
		<node duration="300">
			<view id="10005" repeat="1"/>
			<tween prop="h" finish="0" func="Quad.easeIn"/>
		</node>
	</item>
	<item id="10006" name="蹲下" type="2">
		<node duration="200">
			<view id="10006" repeat="1"/>
		</node>
	</item>
	<item id="10007" name="站起" type="2">
		<node duration="100">
			<view id="10007" repeat="1"/>
		</node>
	</item>
	<item id="10008" name="胜利" type="2">
		<node duration="3000">
			<view id="10008" repeat="3"/>
		</node>
	</item>
	<item id="10009" name="失败" type="2">
		<node duration="600">
			<view id="10009" repeat="1"/>
		</node>
		<node duration="0"/>
	</item>
	<item id="10010" name="个性动作" type="2">
		<node duration="0">
			<view id="10010" repeat="1"/>
		</node>
	</item>
	<item id="10011" name="瞬移动作" type="4">
		<node duration="1000">
			<view id="10011" repeat="1"/>
		</node>
	</item>
	<item id="10012" name="喘息动作" type="3">
		<node duration="0">
			<view id="10012" repeat="0"/>
		</node>
	</item>
	<item id="10013" name="防御动作" type="3">
		<node duration="600">
			<view id="25021" repeat="1"/>
		</node>
		<node duration="0">
			<view id="10013" repeat="0"/>
		</node>
	</item>
	<item id="10014" name="站立(静止)" type="1" twoType="1">
		<node duration="0">
			<view id="10001" repeat="1"/>
		</node>
	</item>
	<item id="10015" name="进化(召唤兽)" type="4" twoType="50">
		<node duration="2000">
			<view id="10015" repeat="1"/>
		</node>
	</item>
	<item id="10016" name="齿轮回血满(动画)" type="4" twoType="50">
		<node duration="6000">
			<view id="10016" repeat="1"/>
		</node>
		<node duration="0">
			<view id="10013" repeat="0"/>
		</node>
	</item>
	<item id="10017" name="钻入地面" type="4" twoType="50">
		<node duration="2000">
			<view id="10017" repeat="1"/>
		</node>
	</item>
	<item id="10018" name="钻出地面" type="4" twoType="50">
		<node duration="2000">
			<view id="10018" repeat="1"/>
		</node>
	</item>
	<item id="10020" name="跟随" type="1" twoType="2">
		<node duration="0">
			<view id="10002" repeat="0"/>
		</node>
	</item>
	
	<item id="10021" name="物体状态1(持续播放)" type="3">
		<node duration="0">
			<view id="10021" repeat="0"/>
		</node>
		<node duration="0"/>
	</item>
	<item id="10022" name="物体状态2(持续播放)" type="3">
		<node duration="0">
			<view id="10022" repeat="0"/>
		</node>
		<node duration="0"/>
	</item>
	<item id="10023" name="物体状态3(持续播放)" type="3">
		<node duration="0">
			<view id="10023" repeat="0"/>
		</node>
	</item>
	<item id="10024" name="怪物地下钻出" type="3">
		<node duration="0">
			<view id="10024" repeat="1"/>
		</node>
	</item>
	<item id="10025" name="怪物空中落下" type="3">
		<node duration="0">
			<view id="10025" repeat="1"/>
		</node>
	</item>
	<item id="10026" name="人偶钻入镜子" type="4" twoType="50">
		<node duration="100">
			<view id="10026" repeat="1"/>
		</node>
		<node duration="0"/>
	</item>
	<item id="10027" name="蹲下" type="2"><!-- 灼热之灵拾取技能 -->
		<node duration="1150">
			<view id="10027" repeat="1"/>
		</node>
	</item>
	<item id="10028" name="飞行走" type="1" twoType="2">
		<node duration="0">
			<view id="10001" repeat="0"/>
		</node>
	</item>
	<item id="10029" name="跑步" type="1" twoType="3">
		<node duration="0">
			<view id="10001" repeat="0"/>
		</node>
	</item>
	<item id="10030" name="鼠标飞行走" type="1" twoType="2">
		<node duration="0">
			<view id="10001" repeat="0"/>
		</node>
	</item>
	<item id="10031" name="鼠标跑步" type="1" twoType="3">
		<node duration="0">
			<view id="10001" repeat="0"/>
		</node>
	</item>
	<item id="10032" name="怪物隐身" type="2">
		<node duration="0">
			<view id="10032" repeat="1"/>
		</node>
	</item>
	<!-- 1 普通动作（组合） NORMAL 11001~19999-->
	<item id="11001" name="跳落" type="1" twoType="50">
		<node duration="300">
			<view id="10004" repeat="1"/>
			<tween prop="h" finish="80" func="Quad.easeOut"/>
		</node>
		<node duration="300">
			<view id="10005" repeat="1"/>
			<tween prop="h" finish="0" func="Quad.easeIn"/>
		</node>
	</item>
	<item id="11002" name="蹲下站起" type="1" twoType="101">
		<node duration="100">
			<view id="10006" repeat="1"/>
		</node>
		<node duration="100">
			<view id="10007" repeat="1"/>
		</node>
	</item>
	
	<!--============================================================================
										猴子进阶技能 
		=============================================================================-->
	<item id="51101" name="伏魔棍" type="4">
		<effect id="1101" time="100" duration="689" repeat="1"/>
		<node duration="106">
			<view id="50014" repeat="1"/>
		</node>
		<node duration="233"/>
		<node duration="450">
			<view id="50007" repeat="1"/>
			<tween prop="h" finish="0" func="Quad.easeOut"/>
		</node>
	</item>
	<item id="51102" name="八方棍" type="4">
		<effect id="1102" time="100" duration="889" repeat="1"/>
		<node duration="106">
			<view id="50011" repeat="1"/>
		</node>
		<node duration="233"/>
		<node duration="650">
			<view id="50015" repeat="1"/>
		</node>
	</item>
	<item id="51103" name="画地为牢" type="4">
		<effect id="1103" time="133" duration="2889" repeat="1" layer="0"/>
		<node duration="106">
			<view id="50001" repeat="1"/>
		</node>
		<node duration="233"/>
		<node duration="650">
			<view id="50006" repeat="1"/>
		</node>
	</item>
	<item id="51104" name="当头一棒" type="4">
		<effect id="1104" time="350" duration="400" repeat="1"/>
		<node duration="350">
			<view id="10004" repeat="1" func="Expo.easeOut"/>
			<tween prop="h" finish="160"/>
			<tween prop="x" finish="150"/>
		</node>
		<node duration="250">
			<view id="50007" repeat="1"/>
			<tween prop="h" finish="0" func="Quad.easeOut"/>
		</node>
		<node duration="1"/>
	</item>
	<item id="51105" name="横扫千军" type="4">
		<effect id="1105" time="533" duration="1100" repeat="1"/>
		<node duration="300">
			<view id="50103" repeat="1"/>
			<tween prop="x" finish="50"/>
		</node>
		<node duration="1">
			<view id="10001" repeat="0"/>
		</node>
		<node duration="300">
			<view id="50102" repeat="1"/>
			<tween prop="x" finish="50"/>
		</node>
		<node duration="1">
			<view id="10001" repeat="0"/>
		</node>
		<node duration="300">
			<view id="50103" repeat="1"/>
			<tween prop="x" finish="50"/>
		</node>
		<node duration="300">
			<view id="50007" repeat="1"/>
			<tween prop="x" finish="50"/>
		</node>
		<node duration="1"/>
	</item>
	<item id="51106" name="定海神针" type="4">
		<effect id="1106" time="33" duration="2750" repeat="1"/>
		<node duration="520">
			<view id="50007" repeat="1"/>
		</node>
		<node duration="2208"/>
	</item>
	<item id="51107" name="猴年马月" type="4">
		<effect id="1111" time="231" duration="792" repeat="1"/>
		<node duration="1033">
			<view id="50001" repeat="1"/>
		</node>
		<node duration="1"/>
	</item>
	<item id="51108" name="插棒棒" type="4">
		<effect id="1111" time="231" duration="792" repeat="1"/>
		<node duration="500">
			<view id="50001" repeat="1"/>
		</node>
		<node duration="250"/>
	</item>
	<!--  兔子进阶技能 -->
	<item id="61101" name="萝卜陷阱" type="4">
		<effect id="3101" time="100" duration="600" repeat="1"/>
		<node duration="300">
			<view id="60011" repeat="1"/>
		</node>
		<node duration="100"/>
	</item>
	<item id="61102" name="萝卜镖" type="4">
		<effect id="3102" time="233" duration="2166" repeat="1"/>
		<effect id="3014" time="0" duration="2160" repeat="1"/>
		<node duration="791">
			<view id="60016" repeat="1"/>
		</node>
		<node duration="1300"/>
	</item>
	<item id="61103" name="兔起鹘落" type="4">
		<effect id="3103" time="0" duration="1291" repeat="1" fy="50"/>
		<node duration="300">
			<view id="10004" repeat="1"/>
			<tween prop="h" finish="75" func="Quad.easeOut"/>
		</node>
		<node duration="1"/>
		<node duration="200">
			<view id="60012" repeat="1"/>
		</node>
		<node duration="1"/>
		<node duration="300">
			<view id="10004" repeat="1"/>
			<tween prop="h" finish="0" func="Quad.easeOut"/>
		</node>
	</item>
	<item id="61104" name="狡兔三窟" type="4">
		<effect id="3104" time="533" duration="833" repeat="1"/>
		<effect id="3107" time="0" duration="791" repeat="1"/>
		<node duration="600">
			<view id="60016" repeat="1"/>
		</node>
		<node duration="1"/>
	</item>
	<item id="61105" name="倒悬踢" type="4">
		<effect id="3105" time="133" duration="980" repeat="1" fx="350" fy="75"/>
		<effect id="3009" time="0" duration="280" repeat="1"/>
		<effect id="3009" time="280" duration="280" repeat="1"/>
		<effect id="3009" time="560" duration="280" repeat="1"/>
		<effect id="3009" time="840" duration="280" repeat="1"/>
		<node duration="1400">
			<view id="60009" repeat="1"/>
			<tween prop="h" finish="75"/>
			<tween prop="x" finish="450"/>
		</node>
		<node duration="250">
			<view id="10004" repeat="1"/>
			<tween prop="h" finish="0"/>
		</node>
	</item>
	<item id="61106" name="漫天飞舞" type="4">
		<effect id="3106" time="0" duration="1460" repeat="1"/>
		<effect id="3008" time="0" duration="1460" repeat="1"/>
		<node duration="500">
			<view id="60013" repeat="1"/>
		</node>
		<node duration="960"/>
	</item>
	<item id="61107" name="守株待兔" type="4">
		<effect id="3111" time="400" duration="1382" repeat="1"/>
		<node duration="1782">
			<view id="60011" repeat="1"/>
		</node>
		<node duration="1"/>
	</item>
	<item id="61108" name="麻醉萝卜镖" type="4">
		<node duration="500">
			<view id="60016" repeat="1"/>
		</node>
		<node duration="1"/>
	</item>
	<!--  熊猫进阶技能 -->
	<item id="71101" name="流星锤" type="4">
		<effect id="5101" time="120" duration="900" repeat="1"/>
		<node duration="80">
			<view id="70004" repeat="1"/>
		</node>
		<node duration="320"/>
		<node duration="240">
			<view id="70005" repeat="1"/>
		</node>
		<node duration="320"/>
	</item>
	<item id="71102" name="追魂脚" type="4">
		<effect id="5012" time="280" duration="320" repeat="1"/>
		<effect id="5012" time="560" duration="320" repeat="1"/>
		<effect id="5012" time="840" duration="320" repeat="1"/>
		<effect id="5012" time="1120" duration="320" repeat="1"/>
		<effect id="5012" time="1400" duration="320" repeat="1"/>
		<node duration="280">
			<view id="70016" repeat="1"/>
			<tween prop="x" finish="50" func="Expo.easeOut"/>
		</node>
		<node duration="1">
			<view id="10001" repeat="0"/>
		</node>
		<node duration="280">
			<view id="70016" repeat="1"/>
			<tween prop="x" finish="50" func="Expo.easeOut"/>
		</node>
		<node duration="1">
			<view id="10001" repeat="0"/>
		</node>
		<node duration="280">
			<view id="70016" repeat="1"/>
			<tween prop="x" finish="50" func="Expo.easeOut"/>
		</node>
		<node duration="1">
			<view id="10001" repeat="0"/>
		</node>
		<node duration="280">
			<view id="70016" repeat="1"/>
			<tween prop="x" finish="50" func="Expo.easeOut"/>
		</node>
		<node duration="1">
			<view id="10001" repeat="0"/>
		</node>
		<node duration="280">
			<view id="70016" repeat="1"/>
			<tween prop="x" finish="50" func="Expo.easeOut"/>
		</node>
	</item>
	<item id="71103" name="憨态可掬" type="4">
		<effect id="5103" time="400" duration="875" repeat="1"/>
		<node duration="1375">
			<view id="10008" repeat="1"/>
		</node>
	</item>
	<item id="71104" name="一叶扁舟" type="4">
		<effect id="5104" time="440" duration="875" repeat="1"/>
		<effect id="5027" time="440" duration="440" repeat="1"/>
		<node duration="1416">
			<view id="70011" repeat="1"/>
		</node>
	</item>
	<item id="71105" name="雨后春笋" type="4" layer="0">
		<effect id="5015" time="520" duration="3520" repeat="1"/>
		<effect id="5016" time="520" duration="3520" repeat="1"/>
		<node duration="520">
			<view id="70015" repeat="1"/>
		</node>
		<node duration="3480"/>
	</item>
	<item id="71106" name="野蛮冲撞" type="4">
		<effect id="5106" time="0" duration="250" repeat="1" fx="100" offX="20" layer="1"/>
		<effect id="5106" time="250" duration="800" repeat="1" fx="350" offX="20" layer="1"/>
		<effect id="5106" time="1050" duration="600" repeat="1" fx="0" offX="20" layer="1"/>
		<node duration="250">
			<view id="10003" repeat="1"/>
			<tween prop="x" finish="100"/>
		</node>
		<node duration="800">
			<view id="70103" repeat="1"/>
			<tween prop="x" finish="350"/>
		</node>
		<node duration="600"/>
	</item>
	<item id="71107" name="黑眼圈" type="4">
		<effect id="5111" time="430" duration="363" repeat="1"/>
		<node duration="80">
			<view id="70004" repeat="1"/>
		</node>
		<node duration="320"/>
		<node duration="240">
			<view id="70005" repeat="1"/>
		</node>
		<node duration="320"/>
	</item>
	<item id="71108" name="泰山压顶" type="4">
		<effect id="5011" time="570" duration="350" repeat="1" layer="1"/>
		<node duration="300">
			<view id="10004" repeat="1"/>
			<tween prop="h" finish="200" func="Quad.easeOut"/>
		</node>
		<node duration="120"/>
		<node duration="150">
			<view id="70015" repeat="1"/>
			<tween prop="h" finish="0" func="Quad.easeIn"/>
		</node>
		<node duration="350"/>
	</item>	
	<!--  龙人进阶技能 -->
	<item id="81101" name="冰龙术" type="4">
		<effect id="7101" time="0" duration="1320" repeat="1"/>
		<node duration="640">
			<view id="80003" repeat="1"/>
		</node>
		<node duration="80"/>
	</item>
	<item id="81102" name="毒龙术" type="4">
		<effect id="7102" time="0" duration="1320" repeat="1" offX="60"/>
		<node duration="640">
			<view id="80003" repeat="1"/>
		</node>
		<node duration="80"/>
	</item>
	<item id="81103" name="火龙术" type="4">
		<effect id="7103" time="0" duration="1320" repeat="1" offX="20"/>
		<node duration="640">
			<view id="80003" repeat="1"/>
		</node>
		<node duration="80"/>
	</item>
	<item id="81104" name="龙珠三戏" type="4">
		<node duration="3820">
			<view id="80003" repeat="3"/>
		</node>
	</item>
	<item id="81105" name="龙腾四海" type="4">
		<effect id="7105" time="0" duration="3300" repeat="3"/>
		<effect id="7109" time="0" duration="3320" repeat="5"/>
		<node duration="1320">
			<view id="80002" repeat="2"/>
			<tween prop="h" finish="150" func="Quad.easeIn"/>
		</node>
		<node duration="1500">
			<view id="80001" repeat="1"/>
			<tween prop="h" finish="150" func="Quad.easeIn"/>
		</node>
		<node duration="500">
			<view id="10005" repeat="1"/>
			<tween prop="h" finish="0" func="Quad.easeIn"/>
		</node>
	</item>
	<item id="81106" name="飞龙在天" type="4">
		<effect id="7106" time="0" duration="2620" repeat="1"/>
		<node duration="920">
			<view id="80005" repeat="1"/>
			<tween prop="h" finish="100" func="Quad.easeIn"/>
		</node>
		<node duration="1100"/>
		<node duration="600">
			<view id="10005" repeat="1"/>
			<tween prop="h" finish="0" func="Quad.easeIn"/>
		</node>
	</item>
	<item id="81107" name="直捣黄龙" type="4">
	     <effect id="7112" time="600" duration="400" repeat="1"/>
		<node duration="300">
			<view id="80105" repeat="1"/>
			<tween prop="x" finish="250"/>
		</node>
		<node duration="700">
			<view id="80004" repeat="1"/>
		</node>
	</item>
	<item id="81108" name="四海游龙" type="4">
		<effect id="7101" time="0" duration="1320" repeat="1" offY="50" offX="-60"/>
		<effect id="7102" time="0" duration="1320" repeat="1" offY="-50"/>
		<effect id="7113" time="1320" duration="1320" repeat="1" scaleX="-1" offY="50" offX="510" fx="-450"/>
		<effect id="7114" time="1320" duration="1320" repeat="1" scaleX="-1" offY="-50" offX="450" fx="-450"/>
		<node duration="1240">
			<view id="80003" repeat="1"/>
		</node>
		<node duration="130"/>
	</item>
	<!-- ============================================ -->
	<!-- NPC技能动作 20001~29999 -->
	<!-- ============================================ -->
	<item id="20001" name="小型怪物近程攻击" type="4">
		<node duration="1000">
			<view id="20001" repeat="1"/>
		</node>
	</item>
	<item id="20002" name="中型怪物近程攻击" type="4">
		<node duration="1200">
			<view id="20002" repeat="1"/>
		</node>
	</item>
	<item id="20003" name="大型怪物近程攻击" type="4">
		<node duration="1500">
			<view id="20003" repeat="1"/>
		</node>
	</item>
	<item id="20004" name="巨型怪物近程攻击" type="4">
		<node duration="1500">
			<view id="20004" repeat="1"/>
		</node>
	</item>
	<item id="20005" name="致命一击" type="3">
		<node duration="1200">
			<view id="20005" repeat="1"/>
		</node>
	</item>
	<item id="20006" name="冲撞" type="3">
		<node duration="640">
			<view id="20006" repeat="0"/>
			<tween prop="x" finish="450" func="Quart.easeOut"/>
		</node>
	</item>
	<item id="20007" name="灵兽幼年期普通攻击" type="4">
		<node duration="1000">
			<view id="20007" repeat="1"/>
		</node>
	</item>
	<item id="20008" name="灵兽成长期普通攻击" type="4">
		<node duration="1000">
			<view id="20008" repeat="1"/>
		</node>
	</item>
	<item id="20009" name="灵兽成熟期普通攻击" type="4">
		<node duration="1000">
			<view id="20009" repeat="1"/>
		</node>
	</item>
	<item id="20010" name="灵兽最终期普通攻击" type="4">
		<node duration="1000">
			<view id="20010" repeat="1"/>
		</node>
	</item>
	<item id="20011" name="灵兽第一技能" type="3">
		<node duration="1000">
			<view id="20011" repeat="1"/>
		</node>
	</item>
	<item id="20012" name="灵兽第二技能" type="3">
		<node duration="1000">
			<view id="20012" repeat="1"/>
		</node>
	</item>
	<item id="20013" name="回复" type="4">
		<node duration="1000">
			<view id="20013" repeat="1"/>
		</node>
	</item>
	<item id="20014" name="冲撞(带预备)" type="3">
		<node duration="1000">
			<view id="20014" repeat="1"/>
		</node>
		<node duration="1280">
			<view id="20006" repeat="1"/>
			<tween prop="x" finish="600" func="Quart.easeOut"/>
		</node>
	</item>
	<item id="20015" name="召唤兽必杀" type="3">
		<node duration="1500">
			<view id="20015" repeat="1"/>
		</node>
	</item>
	<item id="20016" name="召唤兽拾取" type="3">
		<node duration="1500">
			<view id="20016" repeat="1"/>
		</node>
	</item>
	<item id="20017" name="冲撞(持续停止在最后一帧)" type="3">
		<node duration="640">
			<view id="20006" repeat="0"/>
			<tween prop="x" finish="450" func="Quart.easeOut"/>
		</node>
		<node duration="0"/>
	</item>
	<item id="20018" name="有准备动作的技能(没有位移)" type="3">
		<node duration="1000">
			<view id="20014" repeat="1"/>
		</node>
		<node duration="5000">
			<view id="20018" repeat="0"/>
		</node>
	</item>
	<item id="20019" name="白玉狐超灵期必杀" type="3">
		<effect id="2001" time="1000" duration="500"></effect>
		<node duration="1500">
			<view id="20015" repeat="1"/>
		</node>
	</item>
	<item id="20020" name="机甲兽原地冲撞1866毫秒" type="3">
		<node duration="1866">
			<view id="20006" repeat="1"/>
		</node>
	</item>
	<item id="20021" name="20011的冲撞，距离250" type="3">
		<node duration="1333">
			<view id="20011" repeat="0"/>
			<tween prop="x" finish="250" func="Quart.easeOut"/>
		</node>
	</item>
	<item id="20022" name="20011的冲撞，距离400,40帧" type="3">
		<node duration="1333">
			<view id="20011" repeat="0"/>
			<tween prop="x" finish="400" func="Quart.easeOut"/>
		</node>
	</item>
	<item id="20023" name="20011的冲撞，距离400，35帧" type="3">
		<node duration="1167">
			<view id="20011" repeat="0"/>
			<tween prop="x" finish="400" func="Quart.easeOut"/>
		</node>
	</item>
	<item id="20024" name="20011的冲撞，距离400，30帧" type="3">
		<node duration="1000">
			<view id="20011" repeat="0"/>
			<tween prop="x" finish="400" func="Quart.easeOut"/>
		</node>
	</item>
	<item id="20025" name="20012的冲撞，距离400,40帧" type="3">
		<node duration="1333">
			<view id="20012" repeat="0"/>
			<tween prop="x" finish="400" func="Quart.easeOut"/>
		</node>
	</item>
	<item id="20026" name="20011的冲撞，距离400，35帧" type="3">
		<node duration="1167">
			<view id="20011" repeat="0"/>
			<tween prop="x" finish="400" func="Quart.easeOut"/>
		</node>
	</item>
	<item id="20027" name="20012的冲撞，距离400，30帧" type="3">
		<node duration="1000">
			<view id="20012" repeat="0"/>
			<tween prop="x" finish="400" func="Quart.easeOut"/>
		</node>
	</item>
	
	<item id="24001" name="技能准备动作1500ms(1)" type="4">
		<node duration="1500">
			<view id="24001" repeat="1"/>
		</node>
	</item>
	<item id="24002" name="技能准备动作1500ms(2)" type="4">
		<node duration="1500">
			<view id="24002" repeat="1"/>
		</node>
	</item>
	<item id="24011" name="技能准备动作3000ms(1)" type="4">
		<node duration="3000">
			<view id="24011" repeat="1"/>
		</node>
	</item>
	<item id="24012" name="技能准备动作3000ms(2)" type="4">
		<node duration="3000">
			<view id="24012" repeat="1"/>
		</node>
	</item>
	<item id="25001" name="怪物技能30帧(1)" type="4">
		<node duration="1200">
			<view id="25001" repeat="1"/>
		</node>
	</item>
	<item id="25002" name="怪物技能30帧(2)" type="4">
		<node duration="1200">
			<view id="25002" repeat="1"/>
		</node>
	</item>
	<item id="25003" name="怪物技能30帧(3)" type="4">
		<node duration="1200">
			<view id="25003" repeat="1"/>
		</node>
	</item>
	<item id="25008" name="怪物技能30帧(4)" type="4">
		<node duration="1200">
			<view id="25008" repeat="1"/>
		</node>
	</item>
	<item id="25004" name="怪物技能30帧1500毫秒延迟(1)" type="4">
		<node duration="1500">
			<view id="24001" repeat="1"/>
		</node>
		<node duration="1200">
			<view id="25001" repeat="1"/>
		</node>
	</item>
	<item id="25005" name="怪物技能30帧1500毫秒延迟(2)" type="4">
		<node duration="1500">
			<view id="24002" repeat="1"/>
		</node>
		<node duration="1200">
			<view id="25002" repeat="1"/>
		</node>
	</item>
	<item id="25006" name="怪物技能30帧3000毫秒延迟(1)" type="4">
		<node duration="3000">
			<view id="24011" repeat="1"/>
		</node>
		<node duration="1200">
			<view id="25001" repeat="1"/>
		</node>
	</item>
	<item id="25007" name="怪物技能30帧3000毫秒延迟(2)" type="4">
		<node duration="3000">
			<view id="24012" repeat="1"/>
		</node>
		<node duration="1200">
			<view id="25002" repeat="1"/>
		</node>
	</item>
	<item id="25009" name="怪物技能30帧带前冲" type="4">
		<node duration="1200">
			<view id="25001" repeat="1"/>
			<tween prop="x" finish="600" func="Linear.easeNone"/>
		</node>
	</item>
	<item id="25011" name="怪物技能60帧(1)" type="4">
		<node duration="2400">
			<view id="25011" repeat="1"/>
		</node>
	</item>
	<item id="25012" name="怪物技能60帧(2)" type="4">
		<node duration="2400">
			<view id="25012" repeat="1"/>
		</node>
	</item>
	<item id="25013" name="怪物技能60帧(3)" type="4">
		<node duration="2400">
			<view id="25013" repeat="1"/>
		</node>
	</item>
	<item id="25018" name="怪物技能60帧(4)" type="4">
		<node duration="2400">
			<view id="25018" repeat="1"/>
		</node>
	</item>
	
	<item id="25014" name="怪物技能60帧1500毫秒延迟(1)" type="4">
		<node duration="1500">
			<view id="24001" repeat="1"/>
		</node>
		<node duration="2400">
			<view id="25011" repeat="1"/>
		</node>
	</item>
	<item id="25015" name="怪物技能60帧1500毫秒延迟(2)" type="4">
		<node duration="1500">
			<view id="24002" repeat="1"/>
		</node>
		<node duration="2400">
			<view id="25012" repeat="1"/>
		</node>
	</item>
	<item id="25016" name="怪物技能60帧3000毫秒延迟(1)" type="4">
		<node duration="3000">
			<view id="24011" repeat="1"/>
		</node>
		<node duration="2400">
			<view id="25011" repeat="1"/>
		</node>
	</item>
	<item id="25017" name="怪物技能60帧3000毫秒延迟(2)" type="4">
		<node duration="3000">
			<view id="24012" repeat="1"/>
		</node>
		<node duration="2400">
			<view id="25012" repeat="1"/>
		</node>
	</item>
	<item id="25019" name="怪物技能60帧带前冲" type="4">
		<node duration="2400">
			<view id="25011" repeat="1"/>
			<tween prop="x" finish="600" func="Linear.easeNone"/>
		</node>
	</item>
	
	<item id="25021" name="怪物技能15帧(1)" type="4">
		<node duration="600">
			<view id="25021" repeat="1"/>
		</node>
	</item>
	<item id="25022" name="怪物技能15帧(2)" type="4">
		<node duration="600">
			<view id="25022" repeat="1"/>
		</node>
	</item>
	<item id="25023" name="怪物技能15帧(3)" type="4">
		<node duration="600">
			<view id="25023" repeat="1"/>
		</node>
	</item>
	<item id="25024" name="怪物技能15帧1500毫秒延迟(1)" type="4">
		<node duration="1500">
			<view id="24001" repeat="1"/>
		</node>
		<node duration="600">
			<view id="25021" repeat="1"/>
		</node>
	</item>
	<item id="25025" name="怪物技能15帧1500毫秒延迟(2)" type="4">
		<node duration="1500">
			<view id="24002" repeat="1"/>
		</node>
		<node duration="600">
			<view id="25022" repeat="1"/>
		</node>
	</item>
	<item id="25026" name="怪物技能15帧3000毫秒延迟(1)" type="4">
		<node duration="3000">
			<view id="24011" repeat="1"/>
		</node>
		<node duration="600">
			<view id="25021" repeat="1"/>
		</node>
	</item>
	<item id="25027" name="怪物技能15帧3000毫秒延迟(2)" type="4">
		<node duration="3000">
			<view id="24012" repeat="1"/>
		</node>
		<node duration="600">
			<view id="25022" repeat="1"/>
		</node>
	</item>
	<item id="25029" name="怪物技能15帧带前冲" type="4">
		<node duration="600">
			<view id="25021" repeat="1"/>
			<tween prop="x" finish="600" func="Linear.easeNone"/>
		</node>
	</item>
	<item id="25030" name="缓慢冲撞" type="3">
		<node duration="1280">
			<view id="20006" repeat="0"/>
			<tween prop="x" finish="600" func="Quart.easeOut"/>
		</node>
	</item>
	<item id="25031" name="25001的冲撞，距离400，30帧" type="4">
		<node duration="1000">
			<view id="25001" repeat="0"/>
			<tween prop="x" finish="400" func="Quart.easeOut"/>
		</node>
	</item>
	<item id="29000" name="横扫千军" type="4">
		<node duration="1200">
			<view id="29000" repeat="1"/>
		</node>
	</item>
	<item id="29999" name="BOSS霸体" type="3">
		<effect id="9021" time="0" duration="320" repeat="1"/>
		<node duration="320">
			<view id="10001" repeat="1"/>
		</node>
	</item>
	<!-- ============================================ -->
	<!-- NPC远程技能动作 30001~35000 -->
	<!-- ============================================ -->
	
	<item id="30001" name="NPC远程技能动作_1" type="4">
		<node duration="620">
			<view id="30001" repeat="1"/>
		</node>
	</item>
	
	<!-- ============================================ -->
	<!-- NPC buff技能动作 35001~39999 -->
	<!-- ============================================ -->
	
	<item id="35001" name="咆哮" type="4">
		<node duration="800">
			<view id="35001" repeat="1"/>
		</node>
	</item>
	<item id="35002" name="嚎叫" type="4">
		<node duration="1000">
			<view id="35002" repeat="1"/>
		</node>
	</item>
	<item id="35003" name="减速BUFF技能" type="4">
		<node duration="1000">
			<view id="35003" repeat="1"/>
		</node>
	</item>
	
	<!-- ============================================ -->
	<!-- 4 受伤动作（基础） BRUISE 40001~41000 -->
	
	<item id="40001" name="站立受伤-1" type="9">
		<node duration="1">
			<view id="40001" repeat="1"/>
		</node>
		<node duration="300"/>
	</item>
	<item id="40002" name="人物倒地" type="9">
		<effect id="9024" time="1000" duration="300" repeat="1" offY="-60" offX="-20"/>
		<node duration="1000">
			<view id="40004" repeat="1"/>
		</node>
		<node duration="300"/>
	</item>
	<item id="40003" name="倒地追加" type="9">
		<node duration="200">
			<view id="40003" repeat="1"/>
		</node>
	</item>
	<item id="40004" name="死亡" type="9">
		<node duration="1000">
			<view id="40004" repeat="1"/>
		</node>
		<node duration="0"/>
	</item>
	<item id="40005" name="物体破坏" type="9">
		<node duration="300">
			<view id="40005" repeat="1"/>
		</node>
		<node duration="0"/>
	</item>
	<item id="40006" name="人物击飞" type="9">
		<effect id="9024" time="600" duration="300" repeat="1" offY="-60" offX="-20"/>
		<node duration="300">
			<view id="40004" repeat="1"/>
			<tween prop="h" finish="200" func="Quad.easeOut"/>
		</node>
		<node duration="300">
			<view id="40004" repeat="1"/>
			<tween prop="h" finish="0" func="Bounce.easeOut"/>
		</node>
		<node duration="300"/>
	</item>
	<item id="40007" name="怪物倒地" type="9">
		<effect id="9024" time="300" duration="300" repeat="1" offY="-60" offX="-20"/>
		<node duration="300">
			<view id="40007" repeat="1"/>
		</node>
		<node duration="300"/>
	</item>
	<item id="40008" name="怪物击飞" type="9">
		<effect id="9024" time="600" duration="300" repeat="1" offY="-60" offX="-20"/>
		<node duration="300">
			<view id="40007" repeat="1"/>
			<tween prop="h" finish="100" func="Quad.easeOut"/>
		</node>
		<node duration="300">
			<view id="40007" repeat="1"/>
			<tween prop="h" finish="0" func="Bounce.easeOut"/>
		</node>
		<node duration="300"/>
	</item>
	<item id="40009" name="站立受伤-2" type="9">
		<node duration="1">
			<view id="40009" repeat="1"/>
		</node>
		<node duration="300"/>
	</item>
	<item id="40010" name="站立受伤-3" type="9">
		<node duration="1">
			<view id="40010" repeat="1"/>
		</node>
		<node duration="300"/>
	</item>
	<item id="40011" name="打开宝箱/机关(持续停止在最后一帧)" type="9">
		<node duration="1000">
			<view id="40011" repeat="1"/>
		</node>
		<node duration="0"/>
	</item>
	<item id="40012" name="打开机关(循环播放动画)" type="9">
		<node duration="0">
			<view id="40012" repeat="0"/>
		</node>
	</item>
	
	<item id="40013" name="怪物自爆" type="9">
		<node duration="1000">
			<view id="40013" repeat="1"/>
		</node>
	</item>
	
	<item id="40014" name="关闭宝箱/机关" type="9">
		<node duration="1000">
			<view id="40014" repeat="1"/>
		</node>
		<node duration="0"/>
	</item>
	
	<item id="40015" name="机关第三种状态" type="9">
		<node duration="1000">
			<view id="40015" repeat="1"/>
		</node>
		<node duration="0"/>
	</item>
	
	<item id="40016" name="机关第四种状态" type="9">
		<node duration="0">
			<view id="40016" repeat="0"/>
		</node>
	</item>
	<item id="40017" name="受伤击退" type="9">
		<node duration="1">
			<view id="40001" repeat="1"/>
		</node>
		<node duration="300"/>
	</item>
	<item id="40018" name="死亡" type="1">
		<node duration="1000">
			<view id="40004" repeat="1"/>
		</node>
		<node duration="0"/>
	</item>
	<!-- 4 受伤动作（组合） BRUISE 41001~49999 -->
	<!-- ============================================ -->
	<!-- 5 猴子技能动作（基础） SKILL 50001~51000 -->
	<item id="50001" name="震地" type="4">
		<node duration="210">
			<view id="50001" repeat="1"/>
		</node>
	</item>
	<item id="50002" name="短拳" type="4">
		<node duration="210">
			<view id="50002" repeat="1"/>
		</node>
	</item>
	<item id="50003" name="长拳" type="4">
		<node duration="210">
			<view id="50003" repeat="1"/>
		</node>
	</item>
	<item id="50004" name="回马枪" type="4">
		<node duration="210">
			<view id="50004" repeat="1"/>
		</node>
	</item>
	<item id="50005" name="重拳" type="4">
		<node duration="210">
			<view id="50005" repeat="1"/>
		</node>
	</item>
	<item id="50006" name="轻拳" type="4">
		<node duration="210">
			<view id="50006" repeat="1"/>
		</node>
	</item>
	<item id="50007" name="当头棒" type="4">
		<node duration="210">
			<view id="50007" repeat="1"/>
		</node>
	</item>
	<item id="50008" name="远击" type="4">
		<node duration="210">
			<view id="50008" repeat="1"/>
		</node>
	</item>
	<item id="50009" name="格挡" type="4">
		<node duration="210">
			<view id="50009" repeat="1"/>
		</node>
	</item>
	<item id="50010" name="摘星打击" type="4">
		<node duration="210">
			<view id="50010" repeat="1"/>
		</node>
	</item>
	<!---->
	<item id="50101" name="普攻1段" type="3">
		<effect id="1023" time="150" duration="200" repeat="1" offY="1"/>	    
		<node duration="270">
			<view id="50101" repeat="1"/>
		</node>
		<node duration="220"/>
	</item>
	<item id="50102" name="普攻2段" type="3">
		<effect id="1024" time="140" duration="200" repeat="1" offY="1"/>	
		<node duration="270">
			<view id="50102" repeat="1"/>
		</node>
		<node duration="220"/>
	</item>
	<item id="50103" name="普攻3段" type="3">
		<effect id="1025" time="120" duration="200" repeat="1" offY="1"/>
		<node duration="200">
			<view id="50103" repeat="1"/>
			<tween prop="x" finish="10"/>
		</node>
		<node duration="220"/>
	</item>
	<item id="50104" name="跳攻" type="3" space="1">
		<node duration="250">
			<view id="50104" repeat="1"/>
		</node>
	</item>
	<item id="50105" name="跑攻" type="3">
		<node duration="150">
			<view id="50105" repeat="1"/>
			<tween prop="x" finish="50"/>
		</node>
		<node duration="200">
			<tween prop="x" finish="50" func="Quart.easeOut"/>
		</node>
	</item>
	<item id="50106" name="普攻4段" type="3">
	    <effect id="1026" time="160" duration="280" repeat="1" offY="1"/>
		<node duration="320">
			<view id="50003" repeat="1"/>
			<tween prop="x" finish="50" func="Quart.easeOut"/>
		</node>
		<node duration="640"/>
	</item>
	<!-- 5 猴子技能动作（组合） SKILL 51001~59999 -->
	<item id="51001" name="当头一棒" type="4">
		<effect id="1000" time="0" duration="760" repeat="1"/>
		<effect id="1001" time="960" duration="600" repeat="1"/>
		<effect id="1002" time="960" duration="280" repeat="1"/>
		<node duration="360">
			<view id="50011" repeat="1"/>
		</node>
		<node duration="320"/>
		<node duration="520">
			<view id="50007" repeat="1"/>
		</node>
	</item>
	<item id="51002" name="风神之眼" type="4">
		<effect id="1003" time="240" duration="880" repeat="1"/>
		<effect id="1004" time="280" duration="560" repeat="1"/>
		<node duration="360">
			<view id="50006" repeat="1"/>
		</node>
		<node duration="720"/>
	</item>
	<item id="51003" name="碧海潮音" type="4">
		<effect id="1005" time="120" duration="200" repeat="1"/>
		<effect id="1006" time="320" duration="240" repeat="1"/>
		<effect id="1007" time="720" duration="480" repeat="1"/>
		<node duration="360">
			<view id="50011" repeat="1"/>
		</node>
		<node duration="280"/>
		<node duration="520">
			<view id="50013" repeat="1"/>
		</node>
	</item>
	<item id="51004" name="十字连击" type="4">
		<effect id="1008" time="320" duration="1040" repeat="1"/>
		<node duration="360">
			<view id="50006" repeat="1"/>
		</node>
		<node duration="80"/>
		<node duration="320">
			<view id="50005" repeat="1"/>
		</node>
		<node duration="560"/>
	</item>
	<item id="51005" name="灵光剑影" type="4">
		<effect id="1009" time="160" duration="640" repeat="1"/>
		<node duration="360">
			<view id="50006" repeat="1"/>
		</node>
		<node duration="480"/>
	</item>
	<item id="51006" name="立地腾空" type="4">
		<effect id="1010" time="400" duration="1160" repeat="1"/>
		<node duration="480">
			<view id="50001" repeat="1"/>
		</node>
		<node duration="200"/>
		<node duration="720">
			<view id="50015" repeat="1"/>
		</node>
		<node duration="400"/>
	</item>
	<item id="51007" name="急速流星" type="4">
		<effect id="1011" time="200" duration="560" repeat="1"/>
		<node duration="440">
			<view id="50016" repeat="1"/>
		</node>
		<node duration="480"/>
	</item>
	<item id="51008" name="离子风暴" type="4">
		<effect id="1012" time="320" duration="520" repeat="1"/>
		<node duration="360">
			<view id="50004" repeat="1"/>
		</node>
		<node duration="480"/>
	</item>
	<item id="51009" name="风云棍法" type="4">
		<effect id="1013" time="280" duration="1200" repeat="1"/>
		<effect id="1014" time="320" duration="1200" repeat="1"/>
		<node duration="320">
			<view id="50014" repeat="1"/>
		</node>
		<node duration="560"/>
		<node duration="280">
			<view id="50008" repeat="1"/>
		</node>
		<node duration="560"/>
	</item>
	<item id="51010" name="回旋踢" type="4">
		<effect id="1015" time="120" duration="1120" repeat="1"/>
		<effect id="1016" time="960" duration="240" repeat="1"/>
		<node duration="360">
			<view id="50012" repeat="1"/>
		</node>
		<node duration="200"/>
		<node duration="720">
			<view id="50015" repeat="1"/>
		</node>
		<node duration="240"/>
	</item>
	<item id="51011" name="回马枪" type="4">
		<effect id="1017" time="120" duration="1280" repeat="1"/>
		<node duration="520">
			<view id="50007" repeat="1"/>
		</node>
		<node duration="200"/>
		<node duration="440">
			<view id="50016" repeat="1"/>
		</node>
		<node duration="480"/>
	</item>
	<item id="51012" name="横扫千军" type="4">
		<effect id="1018" time="120" duration="360" repeat="1"/>
		<node duration="320">
			<view id="50005" repeat="1"/>
		</node>
		<node duration="360"/>
	</item>
	<item id="51013" name="夜战八方" type="4">
		<effect id="1019" time="880" duration="760" repeat="1"/>
		<effect id="1020" time="400" duration="1280" repeat="1"/>
		<node duration="480">
			<view id="50001" repeat="1"/>
		</node>
		<node duration="160"/>
		<node duration="320">
			<view id="50005" repeat="1"/>
		</node>
		<node duration="240"/>
		<node duration="440">
			<view id="50016" repeat="1"/>
		</node>
	</item>
	<item id="51014" name="金枪探头" type="4">
		<effect id="1021" time="40" duration="2280" repeat="1"/>
		<effect id="1021" time="1600" duration="2280" repeat="1" scaleX="-1" offX="-50"/>
		<effect id="1021" time="2600" duration="2280" repeat="1"/>
		<node duration="520">
			<view id="50007" repeat="1"/>
		</node>
		<node duration="4000"/>
	</item>
	<item id="51015" name="风云再起" type="4">
		<effect id="1022" time="400" duration="1280" repeat="1"/>
		<node duration="480">
			<view id="50001" repeat="1"/>
		</node>
		<node duration="440"/>
		<node duration="320">
			<view id="50003" repeat="1"/>
		</node>
		<node duration="480"/>
	</item>
	<!-- ============================================ -->
	
	<!-- 6 兔子技能动作（基础） SKILL 60001~61000 -->
	<item id="60001" name="重脚" type="4">
		<node duration="300">
			<view id="60001" repeat="1"/>
		</node>
	</item>
	<item id="60002" name="重拳" type="4">
		<node duration="450">
			<view id="60002" repeat="1"/>
		</node>
	</item>
	<item id="60003" name="轻拳" type="4">
		<node duration="480">
			<view id="60003" repeat="1"/>
		</node>
	</item>
	<item id="60004" name="踢踏" type="4">
		<node duration="510">
			<view id="60004" repeat="1"/>
		</node>
	</item>
	<item id="60005" name="轻脚" type="4">
		<node duration="510">
			<view id="60005" repeat="1"/>
		</node>
	</item>
	<item id="60006" name="穿刺右" type="4">
		<node duration="510">
			<view id="60006" repeat="1"/>
		</node>
	</item>
	<item id="60007" name="穿刺左" type="4">
		<node duration="510">
			<view id="60007" repeat="1"/>
		</node>
	</item>
	<item id="60008" name="格挡" type="4">
		<node duration="510">
			<view id="60008" repeat="1"/>
		</node>
	</item>
	<item id="60009" name="回旋脚" type="4">
		<node duration="510">
			<view id="60009" repeat="1"/>
		</node>
	</item>
	<item id="60010" name="穿刺" type="4">
		<node duration="510">
			<view id="60010" repeat="1"/>
		</node>
	</item>
	<item id="60011" name="交叉斩" type="4">
		<node duration="510">
			<view id="60011" repeat="1"/>
		</node>
	</item>
	<!---->
	<item id="60101" name="普攻1段" type="3">
		<effect id="3019" time="140" duration="200" offY="1" repeat="1"/>
		<node duration="220">
			<view id="60101" repeat="1"/>
		</node>
		<node duration="200"/>
	</item>
	<item id="60102" name="普攻2段" type="3">
		<effect id="3020" time="160" duration="200" offY="1" repeat="1"/>
		<node duration="300">
			<view id="60102" repeat="1"/>
		</node>
		<node duration="200"/>
	</item>
	<item id="60103" name="普攻3段" type="3">
		<effect id="3021" time="0" duration="320" offY="1" repeat="1"/>
		<node duration="280">
			<view id="60103" repeat="1"/>
			<tween prop="x" finish="10"/>
		</node>
		<node duration="200"/>
	</item>
	<item id="60106" name="普攻4段" type="3">
	    <effect id="3022" time="100" duration="140" offY="1" repeat="1"/>
		<effect id="3022" time="140" duration="140" offY="1" repeat="1"/>
		<node duration="260">
			<view id="60005" repeat="1"/>
			<tween prop="h" finish="60" func="Quart.easeOut"/>
			<tween prop="x" finish="30" func="Quart.easeOut"/>
		</node>
		<node duration="400">
			<view id="10005" repeat="1"/>
			<tween prop="h" finish="0" func="Quad.easeIn"/>
		</node>
	</item>
	<item id="60104" name="跳攻" type="3" space="1">
		<node duration="250">
			<view id="60104" repeat="1"/>
		</node>
	</item>
	<item id="60105" name="跑攻" type="3">
	    
		<node duration="150">
			<view id="60105" repeat="1"/>
			<tween prop="x" finish="50"/>
		</node>
		<node duration="200">
			<tween prop="x" finish="50" func="Quart.easeOut"/>
		</node>
	</item>
	<!-- 6 兔子技能动作（组合） SKILL 61001~69999 -->
	<item id="61001" name="凌空飞踢" type="4">
		<effect id="3000" time="160" duration="840" repeat="1"/>
		<node duration="400">
			<view id="60001" repeat="1"/>
		</node>
		<node duration="280"/>
	</item>
	<item id="61002" name="力斩千军" type="4">
		<effect id="3001" time="240" duration="560" repeat="1"/>
		<node duration="320">
			<view id="60003" repeat="1"/>
		</node>
		<node duration="360"/>
	</item>
	<item id="61003" name="波云斩" type="4">
		<effect id="3002" time="0" duration="1120" repeat="1"/>
		<node duration="400">
			<view id="60012" repeat="1"/>
		</node>
		<node duration="400"/>
	</item>
	<item id="61004" name="电光雷击" type="4">
		<effect id="3003" time="0" duration="1040" repeat="1"/>
		<node duration="480">
			<view id="60004" repeat="1"/>
		</node>
		<node duration="400"/>
	</item>
	<item id="61005" name="登云踢" type="4">
		<effect id="3004" time="200" duration="1520" repeat="1"/>
		<effect id="3005" time="1320" duration="320" repeat="1"/>
		<node duration="320">
			<view id="60002" repeat="1"/>
		</node>
		<node duration="240"/>
		<node duration="320">
			<view id="60003" repeat="1"/>
		</node>
		<node duration="280"/>
		<node duration="560">
			<view id="60005" repeat="1"/>
		</node>
	</item>
	<item id="61006" name="惊风再起" type="4">
		<effect id="3006" time="600" duration="1040" repeat="1"/>
		<node duration="600">
			<view id="60011" repeat="1"/>
		</node>
		<node duration="960"/>
	</item>
	<item id="61007" name="剑荡八荒" type="4">
		<effect id="3007" time="440" duration="2200" repeat="1"/>
		<effect id="3008" time="0" duration="2920" repeat="1"/>
		<node duration="400">
			<view id="60013" repeat="1"/>
		</node>
		<node duration="2520"/>
	</item>
	<item id="61008" name="流光绝影" type="4">
		<effect id="3010" time="160" duration="1080" repeat="1"/>
		<effect id="3009" time="0" duration="280" repeat="1"/>
		<node duration="640">
			<view id="60009" repeat="1"/>
		</node>
		<node duration="560"/>
	</item>
	<item id="61009" name="先发制人" type="4">
		<effect id="3011" time="200" duration="560" repeat="1"/>
		<node duration="400">
			<view id="60015" repeat="1"/>
		</node>
		<node duration="560"/>
	</item>
	<item id="61010" name="迅急无常" type="4">
		<effect id="3012" time="0" duration="1080" repeat="1"/>
		<node duration="320">
			<view id="60016" repeat="1"/>
		</node>
		<node duration="120"/>
		<node duration="400">
			<view id="60015" repeat="1"/>
		</node>
		<node duration="240"/>
	</item>
	<item id="61011" name="惊涛穿云" type="4">
		<effect id="3013" time="160" duration="560" repeat="1"/>
		<effect id="3014" time="0" duration="360" repeat="1"/>
		<node duration="320">
			<view id="60016" repeat="1"/>
		</node>
		<node duration="440"/>
	</item>
	<item id="61012" name="出云流星剑" type="4">
		<effect id="3018" time="0" duration="920" repeat="1"/>
		<node duration="480">
			<view id="60010" repeat="1"/>
		</node>
		<node duration="440"/>
	</item>
	<item id="61013" name="顺水推舟" type="4">
		<effect id="3015" time="0" duration="920" repeat="1"/>
		<node duration="480">
			<view id="60010" repeat="1"/>
		</node>
		<node duration="440"/>
	</item>
	<item id="61014" name="孤峰一线" type="4">
		<effect id="3016" time="0" duration="560" repeat="1"/>
		<node duration="320">
			<view id="60002" repeat="1"/>
		</node>
		<node duration="240"/>
	</item>
	<item id="61015" name="白虹贯日" type="4">
		<effect id="3017" time="200" duration="640" repeat="1"/>
		<node duration="360">
			<view id="60007" repeat="1"/>
		</node>
		<node duration="520"/>
	</item>
	<!-- ============================================ -->
	<!-- 7 熊猫技能动作（基础） SKILL 70001~71000 -->
	<item id="70001" name="挥动" type="4">
		<node duration="200">
			<view id="70001" repeat="1"/>
		</node>
	</item>
	<item id="70002" name="左重击" type="4">
		<node duration="200">
			<view id="70002" repeat="1"/>
		</node>
	</item>
	<item id="70003" name="右重击" type="4">
		<node duration="200">
			<view id="70003" repeat="1"/>
		</node>
	</item>
	<item id="70004" name="高举" type="4">
		<node duration="200">
			<view id="70004" repeat="1"/>
		</node>
	</item>
	<item id="70005" name="左轻击" type="4">
		<node duration="200">
			<view id="70005" repeat="1"/>
		</node>
	</item>
	<item id="70006" name="右轻击" type="4">
		<node duration="200">
			<view id="70006" repeat="1"/>
		</node>
	</item>
	<item id="70007" name="重型击打" type="4">
		<node duration="200">
			<view id="70007" repeat="1"/>
		</node>
	</item>
	<item id="70008" name="重脚" type="4">
		<node duration="200">
			<view id="70008" repeat="1"/>
		</node>
	</item>
	<item id="70009" name="格挡" type="4">
		<node duration="200">
			<view id="70009" repeat="1"/>
		</node>
	</item>
	<item id="70010" name="冲撞" type="4">
		<node duration="200">
			<view id="70010" repeat="1"/>
		</node>
	</item>
	<!---->
	<item id="70101" name="普攻1段" type="3">
		<effect id="5029" time="400" duration="200" repeat="1" offY="1"/>
		<node duration="400">
			<view id="70101" repeat="1"/>
		</node>
		<node duration="250"/>
	</item>
	<item id="70102" name="普攻2段" type="3">
		<effect id="5030" time="150" duration="240" repeat="1" offY="1"/>
		<node duration="200">
			<view id="70102" repeat="1"/>
		</node>
		<node duration="250"/>
	</item>
	<item id="70103" name="普攻3段" type="3">
		<effect id="5031" time="150" duration="240" repeat="1" offY="1"/>
		<node duration="220">
			<view id="70103" repeat="1"/>
			<tween prop="x" finish="10"/>
		</node>
		<node duration="250"/>
	</item>
	<item id="70104" name="跳攻" type="3" space="1">
		<node duration="250">
			<view id="70104" repeat="1"/>
		</node>
	</item>
	<item id="70105" name="跑攻" type="3">
		<node duration="150">
			<view id="70105" repeat="1"/>
			<tween prop="x" finish="50"/>
		</node>
		<node duration="200">
			<tween prop="x" finish="50" func="Quart.easeOut"/>
		</node>
	</item>
	<item id="70106" name="普攻4段" type="3">
	    <effect id="5032" time="320" duration="300" repeat="1" offY="1"/>
		<node duration="420">
			<view id="70007" repeat="1"/>
		</node>
		<node duration="640"/>
	</item>
	<!-- 7 熊猫技能动作（组合） SKILL 71001~79999 -->
	<item id="71001" name="龙腾四海" type="4">
		<effect id="5000" time="600" duration="1240" repeat="1"/>
		<effect id="5001" time="320" duration="1920" repeat="1"/>
		<node duration="840">
			<view id="70007" repeat="1"/>
		</node>
		<node duration="1360"/>
	</item>
	<item id="71002" name="狂风百战" type="4">
		<effect id="5002" time="200" duration="200" repeat="1"/>
		<effect id="5003" time="720" duration="880" repeat="1"/>
		<node duration="360">
			<view id="70003" repeat="1"/>
		</node>
		<node duration="240"/>
		<node duration="320">
			<view id="70002" repeat="1"/>
		</node>
		<node duration="680"/>
	</item>
	<item id="71003" name="日月争辉" type="4">
		<effect id="5004" time="520" duration="560" repeat="1"/>
		<node duration="320">
			<view id="70001" repeat="1"/>
		</node>
		<node duration="80"/>
		<node duration="1120">
			<view id="70010" repeat="1"/>
		</node>
	</item>
	<item id="71004" name="傲视群雄" type="4">
		<effect id="5005" time="360" duration="600" repeat="1"/>
		<node duration="520">
			<view id="70015" repeat="1"/>
		</node>
		<node duration="440"/>
	</item>
	<item id="71005" name="破天一式" type="4">
		<effect id="5028" time="400" duration="320" repeat="1"/>
		<effect id="5006" time="1120" duration="480" repeat="1"/>
		<node duration="520">
			<view id="70008" repeat="1"/>
		</node>
		<node duration="280"/>
		<node duration="520">
			<view id="70013" repeat="1"/>
		</node>
		<node duration="440"/>
	</item>
	<item id="71006" name="劈山一击" type="4">
		<effect id="5007" time="520" duration="200" repeat="1"/>
		<effect id="5008" time="1160" duration="640" repeat="1"/>
		<node duration="320">
			<view id="70004" repeat="1"/>
		</node>
		<node duration="80"/>
		<node duration="280">
			<view id="70006" repeat="1"/>
		</node>
		<node duration="280"/>
	    <node duration="360">
			<view id="70003" repeat="1"/>
		</node>
		<node duration="600"/>
	</item>
	<item id="71007" name="惊天地裂" type="4">
		<effect id="5009" time="200" duration="200" repeat="1"/>
		<effect id="5010" time="920" duration="240" repeat="1"/>
		<effect id="5011" time="1760" duration="840" repeat="1"/>
		<node duration="360">
			<view id="70014" repeat="1"/>
		</node>
		<node duration="240"/>
		<node duration="520">
			<view id="70013" repeat="1"/>
		</node>
		<node duration="280"/>
		<node duration="520">
			<view id="70015" repeat="1"/>
		</node>
		<node duration="720"/>
	</item>
	<item id="71008" name="追魂脚" type="4">
		<effect id="5012" time="280" duration="320" repeat="1"/>
		<effect id="5013" time="520" duration="520" repeat="1"/>
		<effect id="5012" time="1160" duration="320" repeat="1"/>
		<effect id="5013" time="1400" duration="520" repeat="1"/>
		<effect id="5012" time="2040" duration="320" repeat="1"/>
		<node duration="360">
			<view id="70016" repeat="1"/>
		</node>
		<node duration="520">
			<view id="70008" repeat="1"/>
		</node>
		<node duration="360">
			<view id="70016" repeat="1"/>
		</node>
     	<node duration="520">
			<view id="70008" repeat="1"/>
		</node>
		<node duration="360">
			<view id="70016" repeat="1"/>
		</node>
		<node duration="240"/>
	</item>
	<item id="71009" name="百鸟朝凰" type="4">
		<effect id="5014" time="320" duration="1720" repeat="1"/>
		<node duration="320">
			<view id="70004" repeat="1"/>
		</node>
		<node duration="1120"/>
		<node duration="320">
			<view id="70005" repeat="1"/>
		</node>
		<node duration="280"/>
	</item>
	<item id="71010" name="绿荫普照" type="4">
		<effect id="5015" time="200" duration="1400" repeat="1"/>
		<effect id="5016" time="200" duration="1400" repeat="1"/>
		<node duration="200">
			<view id="70015" repeat="1"/>
		</node>
		<node duration="80"/>
	</item>
	<item id="71011" name="泰山压顶" type="4">
		<effect id="5017" time="640" duration="200" repeat="1"/>
		<node duration="960">
			<view id="70012" repeat="1"/>
		</node>
		<node duration="240"/>
	</item>
	<item id="71012" name="神工鬼斧" type="4">
		<effect id="5018" time="120" duration="840" repeat="1"/>
		<node duration="320">
			<view id="70004" repeat="1"/>
		</node>
		<node duration="80"/>
		<node duration="320">
			<view id="70005" repeat="1"/>
		</node>
		<node duration="240"/>
	</item>
	<item id="71013" name="冰封乱舞" type="4">
		<effect id="5020" time="320" duration="1160" repeat="1"/>
		<node duration="520">
			<view id="70013" repeat="1"/>
		</node>
		<node duration="920"/>
	</item>
	<item id="71014" name="疾风骤雨" type="4">
		<effect id="5021" time="120" duration="200" repeat="1"/>
		<effect id="5022" time="640" duration="240" repeat="1"/>
		<effect id="5023" time="1440" duration="320" repeat="1"/>
		<effect id="5024" time="1920" duration="640" repeat="1"/>
		<effect id="5025" time="1920" duration="200" repeat="1"/>
		<node duration="320">
			<view id="70002" repeat="1"/>
		</node>
		<node duration="200"/>
		<node duration="320">
			<view id="70005" repeat="1"/>
		</node>
		<node duration="280"/>
		<node duration="840">
			<view id="70007" repeat="1"/>
		</node>
		<node duration="720"/>
	</item>
	<item id="71015" name="苍穹破日" type="4">
		<effect id="5026" time="440" duration="880" repeat="1"/>
		<effect id="5027" time="440" duration="720" repeat="1"/>
		<node duration="520">
			<view id="70011" repeat="1"/>
		</node>
		<node duration="840"/>
	</item>
	
	<!--龙人动作配置-->
	<item id="80001" name="挥动" type="4">
		<node duration="200">
			<view id="80001" repeat="1"/>
		</node>
	</item>
	<item id="80002" name="左重击" type="4">
		<node duration="200">
			<view id="80002" repeat="1"/>
		</node>
	</item>
	<item id="80003" name="右重击" type="4">
		<node duration="200">
			<view id="80003" repeat="1"/>
		</node>
	</item>
	<item id="80004" name="高举" type="4">
		<node duration="200">
			<view id="80004" repeat="1"/>
		</node>
	</item>
	<item id="80005" name="左轻击" type="4">
		<node duration="200">
			<view id="80005" repeat="1"/>
		</node>
	</item>
	<item id="80006" name="右轻击" type="4">
		<node duration="200">
			<view id="80006" repeat="1"/>
		</node>
	</item>
	<item id="80007" name="重型击打" type="4">
		<node duration="200">
			<view id="80007" repeat="1"/>
		</node>
	</item>
	<item id="80008" name="重脚" type="4">
		<node duration="200">
			<view id="80008" repeat="1"/>
		</node>
	</item>
	<item id="80009" name="格挡" type="4">
		<node duration="200">
			<view id="80009" repeat="1"/>
		</node>
	</item>
	<item id="80010" name="冲撞" type="4">
		<node duration="200">
			<view id="80010" repeat="1"/>
		</node>
	</item>
	<!---->
	<item id="80101" name="普攻1段" type="3">
		<effect id="7110" time="0" duration="280" repeat="1" offY="1" offX="70"/>
		<!--<effect id="7001" time="240" duration="160" repeat="1" offY="1"/>-->
		<node duration="280">
			<view id="80003" repeat="1"/>
		</node>
		<node duration="140"/>
	</item>
	<item id="80102" name="普攻2段" type="3">
		<!--<effect id="7002" time="0" duration="280" repeat="1" offY="-50" offX="70"/>-->
		<node duration="320">
			<view id="80003" repeat="1"/>
		</node>
		<node duration="250"/>
	</item>
	<item id="80103" name="普攻3段" type="3">
		<!--<effect id="7003" time="240" duration="160" repeat="1" offY="1"/>-->
		<node duration="320">
			<view id="80003" repeat="1"/>
		</node>
		<node duration="250"/>
	</item>
	<item id="80107" name="普攻4段" type="3">
		<!--<effect id="7004" time="0" duration="280" repeat="1" offY="-50" offX="70"/>-->
		<node duration="400">
			<view id="80104" repeat="1"/>
		</node>
		<node duration="400"/>
	</item>
	<item id="80104" name="跳攻" type="3" space="1">
		<effect id="7005" time="0" duration="160" repeat="1" offY="1"/>
		<node duration="250">
			<view id="80104" repeat="1"/>
		</node>
	</item>
	<item id="80105" name="跑攻" type="3">
		<node duration="150">
			<view id="80105" repeat="1"/>
			<tween prop="x" finish="75"/>
		</node>
		<node duration="200">
			<tween prop="x" finish="75" func="Quart.easeOut"/>
		</node>
	</item>
	
	<!--龙人技能动作-->
	<item id="80111" name="幻雷飞狱破" type="4">
		<effect id="7007" time="40" duration="720" repeat="1"/>
		<node duration="640">
			<view id="80002" repeat="1"/>
			<tween prop="h" finish="75" func="Expo.easeOut" />
		</node>
		<node duration="100">
			<view id="10005" repeat="1"/>
			<tween prop="h" finish="0" func="Quad.easeIn"/>
		</node>
		<node duration="70"/>
		
	</item>
	<item id="80112" name="火耀环形斩" type="4">
		<effect id="7008" time="40" duration="600" repeat="1"/>
		<node duration="950">
			<view id="80002" repeat="1"/>
			<tween prop="x" finish="170"/>
			<tween prop="h" finish="80" func="Expo.easeOut" />
		</node>
		<node duration="20"/>
		<node duration="100">
			<view id="10005" repeat="1"/>
			<tween prop="h" finish="0" func="Quad.easeIn"/>
		</node>
		<node duration="50"/>
	</item>
	<item id="80113" name="龙翔四连破" type="4">
		<effect id="7009" time="440" duration="600" repeat="1"/>
		<node duration="640">
			<view id="80002" repeat="1"/>
		</node>
		<node duration="480"/>
	</item>
	<item id="80114" name="冰棱突击" type="4">
	    <effect id="7010" time="380" duration="120" repeat="1"/>
		<node duration="640">
			<view id="80003" repeat="1"/>
		</node>
		<node duration="80"/>
	</item>
	<item id="80115" name="火焰突刺" type="4">
		<node duration="640">
			<view id="80003" repeat="1"/>
		</node>
		<node duration="80"/>
	</item>
	<item id="80116" name="毒龙钻" type="4">
	   
		<node duration="640">
			<view id="80003" repeat="1"/>
		</node>
		<node duration="80"/>
	</item>
	<item id="80117" name="火龙旋风" type="4">
	     <effect id="7011" time="40" duration="560" repeat="1"/>
		<node duration="640">
			<view id="80003" repeat="1"/>
		</node>
		<node duration="320"/>
	</item>
	<item id="80118" name="火扇炎魔弹" type="4">
	     <effect id="7012" time="880" duration="400" repeat="1"/>
		<node duration="1280">
			<view id="80003" repeat="1"/>
		</node>
		<node duration="160"/>
	</item>
	<item id="80119" name="爆炎球" type="4">
	     <effect id="7013" time="40" duration="560" repeat="1"/>
		<node duration="880">
			<view id="80004" repeat="1"/>
		</node>
		<node duration="240"/>
	</item>
	<item id="80120" name="斩空波" type="4">
	     <effect id="7014" time="40" duration="880" repeat="1"/>
		<node duration="880">
			<view id="80007" repeat="1"/>
		</node>
		<node duration="240"/>
	</item>
	<item id="80121" name="斩空四连击" type="4">
	     <effect id="7015" time="720" duration="1120" repeat="1"/>
		<node duration="720">
			<view id="80005" repeat="1"/>
			<tween prop="h" finish="60" func="Expo.easeOut"/>
		</node>
		<node duration="100">
			<view id="10005" repeat="1"/>
			<tween prop="h" finish="0" func="Quad.easeIn"/>
		</node>
		<node duration="1020"/>
	</item>
	<item id="80122" name="回天扇舞-五连" type="4">
	     <effect id="7016" time="360" duration="1600" repeat="1"/>
		<node duration="440">
			<view id="80002" repeat="1"/>
			<tween prop="h" finish="80"  func="Expo.easeOut"/>
		</node>
		<node duration="2"/>
		<node duration="380">
			<view id="80006" repeat="1"/>
			<tween prop="h" finish="80"  />
		</node>
		<node duration="2"/>
		<node duration="380">
			<view id="80006" repeat="1"/>
			<tween prop="h" finish="80"  />
		</node>
		<node duration="2"/>
		<node duration="100">
			<view id="10005" repeat="1"/>
			<tween prop="h" finish="0" func="Quad.easeIn"/>
		</node>
		<node duration="100"/>
	</item>
	<item id="80123" name="三龙炎杀阵" type="4">
	     <effect id="7017" time="40" duration="1080" repeat="1"/>
		<node duration="1120">
			<view id="80001" repeat="1"/>
			<tween prop="h" finish="110" func="Expo.easeOut"/>
		</node>
		<node duration="100">
			<view id="10005" repeat="1"/>
			<tween prop="h" finish="0" func="Quad.easeIn"/>
		</node>
		<node duration="400"/>
	</item>
	<item id="80124" name="舞扇之炎" type="4">
	     <effect id="7018" time="200" duration="1000" repeat="1"/>
		<node duration="1120">
			<view id="80001" repeat="1"/>
			<tween prop="h" finish="90" func="Expo.easeOut" />
		</node>
		<node duration="100">
			<view id="10005" repeat="1"/>
			<tween prop="h" finish="0" func="Quad.easeIn"/>
		</node>
		<node duration="400"/>
	</item>
	<item id="80125" name="炎雾暴雷杀" type="4">
	     <effect id="7019" time="320" duration="1320" repeat="1"/>
		<node duration="1120">
			<view id="80001" repeat="1"/>
			<tween prop="h" finish="90" func="Expo.easeOut" />
		</node>
		<node duration="100">
			<view id="10005" repeat="1"/>
			<tween prop="h" finish="0" func="Quad.easeIn"/>
		</node>
		<node duration="600"/>
	</item>
	
	<!-- 坐骑 -->
	<item id="90002" name="骑坐骑站立(静止)" type="1" twoType="1">
		<node duration="0">
			<view id="90002" repeat="0"/>
		</node>
	</item>
	<item id="90003" name="坐骑骑乘动作" type="1" twoType="2">
		<node duration="0">
			<view id="90003" repeat="0"/>
		</node>
	</item>
	<!--坐骑技能部分-->
	<item id="90010" name="(坐骑云)技能动作" type="4">
		<effect id="1112" time="320" duration="500" repeat="1"/>
		<node duration="1000">
			<view id="10001" repeat="0"/>
		</node>
	</item>
	<item id="90011" name="(坐骑马)技能动作" type="4">
		<effect id="1113" time="320" duration="500" repeat="1"/>
		<node duration="1000">
			<view id="10001" repeat="0"/>
		</node>
	</item>
	<item id="90012" name="(坐骑欧巴马)技能动作" type="4">
		<effect id="1114" time="320" duration="500" repeat="1"/>
		<node duration="1000">
			<view id="10001" repeat="0"/>
		</node>
	</item>
    <item id="90013" name="(坐骑刀锋战虎)技能动作" type="4">
		<effect id="1115" time="320" duration="500" repeat="1"/>
		<node duration="1000">
			<view id="10001" repeat="0"/>
		</node>
	</item>
	<!-- 灵兽 -->
	<!-- <item id="92000" name="凤翼天翔成长期" type="4">
		<effect id="10123" time="100" duration="1400" repeat="1" fx="500"/>
		<node duration="1500">
			<view id="20011" repeat="999"/>
		</node>
	</item>
    <item id="92001" name="凤翼天翔成熟期" type="4">
		<effect id="10124" time="100" duration="1400" repeat="999" fx="500"/>
		<node duration="1500">
			<view id="20011" repeat="1"/>
		</node>
	</item>
	<item id="92002" name="凤翼天翔最终期" type="4">
		<effect id="10125" time="100" duration="1400" repeat="1" fx="500"/>
		<node duration="1500">
			<view id="20011" repeat="1"/>
		</node>
	</item>
	<item id="92003" name="凤翼天翔超灵期" type="4">
		<effect id="10126" time="100" duration="1400" repeat="999" fx="500"/>
		<node duration="1500">
			<view id="20011" repeat="999"/>
		</node>
	</item> -->
	<!--守护神-->
	<item id="93001" name="守护神攻击" type="4">
		<effect id="30000" time="100" duration="1400" repeat="1"/>
		<node duration="1000">
			<view id="10001" repeat="1"/>
		</node>
	</item>
</root>