<!-- edited with XMLSpy v2010 rel. 3 sp1 (http://www.altova.com) by MESMERiZE (MSM) -->
<!-- edited with XML Spy v4.0.1 U (http://www.xmlspy.com) by opec (opec) -->
<!-- type: 1:副本, 2:环任务, 3:日常任务, 4:运营活动 5:Vip活动...
	lvl：推荐等级，面板显示下五级的活动及上五级的即将开放
	tran："现在就去"传送点
	times：每天推荐次数
	totalOut：输出总评价的类型和等级（类型，等级）
	teamType：推荐人数，1：单人，2：组队...
	outcome：分别为功夫豆/经验/装备/材料的输出等级
	restrict：对于type为 2:环任务,3：日常任务 为相应的任务号，对于 1:副本 为相应的关卡boss所在的房间，可用","分割
 -->
<Activities>
	<Activity id="1" name="15级环任务" lvl="15" type="2" tran="1,2242,769" times="2" totalOut="2,3" restrict="5001" teamType="1" outcome="1,3,1,3" tooltip="" desc="环任务产出大量经验，每天前2环更有双倍经验奖励！但接受环任务后取消，会清空整个大环任务，也会取消一次当天的双倍机会哦！">
		<timeStr><![CDATA[无时间限制]]></timeStr>
		<time data="1" start="0" end="24"/>
		<time data="2" start="0" end="24"/>
		<time data="3" start="0" end="24"/>
		<time data="4" start="0" end="24"/>
		<time data="5" start="0" end="24"/>
		<time data="6" start="0" end="24"/>
		<time data="0" start="0" end="24"/>
	</Activity>
	<Activity id="2" name="义之试炼崖" lvl="20" type="1" tran="28,300,461" times="1" totalOut="3,4" restrict="1091002" teamType="1" outcome="1,3,4,0" tooltip="" desc="义之试炼崖可以产出强力颜色装备，同时也会得到大量的经验。但每进一次须消耗一把“试练之钥”哦（试练之钥可点击左下角的“在线礼包”领取哦，每天3把）">
		<timeStr><![CDATA[无时间限制]]></timeStr>
		<time data="1" start="0" end="24"/>
		<time data="2" start="0" end="24"/>
		<time data="3" start="0" end="24"/>
		<time data="4" start="0" end="24"/>
		<time data="5" start="0" end="24"/>
		<time data="6" start="0" end="24"/>
		<time data="0" start="0" end="24"/>
	</Activity>
	<Activity id="3" name="22级环任务" lvl="22" type="2" tran="1,2242,769" times="2" totalOut="2,4" restrict="5002" teamType="1" outcome="1,4,1,4" tooltip="" desc="环任务产出大量的升级经验，每天前2环可获得双倍经验奖励哦，还有大量的材料奖励！">
		<timeStr><![CDATA[无时间限制]]></timeStr>
		<time data="1" start="0" end="24"/>
		<time data="2" start="0" end="24"/>
		<time data="3" start="0" end="24"/>
		<time data="4" start="0" end="24"/>
		<time data="5" start="0" end="24"/>
		<time data="6" start="0" end="24"/>
		<time data="0" start="0" end="24"/>
	</Activity>
	<Activity id="4" name="紫人堂" lvl="25" type="1" tran="35,1119,338" times="1" totalOut="4,4" restrict="1092901" teamType="1" outcome="1,3,1,4" tooltip="" desc="在推荐时间范围内，通过紫人堂，就能够获得丰富经验，以及宝贵的强化材料哦！">
		<timeStr><![CDATA[周一至周日的12:00~15:00,19:00~21:00]]></timeStr>
		<time data="0" start="12" end="15"/>
		<time data="0" start="19" end="21"/>
		<time data="1" start="12" end="15"/>
		<time data="1" start="19" end="21"/>
		<time data="2" start="12" end="15"/>
		<time data="2" start="19" end="21"/>
		<time data="3" start="12" end="15"/>
		<time data="3" start="19" end="21"/>
		<time data="4" start="12" end="15"/>
		<time data="4" start="19" end="21"/>
		<time data="5" start="12" end="15"/>
		<time data="5" start="19" end="21"/>
		<time data="6" start="12" end="15"/>
		<time data="6" start="19" end="21"/>
	</Activity>
	<Activity id="5" name="仁之试炼崖" lvl="26" type="1" tran="28,809,473" times="1" totalOut="3,4" restrict="1091401" teamType="1" outcome="1,4,5,0" tooltip="" desc="仁之试炼崖可以产出强力颜色装备，同时也会得到大量的经验。但每进一次须消耗一把“试练之钥”哦（试练之钥可点击左下角的“在线礼包”领取哦，每天3把）">
		<timeStr><![CDATA[无时间限制]]></timeStr>
		<time data="1" start="0" end="24"/>
		<time data="2" start="0" end="24"/>
		<time data="3" start="0" end="24"/>
		<time data="4" start="0" end="24"/>
		<time data="5" start="0" end="24"/>
		<time data="6" start="0" end="24"/>
		<time data="0" start="0" end="24"/>
	</Activity>
	<Activity id="6" name="红人堂" lvl="28" type="1" tran="35,173,393" times="1" totalOut="4,4" restrict="1092701" teamType="1" outcome="1,3,0,5" tooltip="" desc="在推荐时间范围内，通过红人堂，就能够获得丰富经验，以及宝贵的强化材料哦！">
		<timeStr><![CDATA[周一至周日的12:00~15:00,19:00~21:00]]></timeStr>
		<time data="0" start="12" end="15"/>
		<time data="0" start="19" end="21"/>
		<time data="1" start="12" end="15"/>
		<time data="1" start="19" end="21"/>
		<time data="2" start="12" end="15"/>
		<time data="2" start="19" end="21"/>
		<time data="3" start="12" end="15"/>
		<time data="3" start="19" end="21"/>
		<time data="4" start="12" end="15"/>
		<time data="4" start="19" end="21"/>
		<time data="5" start="12" end="15"/>
		<time data="5" start="19" end="21"/>
		<time data="6" start="12" end="15"/>
		<time data="6" start="19" end="21"/>
	</Activity>
	<Activity id="7" name="30级日常任务" lvl="30" type="1" tran="1,2242,769" times="1" totalOut="2,5" restrict="8000" teamType="1" outcome="5,5,0,0" tooltip="" desc="每天限一次30级日常任务，轻松获得巨量经验金钱奖励！">
		<timeStr><![CDATA[无时间限制]]></timeStr>
		<time data="1" start="0" end="24"/>
		<time data="2" start="0" end="24"/>
		<time data="3" start="0" end="24"/>
		<time data="4" start="0" end="24"/>
		<time data="5" start="0" end="24"/>
		<time data="6" start="0" end="24"/>
		<time data="0" start="0" end="24"/>
	</Activity>
	<Activity id="8" name="智之试炼崖" lvl="30" type="1" tran="28,868,250" times="1" totalOut="4,4" restrict="1092101" teamType="1" outcome="1,4,1,5" tooltip="" desc="智之试炼崖可以产出强力颜色装备，同时也会得到大量的经验。但每进一次须消耗一把“试练之钥”哦（试练之钥可点击左下角的“在线礼包”领取哦，每天3把）">
		<timeStr><![CDATA[无时间限制]]></timeStr>
		<time data="1" start="0" end="24"/>
		<time data="2" start="0" end="24"/>
		<time data="3" start="0" end="24"/>
		<time data="4" start="0" end="24"/>
		<time data="5" start="0" end="24"/>
		<time data="6" start="0" end="24"/>
		<time data="0" start="0" end="24"/>
	</Activity>
	<Activity id="11" name="古墓密室 " lvl="32" type="1" tran="36,442,285" times="1" totalOut="4,5" restrict="1093301" teamType="1" outcome="1,3,1,4" tooltip="" desc="危险的僵尸石人，它们的生存时间只有30秒，别被撞上了，它们自爆的威力非常巨大！">
		<timeStr><![CDATA[周一至周日的12:00~15:00,19:00~21:00]]></timeStr>
		<time data="0" start="12" end="15"/>
		<time data="0" start="19" end="21"/>
		<time data="1" start="12" end="15"/>
		<time data="1" start="19" end="21"/>
		<time data="2" start="12" end="15"/>
		<time data="2" start="19" end="21"/>
		<time data="3" start="12" end="15"/>
		<time data="3" start="19" end="21"/>
		<time data="4" start="12" end="15"/>
		<time data="4" start="19" end="21"/>
		<time data="5" start="12" end="15"/>
		<time data="5" start="19" end="21"/>
		<time data="6" start="12" end="15"/>
		<time data="6" start="19" end="21"/>
	</Activity>
	<Activity id="12" name="古墓机关阵" lvl="35" type="1" tran="37,241,240" times="1" totalOut="4,5" restrict="1093401" teamType="1" outcome="1,3,1,4" tooltip="" desc="记住提示机关的位置，只有正确触发机关10次才能拿到宝箱哦！">
		<timeStr><![CDATA[周一至周日的12:00~15:00,19:00~21:00]]></timeStr>
		<time data="0" start="12" end="15"/>
		<time data="0" start="19" end="21"/>
		<time data="1" start="12" end="15"/>
		<time data="1" start="19" end="21"/>
		<time data="2" start="12" end="15"/>
		<time data="2" start="19" end="21"/>
		<time data="3" start="12" end="15"/>
		<time data="3" start="19" end="21"/>
		<time data="4" start="12" end="15"/>
		<time data="4" start="19" end="21"/>
		<time data="5" start="12" end="15"/>
		<time data="5" start="19" end="21"/>
		<time data="6" start="12" end="15"/>
		<time data="6" start="19" end="21"/>
	</Activity>
	<Activity id="13" name="傀儡师最终战" lvl="38" type="1" tran="35,742,400" times="1" totalOut="4,5" restrict="1093001" teamType="1" outcome="1,3,1,4" tooltip="" desc="神秘而诡异的镜子，契合令人牙酸的木偶关节声，没有定力的话可不要轻易来挑战。">
		<timeStr><![CDATA[周一至周日的12:00~15:00,19:00~21:00]]></timeStr>
		<time data="0" start="12" end="15"/>
		<time data="0" start="19" end="21"/>
		<time data="1" start="12" end="15"/>
		<time data="1" start="19" end="21"/>
		<time data="2" start="12" end="15"/>
		<time data="2" start="19" end="21"/>
		<time data="3" start="12" end="15"/>
		<time data="3" start="19" end="21"/>
		<time data="4" start="12" end="15"/>
		<time data="4" start="19" end="21"/>
		<time data="5" start="12" end="15"/>
		<time data="5" start="19" end="21"/>
		<time data="6" start="12" end="15"/>
		<time data="6" start="19" end="21"/>
	</Activity>
	<Activity id="14" name="桃之夭夭" lvl="40" type="1" tran="5,550,400" times="1" totalOut="4,5" restrict="1092501" teamType="1" outcome="1,3,1,4" tooltip="" desc="复仇的桃之妖妖，妄图救出南瓜怪人？——战斗在药师后花园！">
		<timeStr><![CDATA[周一至周日的12:00~15:00,19:00~21:00]]></timeStr>
		<time data="0" start="12" end="15"/>
		<time data="0" start="19" end="21"/>
		<time data="1" start="12" end="15"/>
		<time data="1" start="19" end="21"/>
		<time data="2" start="12" end="15"/>
		<time data="2" start="19" end="21"/>
		<time data="3" start="12" end="15"/>
		<time data="3" start="19" end="21"/>
		<time data="4" start="12" end="15"/>
		<time data="4" start="19" end="21"/>
		<time data="5" start="12" end="15"/>
		<time data="5" start="19" end="21"/>
		<time data="6" start="12" end="15"/>
		<time data="6" start="19" end="21"/>
	</Activity>
	<Activity id="15" name="蓝人堂" lvl="45" type="1" tran="35,406,357" times="1" totalOut="4,5" restrict="1092801" teamType="1" outcome="1,3,1,4" tooltip="" desc="锯齿？钉刺？这才刚刚开始呢！">
		<timeStr><![CDATA[周一至周日的12:00~15:00,19:00~21:00]]></timeStr>
		<time data="0" start="12" end="15"/>
		<time data="0" start="19" end="21"/>
		<time data="1" start="12" end="15"/>
		<time data="1" start="19" end="21"/>
		<time data="2" start="12" end="15"/>
		<time data="2" start="19" end="21"/>
		<time data="3" start="12" end="15"/>
		<time data="3" start="19" end="21"/>
		<time data="4" start="12" end="15"/>
		<time data="4" start="19" end="21"/>
		<time data="5" start="12" end="15"/>
		<time data="5" start="19" end="21"/>
		<time data="6" start="12" end="15"/>
		<time data="6" start="19" end="21"/>
	</Activity>
	<Activity id="16" name="金人堂" lvl="48" type="1" tran="35,670,390" times="1" totalOut="4,5" restrict="1093001" teamType="1" outcome="1,3,1,4" tooltip="" desc="神秘而诡异的镜子，契合令人牙酸的木偶关节声，没有定力的话可不要轻易来挑战。">
		<timeStr><![CDATA[周一至周日的12:00~15:00,19:00~21:00]]></timeStr>
		<time data="0" start="12" end="15"/>
		<time data="0" start="19" end="21"/>
		<time data="1" start="12" end="15"/>
		<time data="1" start="19" end="21"/>
		<time data="2" start="12" end="15"/>
		<time data="2" start="19" end="21"/>
		<time data="3" start="12" end="15"/>
		<time data="3" start="19" end="21"/>
		<time data="4" start="12" end="15"/>
		<time data="4" start="19" end="21"/>
		<time data="5" start="12" end="15"/>
		<time data="5" start="19" end="21"/>
		<time data="6" start="12" end="15"/>
		<time data="6" start="19" end="21"/>
	</Activity>
	<Activity id="17" name="彩人堂" lvl="50" type="1" tran="35,1253,459" times="1" totalOut="4,5" restrict="1093201" teamType="1" outcome="1,3,1,4" tooltip="" desc="认准文字，触发机关，别被颜色给误导咯！">
		<timeStr><![CDATA[周一至周日的12:00~15:00,19:00~21:00]]></timeStr>
		<time data="0" start="12" end="15"/>
		<time data="0" start="19" end="21"/>
		<time data="1" start="12" end="15"/>
		<time data="1" start="19" end="21"/>
		<time data="2" start="12" end="15"/>
		<time data="2" start="19" end="21"/>
		<time data="3" start="12" end="15"/>
		<time data="3" start="19" end="21"/>
		<time data="4" start="12" end="15"/>
		<time data="4" start="19" end="21"/>
		<time data="5" start="12" end="15"/>
		<time data="5" start="19" end="21"/>
		<time data="6" start="12" end="15"/>
		<time data="6" start="19" end="21"/>
	</Activity>
	<Activity id="18" name="风云令牌第4章信" lvl="50" type="1" tran="28,261,236" times="1" totalOut="3,5" restrict="1091801" teamType="1" outcome="1,3,5,1" tooltip="">
		<timeStr><![CDATA[无限制]]></timeStr>
		<time data="1" start="0" end="24"/>
		<time data="2" start="0" end="24"/>
		<time data="3" start="0" end="24"/>
		<time data="4" start="0" end="24"/>
		<time data="5" start="0" end="24"/>
		<time data="6" start="0" end="24"/>
		<time data="0" start="0" end="24"/>
	</Activity>
	<Activity id="19" name="风云令牌第3章礼" lvl="55" type="1" tran="28,600,200" times="1" totalOut="3,5" restrict="1091601" teamType="1" outcome="1,3,5,1" tooltip="">
		<timeStr><![CDATA[无限制]]></timeStr>
		<time data="1" start="0" end="24"/>
		<time data="2" start="0" end="24"/>
		<time data="3" start="0" end="24"/>
		<time data="4" start="0" end="24"/>
		<time data="5" start="0" end="24"/>
		<time data="6" start="0" end="24"/>
		<time data="0" start="0" end="24"/>
	</Activity>
	<!--
	<Activity id="20" name="超灵侠士乐翻翻" lvl="1" type="5" tran="7,1600,540" times="" totalOut="4,4" restrict="" teamType="1" outcome="1,4,1,5" tooltip="" desc="开通超灵侠士获得乐翻翻机会，有机会获得侠士值，绝版灵兽，12级天降神炎奖励" prior="998">
		<timeStr><![CDATA[7月1日~7月14日]]></timeStr>
		<time data="1" start="0" end="24"/>
		<time data="2" start="0" end="24"/>
		<time data="3" start="0" end="24"/>
		<time data="4" start="0" end="24"/>
		<time data="5" start="0" end="24"/>
		<time data="6" start="0" end="24"/>
		<time data="0" start="0" end="24"/>
	</Activity>-->
	<Activity id="21" name="挖宝" lvl="30" type="3" tran="7,1205,635" times="" totalOut="4,4" restrict="3000,3001,3002,3003" teamType="1" outcome="1,4,1,5" tooltip="" desc="绝世宝藏分散于功夫世界的各个角落，根据藏宝图找到宝箱，绝世大礼等着你！">
		<timeStr><![CDATA[无限制]]></timeStr>
		<time data="1" start="0" end="24"/>
		<time data="2" start="0" end="24"/>
		<time data="3" start="0" end="24"/>
		<time data="4" start="0" end="24"/>
		<time data="5" start="0" end="24"/>
		<time data="6" start="0" end="24"/>
		<time data="0" start="0" end="24"/>
	</Activity>
	<!--
	<Activity id="22" name="高级试炼之路" lvl="30" type="4" tran="1,1716,785" times="" totalOut="4,4" restrict="" teamType="1" outcome="1,4,1,5" tooltip="" desc="高级试炼之路，有机会获得新灵兽笑天犬和金龙珠" prior="999">
		<timeStr><![CDATA[8月5日~8月18日]]></timeStr>
		<time data="1" start="0" end="24"/>
		<time data="2" start="0" end="24"/>
		<time data="3" start="0" end="24"/>
		<time data="4" start="0" end="24"/>
		<time data="5" start="0" end="24"/>
		<time data="6" start="0" end="24"/>
		<time data="0" start="0" end="24"/>
	</Activity>-->
		<Activity id="23" name="青龙许愿" lvl="1" type="4" tran="2,1397,370" times="" totalOut="4,4" restrict="" teamType="1" outcome="1,4,1,5" tooltip="" desc="集齐金木水火土五颗龙珠，找武圣爷爷即可召唤出青龙满足愿望">
		<timeStr><![CDATA[7月29日~12月22日]]></timeStr>
		<time data="1" start="0" end="24"/>
		<time data="2" start="0" end="24"/>
		<time data="3" start="0" end="24"/>
		<time data="4" start="0" end="24"/>
		<time data="5" start="0" end="24"/>
		<time data="6" start="0" end="24"/>
		<time data="0" start="0" end="24"/>
	</Activity>
	<!--
	<Activity id="23" name="功夫派周年庆" lvl="1" type="4" tran="7,1476,578" times="" totalOut="4,4" restrict="" teamType="1" outcome="1,4,1,5" tooltip="" desc="找青龙许周年庆愿望，找陆半仙寻宝藏，去每日宝箱拿奖励，每天登陆有机会抽米币" prior="999">
		<timeStr><![CDATA[8月12日~8月25日]]></timeStr>
		<time data="1" start="0" end="24"/>
		<time data="2" start="0" end="24"/>
		<time data="3" start="0" end="24"/>
		<time data="4" start="0" end="24"/>
		<time data="5" start="0" end="24"/>
		<time data="6" start="0" end="24"/>
		<time data="0" start="0" end="24"/>
	</Activity> 
	 -->
	<Activity id="24" name="75级主线任务" lvl="75" type="4" tran="53,1046,670" times="1" totalOut="3,5" restrict="76" teamType="1" outcome="5,5,0,0" tooltip="" desc="最新75级主线任务，祭天大典！(75的侠士接取)">
		<timeStr><![CDATA[无时间限制]]></timeStr>
		<time data="1" start="0" end="24"/>
		<time data="2" start="0" end="24"/>
		<time data="3" start="0" end="24"/>
		<time data="4" start="0" end="24"/>
		<time data="5" start="0" end="24"/>
		<time data="6" start="0" end="24"/>
		<time data="0" start="0" end="24"/>
	</Activity>

	<!--<Activity id="25" name="虎丘林新难度" lvl="30" type="1" tran="15,183,1084" times="1" totalOut="3,5" restrict="1001508" teamType="1" outcome="5,5,0,0" tooltip="" desc="虎丘林英雄、史诗难度开启，新玩法新挑战！" prior="999">
		<timeStr><![CDATA[无时间限制]]></timeStr>
		<time data="1" start="0" end="24"/>
		<time data="2" start="0" end="24"/>
		<time data="3" start="0" end="24"/>
		<time data="4" start="0" end="24"/>
		<time data="5" start="0" end="24"/>
		<time data="6" start="0" end="24"/>
		<time data="0" start="0" end="24"/>
	</Activity>
	<Activity id="26" name="灵兽精魄孵化" lvl="1" type="4" tran="app,DailySignPanel"  times="1" totalOut="4,4" teamType="1" outcome="0,0,0,0" tooltip="" desc="茂密森林中发现蛋形精魄，快去孵化属于你的灵兽吧！截止时间9月22日" prior="999">
		<timeStr><![CDATA[周一至周日的12:00~14:00,18:00~20:00]]></timeStr>
		<time data="0" start="12" end="14"/>
		<time data="0" start="18" end="20"/>
		<time data="1" start="12" end="14"/>
		<time data="1" start="18" end="20"/>
		<time data="2" start="12" end="14"/>
		<time data="2" start="18" end="20"/>
		<time data="3" start="12" end="14"/>
		<time data="3" start="18" end="20"/>
		<time data="4" start="12" end="14"/>
		<time data="4" start="18" end="20"/>
		<time data="5" start="12" end="14"/>
		<time data="5" start="18" end="20"/>
		<time data="6" start="12" end="14"/>
		<time data="6" start="18" end="20"/>
	</Activity>-->
	<Activity id="27" name="陆半仙宝库限时抢" lvl="1" type="4" tran="7,1636,509" times="1" totalOut="4,4"  teamType="1" outcome="0,0,0,0" tooltip="" desc="陆半仙宝库稀有材料灵兽卷轴限时疯狂抢！" prior="999">
		<timeStr><![CDATA[1月7日~1月8日14点开始]]></timeStr>
		<time data="6" start="14" end="22"/>
		<time data="0" start="14" end="22"/>
	</Activity>

	<Activity id="28" name="智能关卡鸣沙山脉" lvl="70" type="1" tran="53,835,230" times="1" totalOut="3,5" restrict="1005107" teamType="1" outcome="5,5,0,0" tooltip="" desc="最新智能关卡鸣沙山脉，上古战场的剧毒源头！" prior="999">
		<timeStr><![CDATA[无时间限制]]></timeStr>
		<time data="1" start="0" end="24"/>
		<time data="2" start="0" end="24"/>
		<time data="3" start="0" end="24"/>
		<time data="4" start="0" end="24"/>
		<time data="5" start="0" end="24"/>
		<time data="6" start="0" end="24"/>
		<time data="0" start="0" end="24"/>
	</Activity>
	<Activity id="51" name="智能关卡花园迷宫" lvl="70" type="1" tran="54,416,450" times="1" totalOut="3,5" restrict="1005107" teamType="1" outcome="5,5,0,0" tooltip="" desc="最新智能关卡花园迷宫，是海市蜃楼还是沙漠绿洲？" prior="999">
		<timeStr><![CDATA[无时间限制]]></timeStr>
		<time data="1" start="0" end="24"/>
		<time data="2" start="0" end="24"/>
		<time data="3" start="0" end="24"/>
		<time data="4" start="0" end="24"/>
		<time data="5" start="0" end="24"/>
		<time data="6" start="0" end="24"/>
		<time data="0" start="0" end="24"/>
	</Activity>
	<Activity id="52" name="智能关卡无根之泉" lvl="75" type="1" tran="54,1967,383" times="1" totalOut="3,5" restrict="1005107" teamType="1" outcome="5,5,0,0" tooltip="" desc="最新智能关卡无根之泉，水从何处而来？！" prior="999">
		<timeStr><![CDATA[无时间限制]]></timeStr>
		<time data="1" start="0" end="24"/>
		<time data="2" start="0" end="24"/>
		<time data="3" start="0" end="24"/>
		<time data="4" start="0" end="24"/>
		<time data="5" start="0" end="24"/>
		<time data="6" start="0" end="24"/>
		<time data="0" start="0" end="24"/>
	</Activity>
	<!--	
	<Activity id="29" name="副职铁匠登场" lvl="20" type="3" tran="11,584,454" times="1" totalOut="2,4" restrict="1718" teamType="1" outcome="0,0,0,0" tooltip="" desc="武器大师熊震开门招徒，走过路过不要错过！" prior="999">
		<timeStr><![CDATA[无时间限制]]></timeStr>
		<time data="1" start="0" end="24"/>
		<time data="2" start="0" end="24"/>
		<time data="3" start="0" end="24"/>
		<time data="4" start="0" end="24"/>
		<time data="5" start="0" end="24"/>
		<time data="6" start="0" end="24"/>
		<time data="0" start="0" end="24"/>
	</Activity>	
	
		<Activity id="30" name="中秋侠士5倍经验" lvl="1" type="4" times="" totalOut="4,4" restrict="" teamType="1" outcome="0,5,0,0" tooltip="" desc="庆中秋练级翻翻翻，中秋3天带着你的灵兽一起升级吧！" prior="999">
		<timeStr><![CDATA[9月10日~9月12日13：00～14:00 20:00~21:00]]></timeStr>
		<time data="1" start="0" end="24"/>
		<time data="6" start="0" end="24"/>
		<time data="0" start="0" end="24"/>
	</Activity>	
	<Activity id="31" name="月饼月兔变变变" lvl="10" type="4" tran="5,600,400" times="1" totalOut="2,4" restrict="" teamType="1" outcome="0,0,0,0" tooltip="" desc="副职药师做月饼，月饼月兔变变变！" prior="999">
		<timeStr><![CDATA[9月9日~9月15日]]></timeStr>
		<time data="1" start="0" end="24"/>
		<time data="2" start="0" end="24"/>
		<time data="3" start="0" end="24"/>
		<time data="4" start="0" end="24"/>
		<time data="5" start="0" end="24"/>
		<time data="6" start="0" end="24"/>
		<time data="0" start="0" end="24"/>
	</Activity>		
	<Activity id="32" name="回梦幻阵穿越时空 " lvl="15" type="4" tran="2,1511,386" times="" totalOut="3,5" restrict="1719" teamType="1" outcome="5,5,0,0" tooltip="" desc="中部宝藏，回梦幻阵，决战拉开序幕！" prior="999">
		<timeStr><![CDATA[9月30日~10月13日]]></timeStr>
		<time data="1" start="0" end="24"/>
		<time data="2" start="0" end="24"/>
		<time data="3" start="0" end="24"/>
		<time data="4" start="0" end="24"/>
		<time data="5" start="0" end="24"/>
		<time data="6" start="0" end="24"/>
		<time data="0" start="0" end="24"/>
	</Activity>
	<Activity id="33" name="智能关卡深海之眼" lvl="52" type="1" tran="32,1660,1300" times="1" totalOut="3,5" restrict="1004102" teamType="1" outcome="5,5,0,0" tooltip="" desc="深海之眼英雄、史诗难度开启，新玩法新挑战！" prior="999">
		<timeStr><![CDATA[无时间限制]]></timeStr>
		<time data="1" start="0" end="24"/>
		<time data="2" start="0" end="24"/>
		<time data="3" start="0" end="24"/>
		<time data="4" start="0" end="24"/>
		<time data="5" start="0" end="24"/>
		<time data="6" start="0" end="24"/>
		<time data="0" start="0" end="24"/>
	</Activity>
	<Activity id="34" name="伏魔阵法开启" lvl="" type="3" tran="" times="1" totalOut="2,4" restrict="" teamType="1" outcome="0,5,0,0" tooltip="" desc="伏魔阵离线挂机，侠士灵兽升级必备！" prior="999">
		<timeStr><![CDATA[无时间限制]]></timeStr>
		<time data="1" start="0" end="24"/>
		<time data="2" start="0" end="24"/>
		<time data="3" start="0" end="24"/>
		<time data="4" start="0" end="24"/>
		<time data="5" start="0" end="24"/>
		<time data="6" start="0" end="24"/>
		<time data="0" start="0" end="24"/>
	</Activity>	
	<Activity id="35" name="楼兰杯侠士团挑战赛" lvl="30" type="4" tran="41,2300,369"  times="1" totalOut="4,4"  teamType="2" outcome="0,0,0,0" tooltip="" desc="侠士团全团出击！神秘宝藏等你拿！" prior="999">
		<timeStr><![CDATA[10月22日~10月23日13~15点]]></timeStr>
		<time data="6" start="13" end="15"/>
		<time data="0" start="13" end="15"/>
	</Activity>	

	<Activity id="36" name="天下第一比武大会" lvl="1" type="4" tran="38,720,236" times="1" totalOut="4,4"  teamType="1" outcome="0,0,0,0" tooltip="" desc="究竟谁是强者，天下第一比武大会等你挑战！" prior="999">
		<timeStr><![CDATA[11月25日~12月4日13~15点]]></timeStr>
		<time data="1" start="13" end="15"/>
		<time data="2" start="13" end="15"/>
		<time data="3" start="13" end="15"/>
		<time data="4" start="13" end="15"/>
		<time data="5" start="13" end="15"/>
		<time data="6" start="13" end="15"/>
		<time data="0" start="13" end="15"/>
	</Activity>
		-->	
	<Activity id="37" name="真假武圣爷爷" lvl="35" type="4" tran="2,1480,390" times="1" totalOut="4,4"  teamType="1" outcome="0,0,0,0" tooltip="" desc="武圣爷爷孰真孰假？试炼挑战继续升级！" prior="999">
		<timeStr><![CDATA[每周周五~周日]]></timeStr>
		<time data="5" start="0" end="24"/>
		<time data="6" start="0" end="24"/>
		<time data="0" start="0" end="24"/>
	</Activity>	
	<!--
	<Activity id="38" name="智力大比拼" lvl="1" type="4" tran="1,1880,890" times="1" totalOut="4,4"  teamType="1" outcome="0,0,0,0" tooltip="" desc="智破文曲星迷局，勇夺上古菊石灵兽！" prior="999">
		<timeStr><![CDATA[12月16日 20：00  12月17日和12月18日 13：00 14：00 20：00]]></timeStr>
		<time data="5" start="20" end="21"/>
		<time data="6" start="13" end="14"/>
		<time data="6" start="20" end="21"/>
		<time data="0" start="13" end="14"/>
		<time data="0" start="20" end="21"/>
	</Activity>	

	<Activity id="39" name="万圣杯携带灵兽对抗赛" lvl="30" type="4" tran="41,2380,450" times="1" totalOut="4,4"  teamType="1" outcome="0,0,0,0" tooltip="" desc="携带灵兽对战，智取万圣灵石！" prior="999">
		<timeStr><![CDATA[10月28日日19：00～21：00、10月29日～10月30日13：00～15：00]]></timeStr>
		<time data="6" start="13" end="14"/>
		<time data="6" start="19" end="20"/>
		<time data="0" start="13" end="14"/>
		<time data="0" start="19" end="20"/>
	</Activity>	
	<Activity id="40" name="功夫家园不速之客" lvl="20" type="4" tran="changeMiniHome" times="1" totalOut="2,4" restrict="" teamType="1" outcome="0,5,0,0" tooltip="" desc="西部灵兽痴迷者席卷而来，功夫家园告急！" prior="999">
		<timeStr><![CDATA[无时间限制]]></timeStr>
		<time data="1" start="0" end="24"/>
		<time data="2" start="0" end="24"/>
		<time data="3" start="0" end="24"/>
		<time data="4" start="0" end="24"/>
		<time data="5" start="0" end="24"/>
		<time data="6" start="0" end="24"/>
		<time data="0" start="0" end="24"/>
	</Activity>		
	<Activity id="41" name="超时空守卫战" lvl="10" type="4" tran="41,927,423" times="1" totalOut="4,4"  teamType="1" outcome="0,0,0,0" tooltip="" desc="抗击黑暗军团，超时空守卫功夫城！" prior="999">
		<timeStr><![CDATA[11月4日的19:00-20:00 11月5~6日的14:00-15:00]]></timeStr>
		<time data="5" start="19" end="20"/>
		<time data="6" start="14" end="15"/>
		<time data="0" start="14" end="15"/>
	</Activity>	
	-->	
	<Activity id="42" name="侠士进阶大侠风范" lvl="50" type="4" tran="2,1180,320" times="1" totalOut="2,4" restrict="" teamType="1" outcome="0,5,0,0" tooltip="" desc="全新技能、进阶灵兽更多特权等你来享！" prior="999">
		<timeStr><![CDATA[无时间限制]]></timeStr>
		<time data="1" start="0" end="24"/>
		<time data="2" start="0" end="24"/>
		<time data="3" start="0" end="24"/>
		<time data="4" start="0" end="24"/>
		<time data="5" start="0" end="24"/>
		<time data="6" start="0" end="24"/>
		<time data="0" start="0" end="24"/>
	</Activity>
<!--  
	<Activity id="43" name="史诗大寻宝" lvl="1" type="4" tran="7,1636,509" times="1" totalOut="4,4"  teamType="1" outcome="0,0,0,0" tooltip="" desc="挑战史诗副本，兑换进阶礼包" prior="999">
		<timeStr><![CDATA[12月2日~12月4日]]></timeStr>
		<time data="5" start="0" end="24"/>
		<time data="6" start="0" end="24"/>
		<time data="0" start="0" end="24"/>
	</Activity>	

	<Activity id="44" name="导师团集结号" lvl="1" type="4" tran="2,1144,502" times="1" totalOut="2,4" restrict="" teamType="1" outcome="0,5,0,0" tooltip="" desc="进阶侠士导师团，带新人拿奖励！" prior="999">
		<timeStr><![CDATA[无时间限制]]></timeStr>
		<time data="1" start="0" end="24"/>
		<time data="2" start="0" end="24"/>
		<time data="3" start="0" end="24"/>
		<time data="4" start="0" end="24"/>
		<time data="5" start="0" end="24"/>
		<time data="6" start="0" end="24"/>
		<time data="0" start="0" end="24"/>
	</Activity>	
	<Activity id="45" name="冰雪狂欢节" lvl="1" type="4" tran="7,1636,509" times="1" totalOut="4,4"  teamType="1" outcome="0,0,0,0" tooltip="" desc="冰雪狂欢节，大奖周周送！" prior="999">
		<timeStr><![CDATA[12月3日~1月5日]]></timeStr>
		<time data="6" start="0" end="24"/>
		<time data="0" start="0" end="24"/>
	</Activity>	  
	<Activity id="46" name="上古仪式" lvl="30" type="4" tran="53,1279,677" times="1" totalOut="4,4"  teamType="1" outcome="0,0,0,0" tooltip="" desc="上古仪式，大侠之路！" prior="999">
		<timeStr><![CDATA[12月17日~12月18日13~15点，12月16日~12月18日19~21点 ]]></timeStr>
		<time data="5" start="19" end="21"/>
		<time data="6" start="13" end="15"/>
		<time data="6" start="19" end="21"/>
		<time data="0" start="13" end="15"/>
		<time data="0" start="19" end="21"/>
	</Activity>	

	<Activity id="47" name="麋鹿的考验" lvl="1" type="4" tran="6,950,800" times="1" totalOut="4,4"  teamType="1" outcome="0,0,0,0" tooltip="" desc="麋鹿的考验，空礼物盒换奖励！" prior="999">
		<timeStr><![CDATA[无时间限制]]></timeStr>
		<time data="1" start="0" end="24"/>
		<time data="2" start="0" end="24"/>
		<time data="3" start="0" end="24"/>
		<time data="4" start="0" end="24"/>
		<time data="5" start="0" end="24"/>
		<time data="6" start="0" end="24"/>
		<time data="0" start="0" end="24"/>
	</Activity>	
	-->		
	<Activity id="48" name="圣蛋圆蛋欢乐场" lvl="1" type="4" tran="1,1075,761" times="1" totalOut="4,4"  teamType="2" outcome="0,0,0,0" tooltip="" desc="击败圣蛋得铃铛，节日灵兽等你拿！" prior="999">
		<timeStr><![CDATA[1月7日~1月8日13~15点]]></timeStr>
		<time data="6" start="13" end="15"/>
		<time data="0" start="13" end="15"/>
			</Activity>	
	<Activity id="49" name="烟花之夜" lvl="1" type="4" tran="7,1636,509" times="1" totalOut="4,4"  teamType="1" outcome="0,0,0,0" tooltip="" desc="璀璨的烟花点亮功夫城的夜空！" prior="999">
		<timeStr><![CDATA[无时间限制]]></timeStr>
		<time data="1" start="0" end="24"/>
		<time data="2" start="0" end="24"/>
		<time data="3" start="0" end="24"/>
		<time data="4" start="0" end="24"/>
		<time data="5" start="0" end="24"/>
		<time data="6" start="0" end="24"/>
		<time data="0" start="0" end="24"/>
	</Activity>	
	<Activity id="50" name="送财童子送红包" lvl="1" type="4" tran="7,990,580" times="1" totalOut="4,4"  teamType="1" outcome="0,0,0,0" tooltip="" desc="送财童子送红包，红包兑换超值大奖！" prior="999">
		<timeStr><![CDATA[无时间限制]]></timeStr>
		<time data="1" start="0" end="24"/>
		<time data="2" start="0" end="24"/>
		<time data="3" start="0" end="24"/>
		<time data="4" start="0" end="24"/>
		<time data="5" start="0" end="24"/>
		<time data="6" start="0" end="24"/>
		<time data="0" start="0" end="24"/>
	</Activity>		
</Activities>
