<root>
	<step id="1" needPeople="1">
		<award cash="5000" exp="5000">
			<item id = "1500275" num="2"></item>
			<item id = "1500902" num="5"></item>
		</award>
	</step>
	<step id="2" needPeople="5">
		<award cash="10000" exp="15000">
			<item id = "1500274" num="2"></item>
			<item id = "1500902" num="5"></item>
		</award>
	</step>
	<step id="3" needPeople="10">
		<award cash="30000" exp="50000">
			<item id = "1500276" num="2"></item>
			<item id = "1500902" num="5"></item>
			<equipt id = "1100047"></equipt>
		</award>
	</step>
	<step id="4" needPeople="20">
		<award cash="70000" exp="100000">
			<item id = "1500903" num="5"></item>
			<item id = "1540909" num="1"></item>
			<equipt id = "1100048"></equipt>
		</award>
	</step>
	<step id="5" needPeople="30">
		<award cash="150000" exp="500000">
			<item id = "1500903" num="5"></item>
			<item id = "1540909" num="2"></item>
			<equipt id = "1100049"></equipt>
		</award>
	</step>
</root>