<!-- edited with XML Spy v4.0.1 U (http://www.xmlspy.com) by opec (opec) -->
<root>
	<fall id="1" item="" description="铁王钢特,在旧版铁人中装入了能量核心，据说会使用厉害的技能和招数。" roleType="13003" skillID="4120004"/>
	<fall id="2" item="" description="胡图，残暴的个性使得所有人都对他敬而远之，阴暗的避水洞穴也就成了他最终的归宿。" roleType="13016" skillID="4120080"/>
	<fall id="4" item="" description="巴鲁，一气学院的中级老师，在试炼之路设下重重机关考验你，打败他之前可是不够实力去到学院以外的地方哦！" roleType="13008" skillID="4120005"/>
	<fall id="5" item="" description="正无，本是矿山镇的镇长，但是被乔伊留下的一股邪恶力量控制，最后沦为强盗首领。" roleType="13009" skillID="4120008"/>
	<fall id="6" item="" description="瑞雄，利齿军团中的力士，力大无穷的变异熊人，被乔伊留下阻碍一气学院高手的追逐。" roleType="13004" skillID="4120010"/>
	<fall id="7" item="" description="赤峰，艾尔大陆有名的强盗团伙“旋风团”的先锋队长，负责占领野猪林，欲对功夫城不利。" roleType="13005" skillID="4120011"/>
	<fall id="8" item="" description="南阳，毒辣的强盗首领，有名的恶棍，在野猪林后山安营扎寨，是“旋风团”中小有名气的头目。" roleType="13006" skillID="4120023"/>
	<fall id="9" item="" description="脊旋，恐怖的“旋风团”幕后主人，谁也没有想到他们的首领居然是一只占领了虫眠墓穴的巨型天牛。" roleType="13007" skillID="4035001"/>
	<fall id="10" item="" description="哈珀，埋伏在功夫城西的地下水道，四处打听谜之琥珀的消息，借机抢夺财物，手段相当残忍，但善于伪装。" roleType="13010" skillID="4120024"/>
	<fall id="11" item="" description="甲刺，常年居住在阴气缭绕的暗影之森，与无数的邪恶生物为伍，不仅防御超强，进攻能力也毫不逊色。" roleType="13011" skillID="4120019"/>
	<fall id="12" item="" description="石影巫，萃取暗影石中精华而长成的元素生物，庞大的身体迥异于奇异隧道内的其他怪物，非常难缠。" roleType="13022" skillID="4120021"/>
	<fall id="13" item="" description="虎奔，虎丘入口处的护卫首领，在通往虎庙的路上聚集了大量的卫兵势力，对擅自来犯者会不遗余力地进行反击。" roleType="13013" skillID="4020005"/>
	<fall id="14" item="" description="摩伊，虎庙的主人，有着浓烈的宗族情结，一身幻影绝技极难识破，对于义弟灭昆的失败一直耿耿于怀。" roleType="13014" skillID="4020004"/>
	<fall id="15" item="" description="戈隆，虎丘最神秘力量的领袖，阴冷而且独断，在他身上人们能够领会到更强的压迫感以及更深层次的恐惧。" roleType="13015" skillID="4020004"/>
	<fall id="16" item="" description="凯门，可能是所有敌人中腕力最强的一个，他总是与比他弱许多的怪物为伍，或许这更容易巩固他的统治地位。" roleType="13024" skillID="4120032"/>
	<fall id="17" item="" description="沙克，千年的树精，见证了奇面族的历史变迁，擅长蛊惑奇面一族，使他们为之效力。" roleType="13017" skillID="4120037"/>
	<fall id="18" item="" description="尼斯，好斗的恶棍，长期生活在倚天塔，体格魁梧却善使小型武器。" roleType="13018" skillID="4020004"/>
	<fall id="19" item="" description="鹰啸，所有有关鹰啸的描述都模棱两可，有人认为他具备双重性格，时而暴戾如火，时而平静如水。" roleType="13019" skillID="4020004"/>
	<fall id="20" item="" description="浮屠，非常偏执，熟悉艾尔大陆混沌之初的模样，跨越千年的思考使他偏离本位，成为令人畏惧的存在。" roleType="13020" skillID="4020004"/>
	<fall id="21" item="" description="森冷，天生就是一个恶魔，通过某种仪式来到这个世界的他，对所有接近他的生物都心怀警惕。" roleType="13026" skillID="4020004"/>
	<fall id="22" item="" description="古鲁，加兰一族安排在铸剑池的督察官，办事严谨，很少露出破绽。" roleType="13027" skillID="4120046"/>
	<fall id="23" item="" description="希里，作为被加兰一族奴役的鱼人领袖，希里凭借着自己的外交天才在鱼人矿洞搭建了一个属于鱼人的乐园。" roleType="13028" skillID="4120047"/>
	<fall id="24" item="" description="祭潮，流亡到东部大陆的加兰领袖之一，相比自己的兄长逆水来说更为鲁莽少谋。" roleType="13029" skillID="4120045"/>
	<fall id="25" item="" description="逆水，流亡到东部大陆的加兰领袖之一，相比自己的胞弟祭潮来说更具领袖气质。" roleType="13030" skillID="4120044"/>
	<fall id="26" item="100242,200242,300242,100240,200240,300240,400127,400131" description="传音，力大无穷但似乎视力很差，闭着眼睛也能把对方打出满身窟窿，不是每个深渊修炼者都有这样的本领。" roleType="13031" skillID="4120018"/>
	<fall id="27" item="100242,200242,300242,100240,200240,300240,400127,400131" description="紫崖，一直盘踞在废弃山路的尽头，专门等待那些可怜的迷路者。" roleType="13032" skillID="4120020"/>
	<fall id="28" item="100242,200242,300242,100240,200240,300240,400127,400131" description="盲牙，从深渊中修炼得到了特殊能力，却上来占据了邪眼收藏家的洞穴，逼他们成为自己的奴仆。" roleType="13033" skillID="4020004"/>
	<fall id="29" item="100242,200242,300242,100240,200240,300240,400127,400131" description="钝爪，执着的修炼者，在修炼中走火入魔，身体逐渐萎缩，只能靠巨大的石化前臂来支撑，但力量非常恐怖！" roleType="13034" skillID="4120031"/>
	<fall id="30" item="" description="昏符，高傲的泽之国诅咒师首领，不敌出逃的黑暗恶魔，并被魔化成为邪恶势力的爪牙。" roleType="13043" skillID="4120051"/>
	<fall id="31" item="" description="怒眼，上古迷船的独眼大副，从沉睡中被恶魔的力量唤醒，原来暴躁的脾气更是变本加厉了。" roleType="13044" skillID="4020004"/>
	<fall id="32" item="" description="钢棘，上古迷船的船长，复活之后毫不理会恶魔的邀请，依然固执地留在自己的船里。" roleType="13045" skillID="4120052"/>
	<fall id="33" item="" description="骸骨魔魂， 被困在这个漩涡中已经不知道多少个年头了，只能从片段的记忆中找寻他痛苦的的过去。" roleType="13046" skillID="4020004"/>
	<fall id="34" item="100204,200204,300204,400133" description="凿齿，原是被关在水牢中的上古怪兽，被出逃的黑衣魔魔化，留下来带领他的喽罗们占据着壶口水牢。" roleType="13047" skillID="4120059"/>
	<fall id="35" item="" description="黑角，镇守囚魔堡的首领，亲眼目睹黑暗恶魔被放出，即使被魔化后也没有摆脱懊悔的情绪。" roleType="13048" skillID="4120068"/>
	<fall id="36" item="" description="赤鳍，盘踞在静谧之海的巨型海螺壳里，对他的邻居们爱答不理，成天一副冷漠的眼神。" roleType="13056" skillID="4020004"/>
	<fall id="37" item="" description="青环海蛇，当年为了逃避天敌来到海底石林，背井离乡的痛苦只有他才最清楚。" roleType="13057" skillID="4020004"/>
	<fall id="38" item="" description="巨螯，长期沉睡在长老密室深处的巨蟹，不要轻易触碰那对巨大的螯足。" roleType="13058" skillID="4020004"/>
	<fall id="39" item="" description="吞噬者，晶体采集场一霸，巨大的头和长长的鞭状尾巴，可怕的大嘴让人魂飞魄散。" roleType="13059" skillID="4120069"/>
	<fall id="40" item="" description="御电魔，受禁忌法术影响的巨型水母，柔软身体蕴含这巨大能量，最擅长水中突袭了。" roleType="13060" skillID="4120070"/>
	<fall id="41" item="" description="闪光之牙，偷学长老魔法而在修炼中走火入魔，巨大的下颚总发出咯咯的声音，千万别正面看他的头部" roleType="13061" skillID="4120071"/>
	<fall id="42" item="" description="魔光黑眼，五个黑衣魔之一，擅长易容和蛊惑人心之术，被派往碧影裂谷夺取神器碎片。" roleType="13074" skillID="4020004"/>
	<fall id="43" item="" description="斑纹巨蛤，生活在火山边缘山谷里的巨蛤，身体由于火山苏醒后水质变化而发生了变异。" roleType="13075" skillID="4020004"/>
	<fall id="44" item="1100054" description="狂热之星，村里最爱泡温泉的海星，受变异的温泉矿物质影响，脾气变得越来越狂躁。把温泉搞得一团糟。" roleType="13076" skillID="4120072"/>
	<fall id="45" item="1100056" description="石破天鲸，凭借全身石化的皮肤，安逸地盘踞在怒气山脊，喜好甜食，最讨厌人家打搅他吃棒棒糖。" roleType="13077" skillID="4120077"/>
	<fall id="46" item="1100055" description="魔之火影，五个黑衣魔之一，能适应各种极端温度环境，动作极其迅疾，被派来夺取海底火山中的神奇碎片。" roleType="13078" skillID="4120078"/>
	<fall id="47" item="" description="幽光之脊，曾经无比勇猛的战士，只有战斗才是他生命价值的唯一体现，战场永远都是他的家。" roleType="13079" skillID="4120085"/>
	<fall id="48" item="" description="暗影利齿，斗兽场的主宰，身上布满了上古之战中留下的伤疤，记录着每个曾来挑战的勇士。" roleType="13080" skillID="4120078"/>
	<fall id="49" item="" description="勇士一族首领的坐骑。黑衣魔的侵袭几乎毁灭了整个部族，但是首领将灵力注入到他的坐骑中并继续守卫着营寨。" roleType="13081" skillID="4120107"/>
	<fall id="50" item="" description="力大无穷，虽然没什么脑子，但是力量上的优势还是让勇士一族无法抵挡" roleType="13082" skillID="4120145"/>
	<fall id="51" item="" description="红刺魔掌，穷山恶水中生长出的奇特生物，性格粗犷，品行奔放" roleType="13127" skillID="4120164"/>
	<fall id="52" item="" description="尖刺魔球，和他的同门师弟红刺魔掌并称青红双煞，生气就会变得圆鼓鼓的，这时候可要小心注意了" roleType="13126" skillID="4120161"/>
	<fall id="53" item="1500579" description="苍羽，他从来就不是一个只会依靠力量的莽汉，拥有广阔的视野，源自于它得天独厚的占卜能力" roleType="13135" skillID="4120177"/>
	<fall id="54" item="1500579" description="灵驼王，驼王镇往前推三百年往后推三百年都难以逾越的俊杰，让人感叹此地驼杰地灵" roleType="13136" skillID="4120180"/>
	<fall id="55" item="1500579" description="白雪之力，生得孔武有力但却害怕鬼怪，极易被黑暗势力所操纵" roleType="13138" skillID="4120185"/>
	<fall id="56" item="1500579" description="暴躁汽轮，冰河小镇的机械总工，脾气暴躁的老头，伤痛对他来说只是美好的回忆" roleType="13175" skillID="4120221"/>
	<fall id="57" item="1500579,1500564" description="深渊领主的领地，外来活物都会瞬间被拉入堕落深渊，万劫不复，成为黑暗军团的爪牙。" roleType="13219" skillID="4120271"/>
	<fall id="58" item="1500579,1500564" description="她曾是艾尔大陆的英雄，被黑暗军团腐化成了邪恶的工具，还有谁能来解脱她的痛苦呢？" roleType="13220" skillID="4120277"/>
	<fall id="59" item="1500579,1500564" description="菲尼克斯，剑肉大魔王手下六魔将之一，此番前来目的就是摧毁远征军的前沿阵地。" roleType="13227" skillID="4120284"/>
    <fall id="60" item="1500579,1500564" description="硕硕小强，体型肥大、性情冷酷，常年藏匿于泥沼之中。由于体内布满毒液，导致上古战场附近的水源全部被污染了。" roleType="13341" skillID="4120309"/>
	<fall id="722" item="" description="" roleType="13176" skillID="4120232"/>
	
	<fall id="701" item="1500579,1500580,1500901,1500902" description="打破敌人的咒印，不要让他们惊动了朱雀！" roleType="13142" skillID="4120208"/>
	<fall id="801" item="" description="幻影魔王，入主伏魔塔的最新强敌，你能够战胜它解除武圣爷爷的心头大患么？" roleType="13062" skillID="4120055"/>
	<fall id="806" item="" description="传说马头侠士是个能制造出各种剧毒的妖怪，鹰眼看起来很弱，可能是吃的太多，变得越来越胖，但他的本事从来没有人见过。" roleType="13229" skillID="4120290"/>
	
	<fall id="910" item="" description="金刚牙，身怀绝技的兔子三兄弟的合体状态，行走江湖，讲的是一个“义”字。" roleType="13042" skillID="4120017"/>
	<fall id="914" item="" description="右奇，一气学院的初级老师，从武圣爷爷那里领悟到“仁”字的真谛，并以此闻名于江湖。" roleType="13050" skillID="4120029"/>
	<fall id="918" item="" description="偷袭首领，由石猛模拟出来的敌人，只有对朋友对老师具有发自内心的信任才能打败他。" roleType="13055" skillID="4020004"/>
	<fall id="916" item="" description="刀郎，一气学院的青龙护卫使。座右铭：江湖之大，人外有人，以礼相待。不学礼，无以立。" roleType="13052" skillID="4120040"/>
	<fall id="921" item="" description="瑶瑶，和石猛一样，是武圣爷爷最值得骄傲的徒弟之一，擅长以智取胜，她将考验小侠士的观察力和记忆力。" roleType="13070" skillID="4120058"/>
	<fall id="927" item="1500345,1500351,1500344" description="无数的牵线人偶，一个也不要放过！（每天的12:00～21:00，才能获得灵力内核和光明碎片。）" roleType="" skillID=""/>
	<fall id="928" item="1500347,1500352,1500344" description="锯齿？钉刺？这才刚刚开始呢！（每天的12:00～21:00，才能获得灵力内核和光明碎片。）" roleType="" skillID=""/>
	<fall id="929" item="1500346,1500353,1500344" description="僵尸鼠来袭，消灭从地下出现的僵尸鼠，注意不要杀死鼹鼠。（每天的12:00～21:00，才能获得灵力内核和光明碎片。）" roleType="" skillID=""/>
	<fall id="930" item="1500344,1500354" description="神秘而诡异的镜子，契合令人牙酸的木偶关节声，没有定力的话可不要轻易来挑战。（每天的12:00～21:00，才能获得灵力内核和光明碎片。）" roleType="" skillID=""/>
	<fall id="932" item="1500344" description="认准文字，触发机关，别被颜色给误导咯！（每天的12:00～21:00，才能获得灵力内核。）" roleType="" skillID=""/>
	<fall id="933" item="1500359,1500358,1500357" description="危险的僵尸石人，它们的生存时间只有30秒，别被撞上了，它们自爆的威力非常巨大！（每天 12:00～21:00均可掉落龙息玉佩和金龙息玉佩）" roleType="" skillID=""/>
	<fall id="934" item="1500359,1500360" description="记住提示机关的位置，只有正确触发机关10次才能拿到宝箱哦！（每天 12:00～21:00掉落古墓守护石）" roleType="" skillID=""/>
	<fall id="943" item="1500359,1500360" description="受禁忌之术的诅咒，这里的僵尸一旦被打倒将会分成两个，没有足够的力量请不要随便挑战！（每天 12:00～21:00掉落古墓守护石）" roleType="" skillID=""/>
	<fall id="908" item="1500257,1500276" description="狡猾的南瓜怪人不会一直和小侠士正面交锋，在狭小的密室里谁胜谁负还真不好说" roleType="" skillID=""/>
	<fall id="909" item="1500274,1400113" description="来通铃猫生长的环境看看吧，不要轻易杀死面前的通铃猫，认准真·通铃猫！" roleType="13037" skillID="4020006"/>
	<fall id="925" item="1500339" description="复仇的桃之妖妖，妄图救出南瓜怪人？——战斗在药师后花园！（每天 12:00～21:00开放）" roleType="" skillID=""/>
	<fall id="926" item="1500344,1500350" description="破坏敖济的阴谋！打倒元素使者，夺回元素结晶！（每天的12:00～21:00，才能获得灵力内核和光明碎片。）" roleType="13087" skillID="4120078"/>
	<fall id="954" item="1300311,1410016" description="这里可是高级的试炼之路，敢不敢挑战10重难度？" roleType="13124" skillID="4120005"/>
	<fall id="977" item="" description="真假武圣，千万别看错了！" roleType="11474" skillID="4120154"/>
</root>
