<?xml version="1.0"?>
<root><level lv="1" damage1="30" damage2="50" damage3="60" damage4="120" damage5="180">
</level><level lv="2" damage1="36" damage2="60" damage3="72" damage4="144" damage5="216">
</level><level lv="3" damage1="42" damage2="70" damage3="84" damage4="168" damage5="252">
</level><level lv="4" damage1="48" damage2="80" damage3="96" damage4="192" damage5="288">
</level><level lv="5" damage1="54" damage2="90" damage3="108" damage4="216" damage5="324">
</level><level lv="6" damage1="60" damage2="100" damage3="120" damage4="240" damage5="360">
</level><level lv="7" damage1="66" damage2="110" damage3="132" damage4="264" damage5="396">
</level><level lv="8" damage1="72" damage2="120" damage3="144" damage4="288" damage5="432">
</level><level lv="9" damage1="78" damage2="130" damage3="156" damage4="312" damage5="468">
</level><level lv="10" damage1="84" damage2="140" damage3="168" damage4="336" damage5="504">
</level><level lv="11" damage1="90" damage2="150" damage3="180" damage4="360" damage5="540">
</level><level lv="12" damage1="96" damage2="160" damage3="192" damage4="384" damage5="576">
</level><level lv="13" damage1="102" damage2="170" damage3="204" damage4="408" damage5="612">
</level><level lv="14" damage1="108" damage2="180" damage3="216" damage4="432" damage5="648">
</level><level lv="15" damage1="114" damage2="190" damage3="228" damage4="456" damage5="684">
</level><level lv="16" damage1="120" damage2="200" damage3="240" damage4="480" damage5="720">
</level><level lv="17" damage1="126" damage2="210" damage3="252" damage4="504" damage5="756">
</level><level lv="18" damage1="132" damage2="220" damage3="264" damage4="528" damage5="792">
</level><level lv="19" damage1="138" damage2="230" damage3="276" damage4="552" damage5="828">
</level><level lv="20" damage1="144" damage2="240" damage3="288" damage4="576" damage5="864">
</level><level lv="21" damage1="150" damage2="250" damage3="300" damage4="600" damage5="900">
</level><level lv="22" damage1="156" damage2="260" damage3="312" damage4="624" damage5="936">
</level><level lv="23" damage1="162" damage2="270" damage3="324" damage4="648" damage5="972">
</level><level lv="24" damage1="168" damage2="280" damage3="336" damage4="672" damage5="1008">
</level><level lv="25" damage1="174" damage2="290" damage3="348" damage4="696" damage5="1044">
</level><level lv="26" damage1="180" damage2="300" damage3="360" damage4="720" damage5="1080">
</level><level lv="27" damage1="186" damage2="310" damage3="372" damage4="744" damage5="1116">
</level><level lv="28" damage1="192" damage2="320" damage3="384" damage4="768" damage5="1152">
</level><level lv="29" damage1="198" damage2="330" damage3="396" damage4="792" damage5="1188">
</level><level lv="30" damage1="204" damage2="340" damage3="408" damage4="816" damage5="1224">
</level><level lv="31" damage1="210" damage2="350" damage3="420" damage4="840" damage5="1260">
</level><level lv="32" damage1="216" damage2="360" damage3="432" damage4="864" damage5="1296">
</level><level lv="33" damage1="222" damage2="370" damage3="444" damage4="888" damage5="1332">
</level><level lv="34" damage1="228" damage2="380" damage3="456" damage4="912" damage5="1368">
</level><level lv="35" damage1="234" damage2="390" damage3="468" damage4="936" damage5="1404">
</level><level lv="36" damage1="240" damage2="400" damage3="480" damage4="960" damage5="1440">
</level><level lv="37" damage1="246" damage2="410" damage3="492" damage4="984" damage5="1476">
</level><level lv="38" damage1="252" damage2="420" damage3="504" damage4="1008" damage5="1512">
</level><level lv="39" damage1="258" damage2="430" damage3="516" damage4="1032" damage5="1548">
</level><level lv="40" damage1="264" damage2="440" damage3="528" damage4="1056" damage5="1584">
</level><level lv="41" damage1="270" damage2="450" damage3="540" damage4="1080" damage5="1620">
</level><level lv="42" damage1="276" damage2="460" damage3="552" damage4="1104" damage5="1656">
</level><level lv="43" damage1="282" damage2="470" damage3="564" damage4="1128" damage5="1692">
</level><level lv="44" damage1="288" damage2="480" damage3="576" damage4="1152" damage5="1728">
</level><level lv="45" damage1="294" damage2="490" damage3="588" damage4="1176" damage5="1764">
</level><level lv="46" damage1="300" damage2="500" damage3="600" damage4="1200" damage5="1800">
</level><level lv="47" damage1="306" damage2="510" damage3="612" damage4="1224" damage5="1836">
</level><level lv="48" damage1="312" damage2="520" damage3="624" damage4="1248" damage5="1872">
</level><level lv="49" damage1="318" damage2="530" damage3="636" damage4="1272" damage5="1908">
</level><level lv="50" damage1="324" damage2="540" damage3="648" damage4="1296" damage5="1944">
</level><level lv="51" damage1="330" damage2="550" damage3="660" damage4="1320" damage5="1980">
</level><level lv="52" damage1="336" damage2="560" damage3="672" damage4="1344" damage5="2016">
</level><level lv="53" damage1="342" damage2="570" damage3="684" damage4="1368" damage5="2052">
</level><level lv="54" damage1="348" damage2="580" damage3="696" damage4="1392" damage5="2088">
</level><level lv="55" damage1="354" damage2="590" damage3="708" damage4="1416" damage5="2124">
</level><level lv="56" damage1="360" damage2="600" damage3="720" damage4="1440" damage5="2160">
</level><level lv="57" damage1="366" damage2="610" damage3="732" damage4="1464" damage5="2196">
</level><level lv="58" damage1="372" damage2="620" damage3="744" damage4="1488" damage5="2232">
</level><level lv="59" damage1="378" damage2="630" damage3="756" damage4="1512" damage5="2268">
</level><level lv="60" damage1="384" damage2="640" damage3="768" damage4="1536" damage5="2304">
</level><level lv="61" damage1="390" damage2="650" damage3="780" damage4="1560" damage5="2340">
</level><level lv="62" damage1="396" damage2="660" damage3="792" damage4="1584" damage5="2376">
</level><level lv="63" damage1="402" damage2="670" damage3="804" damage4="1608" damage5="2412">
</level><level lv="64" damage1="408" damage2="680" damage3="816" damage4="1632" damage5="2448">
</level><level lv="65" damage1="414" damage2="690" damage3="828" damage4="1656" damage5="2484">
</level><level lv="66" damage1="420" damage2="700" damage3="840" damage4="1680" damage5="2520">
</level><level lv="67" damage1="426" damage2="710" damage3="852" damage4="1704" damage5="2556">
</level><level lv="68" damage1="432" damage2="720" damage3="864" damage4="1728" damage5="2592">
</level><level lv="69" damage1="438" damage2="730" damage3="876" damage4="1752" damage5="2628">
</level><level lv="70" damage1="444" damage2="740" damage3="888" damage4="1776" damage5="2664">
</level><level lv="71" damage1="450" damage2="750" damage3="900" damage4="1800" damage5="2700">
</level><level lv="72" damage1="456" damage2="760" damage3="912" damage4="1824" damage5="2736">
</level><level lv="73" damage1="462" damage2="770" damage3="924" damage4="1848" damage5="2772">
</level><level lv="74" damage1="468" damage2="780" damage3="936" damage4="1872" damage5="2808">
</level><level lv="75" damage1="474" damage2="790" damage3="948" damage4="1896" damage5="2844">
</level><level lv="76" damage1="480" damage2="800" damage3="960" damage4="1920" damage5="2880">
</level><level lv="77" damage1="486" damage2="810" damage3="972" damage4="1944" damage5="2916">
</level><level lv="78" damage1="492" damage2="820" damage3="984" damage4="1968" damage5="2952">
</level><level lv="79" damage1="498" damage2="830" damage3="996" damage4="1992" damage5="2988">
</level><level lv="80" damage1="504" damage2="840" damage3="1008" damage4="2016" damage5="3024">
</level><level lv="81" damage1="510" damage2="850" damage3="1020" damage4="2040" damage5="3060">
</level><level lv="82" damage1="516" damage2="860" damage3="1032" damage4="2064" damage5="3096">
</level><level lv="83" damage1="522" damage2="870" damage3="1044" damage4="2088" damage5="3132">
</level><level lv="84" damage1="528" damage2="880" damage3="1056" damage4="2112" damage5="3168">
</level><level lv="85" damage1="534" damage2="890" damage3="1068" damage4="2136" damage5="3204">
</level><level lv="86" damage1="540" damage2="900" damage3="1080" damage4="2160" damage5="3240">
</level><level lv="87" damage1="546" damage2="910" damage3="1092" damage4="2184" damage5="3276">
</level><level lv="88" damage1="552" damage2="920" damage3="1104" damage4="2208" damage5="3312">
</level><level lv="89" damage1="558" damage2="930" damage3="1116" damage4="2232" damage5="3348">
</level><level lv="90" damage1="564" damage2="940" damage3="1128" damage4="2256" damage5="3384">
</level><level lv="91" damage1="570" damage2="950" damage3="1140" damage4="2280" damage5="3420">
</level><level lv="92" damage1="576" damage2="960" damage3="1152" damage4="2304" damage5="3456">
</level><level lv="93" damage1="582" damage2="970" damage3="1164" damage4="2328" damage5="3492">
</level><level lv="94" damage1="588" damage2="980" damage3="1176" damage4="2352" damage5="3528">
</level><level lv="95" damage1="594" damage2="990" damage3="1188" damage4="2376" damage5="3564">
</level><level lv="96" damage1="600" damage2="1000" damage3="1200" damage4="2400" damage5="3600">
</level><level lv="97" damage1="606" damage2="1010" damage3="1212" damage4="2424" damage5="3636">
</level><level lv="98" damage1="612" damage2="1020" damage3="1224" damage4="2448" damage5="3672">
</level><level lv="99" damage1="618" damage2="1030" damage3="1236" damage4="2472" damage5="3708">
</level><level lv="100" damage1="624" damage2="1040" damage3="1248" damage4="2496" damage5="3744">
</level><level lv="101" damage1="630" damage2="1050" damage3="1260" damage4="2520" damage5="3780">
</level><level lv="102" damage1="636" damage2="1060" damage3="1272" damage4="2544" damage5="3816">
</level><level lv="103" damage1="642" damage2="1070" damage3="1284" damage4="2568" damage5="3852">
</level><level lv="104" damage1="648" damage2="1080" damage3="1296" damage4="2592" damage5="3888">
</level><level lv="105" damage1="654" damage2="1090" damage3="1308" damage4="2616" damage5="3924">
</level><level lv="106" damage1="660" damage2="1100" damage3="1320" damage4="2640" damage5="3960">
</level><level lv="107" damage1="666" damage2="1110" damage3="1332" damage4="2664" damage5="3996">
</level><level lv="108" damage1="672" damage2="1120" damage3="1344" damage4="2688" damage5="4032">
</level><level lv="109" damage1="678" damage2="1130" damage3="1356" damage4="2712" damage5="4068">
</level><level lv="110" damage1="684" damage2="1140" damage3="1368" damage4="2736" damage5="4104">
</level><level lv="111" damage1="690" damage2="1150" damage3="1380" damage4="2760" damage5="4140">
</level><level lv="112" damage1="696" damage2="1160" damage3="1392" damage4="2784" damage5="4176">
</level><level lv="113" damage1="702" damage2="1170" damage3="1404" damage4="2808" damage5="4212">
</level><level lv="114" damage1="708" damage2="1180" damage3="1416" damage4="2832" damage5="4248">
</level><level lv="115" damage1="714" damage2="1190" damage3="1428" damage4="2856" damage5="4284">
</level><level lv="116" damage1="720" damage2="1200" damage3="1440" damage4="2880" damage5="4320">
</level><level lv="117" damage1="726" damage2="1210" damage3="1452" damage4="2904" damage5="4356">
</level><level lv="118" damage1="732" damage2="1220" damage3="1464" damage4="2928" damage5="4392">
</level><level lv="119" damage1="738" damage2="1230" damage3="1476" damage4="2952" damage5="4428">
</level><level lv="120" damage1="744" damage2="1240" damage3="1488" damage4="2976" damage5="4464">
</level><level lv="121" damage1="750" damage2="1250" damage3="1500" damage4="3000" damage5="4500">
</level><level lv="122" damage1="756" damage2="1260" damage3="1512" damage4="3024" damage5="4536">
</level><level lv="123" damage1="762" damage2="1270" damage3="1524" damage4="3048" damage5="4572">
</level><level lv="124" damage1="768" damage2="1280" damage3="1536" damage4="3072" damage5="4608">
</level><level lv="125" damage1="774" damage2="1290" damage3="1548" damage4="3096" damage5="4644">
</level><level lv="126" damage1="780" damage2="1300" damage3="1560" damage4="3120" damage5="4680">
</level><level lv="127" damage1="786" damage2="1310" damage3="1572" damage4="3144" damage5="4716">
</level><level lv="128" damage1="792" damage2="1320" damage3="1584" damage4="3168" damage5="4752">
</level><level lv="129" damage1="798" damage2="1330" damage3="1596" damage4="3192" damage5="4788">
</level><level lv="130" damage1="804" damage2="1340" damage3="1608" damage4="3216" damage5="4824">
</level><level lv="131" damage1="810" damage2="1350" damage3="1620" damage4="3240" damage5="4860">
</level><level lv="132" damage1="816" damage2="1360" damage3="1632" damage4="3264" damage5="4896">
</level><level lv="133" damage1="822" damage2="1370" damage3="1644" damage4="3288" damage5="4932">
</level><level lv="134" damage1="828" damage2="1380" damage3="1656" damage4="3312" damage5="4968">
</level><level lv="135" damage1="834" damage2="1390" damage3="1668" damage4="3336" damage5="5004">
</level><level lv="136" damage1="840" damage2="1400" damage3="1680" damage4="3360" damage5="5040">
</level><level lv="137" damage1="846" damage2="1410" damage3="1692" damage4="3384" damage5="5076">
</level><level lv="138" damage1="852" damage2="1420" damage3="1704" damage4="3408" damage5="5112">
</level><level lv="139" damage1="858" damage2="1430" damage3="1716" damage4="3432" damage5="5148">
</level><level lv="140" damage1="864" damage2="1440" damage3="1728" damage4="3456" damage5="5184">
</level><level lv="141" damage1="870" damage2="1450" damage3="1740" damage4="3480" damage5="5220">
</level><level lv="142" damage1="876" damage2="1460" damage3="1752" damage4="3504" damage5="5256">
</level><level lv="143" damage1="882" damage2="1470" damage3="1764" damage4="3528" damage5="5292">
</level><level lv="144" damage1="888" damage2="1480" damage3="1776" damage4="3552" damage5="5328">
</level><level lv="145" damage1="894" damage2="1490" damage3="1788" damage4="3576" damage5="5364">
</level><level lv="146" damage1="900" damage2="1500" damage3="1800" damage4="3600" damage5="5400">
</level><level lv="147" damage1="906" damage2="1510" damage3="1812" damage4="3624" damage5="5436">
</level><level lv="148" damage1="912" damage2="1520" damage3="1824" damage4="3648" damage5="5472">
</level><level lv="149" damage1="918" damage2="1530" damage3="1836" damage4="3672" damage5="5508">
</level><level lv="150" damage1="924" damage2="1540" damage3="1848" damage4="3696" damage5="5544">
</level><level lv="151" damage1="930" damage2="1550" damage3="1860" damage4="3720" damage5="5580">
</level><level lv="152" damage1="936" damage2="1560" damage3="1872" damage4="3744" damage5="5616">
</level><level lv="153" damage1="942" damage2="1570" damage3="1884" damage4="3768" damage5="5652">
</level><level lv="154" damage1="948" damage2="1580" damage3="1896" damage4="3792" damage5="5688">
</level><level lv="155" damage1="954" damage2="1590" damage3="1908" damage4="3816" damage5="5724">
</level><level lv="156" damage1="960" damage2="1600" damage3="1920" damage4="3840" damage5="5760">
</level><level lv="157" damage1="966" damage2="1610" damage3="1932" damage4="3864" damage5="5796">
</level><level lv="158" damage1="972" damage2="1620" damage3="1944" damage4="3888" damage5="5832">
</level><level lv="159" damage1="978" damage2="1630" damage3="1956" damage4="3912" damage5="5868">
</level><level lv="160" damage1="984" damage2="1640" damage3="1968" damage4="3936" damage5="5904">
</level><level lv="161" damage1="990" damage2="1650" damage3="1980" damage4="3960" damage5="5940">
</level><level lv="162" damage1="996" damage2="1660" damage3="1992" damage4="3984" damage5="5976">
</level><level lv="163" damage1="1002" damage2="1670" damage3="2004" damage4="4008" damage5="6012">
</level><level lv="164" damage1="1008" damage2="1680" damage3="2016" damage4="4032" damage5="6048">
</level><level lv="165" damage1="1014" damage2="1690" damage3="2028" damage4="4056" damage5="6084">
</level><level lv="166" damage1="1020" damage2="1700" damage3="2040" damage4="4080" damage5="6120">
</level><level lv="167" damage1="1026" damage2="1710" damage3="2052" damage4="4104" damage5="6156">
</level><level lv="168" damage1="1032" damage2="1720" damage3="2064" damage4="4128" damage5="6192">
</level><level lv="169" damage1="1038" damage2="1730" damage3="2076" damage4="4152" damage5="6228">
</level><level lv="170" damage1="1044" damage2="1740" damage3="2088" damage4="4176" damage5="6264">
</level><level lv="171" damage1="1050" damage2="1750" damage3="2100" damage4="4200" damage5="6300">
</level><level lv="172" damage1="1056" damage2="1760" damage3="2112" damage4="4224" damage5="6336">
</level><level lv="173" damage1="1062" damage2="1770" damage3="2124" damage4="4248" damage5="6372">
</level><level lv="174" damage1="1068" damage2="1780" damage3="2136" damage4="4272" damage5="6408">
</level><level lv="175" damage1="1074" damage2="1790" damage3="2148" damage4="4296" damage5="6444">
</level><level lv="176" damage1="1080" damage2="1800" damage3="2160" damage4="4320" damage5="6480">
</level><level lv="177" damage1="1086" damage2="1810" damage3="2172" damage4="4344" damage5="6516">
</level><level lv="178" damage1="1092" damage2="1820" damage3="2184" damage4="4368" damage5="6552">
</level><level lv="179" damage1="1098" damage2="1830" damage3="2196" damage4="4392" damage5="6588">
</level><level lv="180" damage1="1104" damage2="1840" damage3="2208" damage4="4416" damage5="6624">
</level><level lv="181" damage1="1110" damage2="1850" damage3="2220" damage4="4440" damage5="6660">
</level><level lv="182" damage1="1116" damage2="1860" damage3="2232" damage4="4464" damage5="6696">
</level><level lv="183" damage1="1122" damage2="1870" damage3="2244" damage4="4488" damage5="6732">
</level><level lv="184" damage1="1128" damage2="1880" damage3="2256" damage4="4512" damage5="6768">
</level><level lv="185" damage1="1134" damage2="1890" damage3="2268" damage4="4536" damage5="6804">
</level><level lv="186" damage1="1140" damage2="1900" damage3="2280" damage4="4560" damage5="6840">
</level><level lv="187" damage1="1146" damage2="1910" damage3="2292" damage4="4584" damage5="6876">
</level><level lv="188" damage1="1152" damage2="1920" damage3="2304" damage4="4608" damage5="6912">
</level><level lv="189" damage1="1158" damage2="1930" damage3="2316" damage4="4632" damage5="6948">
</level><level lv="190" damage1="1164" damage2="1940" damage3="2328" damage4="4656" damage5="6984">
</level><level lv="191" damage1="1170" damage2="1950" damage3="2340" damage4="4680" damage5="7020">
</level><level lv="192" damage1="1176" damage2="1960" damage3="2352" damage4="4704" damage5="7056">
</level><level lv="193" damage1="1182" damage2="1970" damage3="2364" damage4="4728" damage5="7092">
</level><level lv="194" damage1="1188" damage2="1980" damage3="2376" damage4="4752" damage5="7128">
</level><level lv="195" damage1="1194" damage2="1990" damage3="2388" damage4="4776" damage5="7164">
</level><level lv="196" damage1="1200" damage2="2000" damage3="2400" damage4="4800" damage5="7200">
</level><level lv="197" damage1="1206" damage2="2010" damage3="2412" damage4="4824" damage5="7236">
</level><level lv="198" damage1="1212" damage2="2020" damage3="2424" damage4="4848" damage5="7272">
</level><level lv="199" damage1="1218" damage2="2030" damage3="2436" damage4="4872" damage5="7308">
</level><level lv="200" damage1="1224" damage2="2040" damage3="2448" damage4="4896" damage5="7344">
</level><level lv="201" damage1="1230" damage2="2050" damage3="2460" damage4="4920" damage5="7380">
</level><level lv="202" damage1="1236" damage2="2060" damage3="2472" damage4="4944" damage5="7416">
</level><level lv="203" damage1="1242" damage2="2070" damage3="2484" damage4="4968" damage5="7452">
</level><level lv="204" damage1="1248" damage2="2080" damage3="2496" damage4="4992" damage5="7488">
</level><level lv="205" damage1="1254" damage2="2090" damage3="2508" damage4="5016" damage5="7524">
</level><level lv="206" damage1="1260" damage2="2100" damage3="2520" damage4="5040" damage5="7560">
</level><level lv="207" damage1="1266" damage2="2110" damage3="2532" damage4="5064" damage5="7596">
</level><level lv="208" damage1="1272" damage2="2120" damage3="2544" damage4="5088" damage5="7632">
</level><level lv="209" damage1="1278" damage2="2130" damage3="2556" damage4="5112" damage5="7668">
</level><level lv="210" damage1="1284" damage2="2140" damage3="2568" damage4="5136" damage5="7704">
</level><level lv="211" damage1="1290" damage2="2150" damage3="2580" damage4="5160" damage5="7740">
</level><level lv="212" damage1="1296" damage2="2160" damage3="2592" damage4="5184" damage5="7776">
</level><level lv="213" damage1="1302" damage2="2170" damage3="2604" damage4="5208" damage5="7812">
</level><level lv="214" damage1="1308" damage2="2180" damage3="2616" damage4="5232" damage5="7848">
</level><level lv="215" damage1="1314" damage2="2190" damage3="2628" damage4="5256" damage5="7884">
</level><level lv="216" damage1="1320" damage2="2200" damage3="2640" damage4="5280" damage5="7920">
</level><level lv="217" damage1="1326" damage2="2210" damage3="2652" damage4="5304" damage5="7956">
</level><level lv="218" damage1="1332" damage2="2220" damage3="2664" damage4="5328" damage5="7992">
</level><level lv="219" damage1="1338" damage2="2230" damage3="2676" damage4="5352" damage5="8028">
</level><level lv="220" damage1="1344" damage2="2240" damage3="2688" damage4="5376" damage5="8064">
</level><level lv="221" damage1="1350" damage2="2250" damage3="2700" damage4="5400" damage5="8100">
</level><level lv="222" damage1="1356" damage2="2260" damage3="2712" damage4="5424" damage5="8136">
</level><level lv="223" damage1="1362" damage2="2270" damage3="2724" damage4="5448" damage5="8172">
</level><level lv="224" damage1="1368" damage2="2280" damage3="2736" damage4="5472" damage5="8208">
</level><level lv="225" damage1="1374" damage2="2290" damage3="2748" damage4="5496" damage5="8244">
</level><level lv="226" damage1="1380" damage2="2300" damage3="2760" damage4="5520" damage5="8280">
</level><level lv="227" damage1="1386" damage2="2310" damage3="2772" damage4="5544" damage5="8316">
</level><level lv="228" damage1="1392" damage2="2320" damage3="2784" damage4="5568" damage5="8352">
</level><level lv="229" damage1="1398" damage2="2330" damage3="2796" damage4="5592" damage5="8388">
</level><level lv="230" damage1="1404" damage2="2340" damage3="2808" damage4="5616" damage5="8424">
</level><level lv="231" damage1="1410" damage2="2350" damage3="2820" damage4="5640" damage5="8460">
</level><level lv="232" damage1="1416" damage2="2360" damage3="2832" damage4="5664" damage5="8496">
</level><level lv="233" damage1="1422" damage2="2370" damage3="2844" damage4="5688" damage5="8532">
</level><level lv="234" damage1="1428" damage2="2380" damage3="2856" damage4="5712" damage5="8568">
</level><level lv="235" damage1="1434" damage2="2390" damage3="2868" damage4="5736" damage5="8604">
</level><level lv="236" damage1="1440" damage2="2400" damage3="2880" damage4="5760" damage5="8640">
</level><level lv="237" damage1="1446" damage2="2410" damage3="2892" damage4="5784" damage5="8676">
</level><level lv="238" damage1="1452" damage2="2420" damage3="2904" damage4="5808" damage5="8712">
</level><level lv="239" damage1="1458" damage2="2430" damage3="2916" damage4="5832" damage5="8748">
</level><level lv="240" damage1="1464" damage2="2440" damage3="2928" damage4="5856" damage5="8784">
</level><level lv="241" damage1="1470" damage2="2450" damage3="2940" damage4="5880" damage5="8820">
</level><level lv="242" damage1="1476" damage2="2460" damage3="2952" damage4="5904" damage5="8856">
</level><level lv="243" damage1="1482" damage2="2470" damage3="2964" damage4="5928" damage5="8892">
</level><level lv="244" damage1="1488" damage2="2480" damage3="2976" damage4="5952" damage5="8928">
</level><level lv="245" damage1="1494" damage2="2490" damage3="2988" damage4="5976" damage5="8964">
</level><level lv="246" damage1="1500" damage2="2500" damage3="3000" damage4="6000" damage5="9000">
</level><level lv="247" damage1="1506" damage2="2510" damage3="3012" damage4="6024" damage5="9036">
</level><level lv="248" damage1="1512" damage2="2520" damage3="3024" damage4="6048" damage5="9072">
</level><level lv="249" damage1="1518" damage2="2530" damage3="3036" damage4="6072" damage5="9108">
</level><level lv="250" damage1="1524" damage2="2540" damage3="3048" damage4="6096" damage5="9144">
</level><level lv="251" damage1="1530" damage2="2550" damage3="3060" damage4="6120" damage5="9180">
</level><level lv="252" damage1="1536" damage2="2560" damage3="3072" damage4="6144" damage5="9216">
</level><level lv="253" damage1="1542" damage2="2570" damage3="3084" damage4="6168" damage5="9252">
</level><level lv="254" damage1="1548" damage2="2580" damage3="3096" damage4="6192" damage5="9288">
</level><level lv="255" damage1="1554" damage2="2590" damage3="3108" damage4="6216" damage5="9324">
</level><level lv="256" damage1="1560" damage2="2600" damage3="3120" damage4="6240" damage5="9360">
</level><level lv="257" damage1="1566" damage2="2610" damage3="3132" damage4="6264" damage5="9396">
</level><level lv="258" damage1="1572" damage2="2620" damage3="3144" damage4="6288" damage5="9432">
</level><level lv="259" damage1="1578" damage2="2630" damage3="3156" damage4="6312" damage5="9468">
</level><level lv="260" damage1="1584" damage2="2640" damage3="3168" damage4="6336" damage5="9504">
</level><level lv="261" damage1="1590" damage2="2650" damage3="3180" damage4="6360" damage5="9540">
</level><level lv="262" damage1="1596" damage2="2660" damage3="3192" damage4="6384" damage5="9576">
</level><level lv="263" damage1="1602" damage2="2670" damage3="3204" damage4="6408" damage5="9612">
</level><level lv="264" damage1="1608" damage2="2680" damage3="3216" damage4="6432" damage5="9648">
</level><level lv="265" damage1="1614" damage2="2690" damage3="3228" damage4="6456" damage5="9684">
</level><level lv="266" damage1="1620" damage2="2700" damage3="3240" damage4="6480" damage5="9720">
</level><level lv="267" damage1="1626" damage2="2710" damage3="3252" damage4="6504" damage5="9756">
</level><level lv="268" damage1="1632" damage2="2720" damage3="3264" damage4="6528" damage5="9792">
</level><level lv="269" damage1="1638" damage2="2730" damage3="3276" damage4="6552" damage5="9828">
</level><level lv="270" damage1="1644" damage2="2740" damage3="3288" damage4="6576" damage5="9864">
</level><level lv="271" damage1="1650" damage2="2750" damage3="3300" damage4="6600" damage5="9900">
</level><level lv="272" damage1="1656" damage2="2760" damage3="3312" damage4="6624" damage5="9936">
</level><level lv="273" damage1="1662" damage2="2770" damage3="3324" damage4="6648" damage5="9972">
</level><level lv="274" damage1="1668" damage2="2780" damage3="3336" damage4="6672" damage5="10008">
</level><level lv="275" damage1="1674" damage2="2790" damage3="3348" damage4="6696" damage5="10044">
</level><level lv="276" damage1="1680" damage2="2800" damage3="3360" damage4="6720" damage5="10080">
</level><level lv="277" damage1="1686" damage2="2810" damage3="3372" damage4="6744" damage5="10116">
</level><level lv="278" damage1="1692" damage2="2820" damage3="3384" damage4="6768" damage5="10152">
</level><level lv="279" damage1="1698" damage2="2830" damage3="3396" damage4="6792" damage5="10188">
</level><level lv="280" damage1="1704" damage2="2840" damage3="3408" damage4="6816" damage5="10224">
</level><level lv="281" damage1="1710" damage2="2850" damage3="3420" damage4="6840" damage5="10260">
</level><level lv="282" damage1="1716" damage2="2860" damage3="3432" damage4="6864" damage5="10296">
</level><level lv="283" damage1="1722" damage2="2870" damage3="3444" damage4="6888" damage5="10332">
</level><level lv="284" damage1="1728" damage2="2880" damage3="3456" damage4="6912" damage5="10368">
</level><level lv="285" damage1="1734" damage2="2890" damage3="3468" damage4="6936" damage5="10404">
</level><level lv="286" damage1="1740" damage2="2900" damage3="3480" damage4="6960" damage5="10440">
</level><level lv="287" damage1="1746" damage2="2910" damage3="3492" damage4="6984" damage5="10476">
</level><level lv="288" damage1="1752" damage2="2920" damage3="3504" damage4="7008" damage5="10512">
</level><level lv="289" damage1="1758" damage2="2930" damage3="3516" damage4="7032" damage5="10548">
</level><level lv="290" damage1="1764" damage2="2940" damage3="3528" damage4="7056" damage5="10584">
</level><level lv="291" damage1="1770" damage2="2950" damage3="3540" damage4="7080" damage5="10620">
</level><level lv="292" damage1="1776" damage2="2960" damage3="3552" damage4="7104" damage5="10656">
</level><level lv="293" damage1="1782" damage2="2970" damage3="3564" damage4="7128" damage5="10692">
</level><level lv="294" damage1="1788" damage2="2980" damage3="3576" damage4="7152" damage5="10728">
</level><level lv="295" damage1="1794" damage2="2990" damage3="3588" damage4="7176" damage5="10764">
</level><level lv="296" damage1="1800" damage2="3000" damage3="3600" damage4="7200" damage5="10800">
</level><level lv="297" damage1="1806" damage2="3010" damage3="3612" damage4="7224" damage5="10836">
</level><level lv="298" damage1="1812" damage2="3020" damage3="3624" damage4="7248" damage5="10872">
</level><level lv="299" damage1="1818" damage2="3030" damage3="3636" damage4="7272" damage5="10908">
</level><level lv="300" damage1="1824" damage2="3040" damage3="3648" damage4="7296" damage5="10944">
</level><level lv="301" damage1="1830" damage2="3050" damage3="3660" damage4="7320" damage5="10980">
</level><level lv="302" damage1="1836" damage2="3060" damage3="3672" damage4="7344" damage5="11016">
</level><level lv="303" damage1="1842" damage2="3070" damage3="3684" damage4="7368" damage5="11052">
</level><level lv="304" damage1="1848" damage2="3080" damage3="3696" damage4="7392" damage5="11088">
</level><level lv="305" damage1="1854" damage2="3090" damage3="3708" damage4="7416" damage5="11124">
</level><level lv="306" damage1="1860" damage2="3100" damage3="3720" damage4="7440" damage5="11160">
</level><level lv="307" damage1="1866" damage2="3110" damage3="3732" damage4="7464" damage5="11196">
</level><level lv="308" damage1="1872" damage2="3120" damage3="3744" damage4="7488" damage5="11232">
</level><level lv="309" damage1="1878" damage2="3130" damage3="3756" damage4="7512" damage5="11268">
</level><level lv="310" damage1="1884" damage2="3140" damage3="3768" damage4="7536" damage5="11304">
</level><level lv="311" damage1="1890" damage2="3150" damage3="3780" damage4="7560" damage5="11340">
</level><level lv="312" damage1="1896" damage2="3160" damage3="3792" damage4="7584" damage5="11376">
</level><level lv="313" damage1="1902" damage2="3170" damage3="3804" damage4="7608" damage5="11412">
</level><level lv="314" damage1="1908" damage2="3180" damage3="3816" damage4="7632" damage5="11448">
</level><level lv="315" damage1="1914" damage2="3190" damage3="3828" damage4="7656" damage5="11484">
</level><level lv="316" damage1="1920" damage2="3200" damage3="3840" damage4="7680" damage5="11520">
</level><level lv="317" damage1="1926" damage2="3210" damage3="3852" damage4="7704" damage5="11556">
</level><level lv="318" damage1="1932" damage2="3220" damage3="3864" damage4="7728" damage5="11592">
</level><level lv="319" damage1="1938" damage2="3230" damage3="3876" damage4="7752" damage5="11628">
</level><level lv="320" damage1="1944" damage2="3240" damage3="3888" damage4="7776" damage5="11664">
</level><level lv="321" damage1="1950" damage2="3250" damage3="3900" damage4="7800" damage5="11700">
</level><level lv="322" damage1="1956" damage2="3260" damage3="3912" damage4="7824" damage5="11736">
</level><level lv="323" damage1="1962" damage2="3270" damage3="3924" damage4="7848" damage5="11772">
</level><level lv="324" damage1="1968" damage2="3280" damage3="3936" damage4="7872" damage5="11808">
</level><level lv="325" damage1="1974" damage2="3290" damage3="3948" damage4="7896" damage5="11844">
</level><level lv="326" damage1="1980" damage2="3300" damage3="3960" damage4="7920" damage5="11880">
</level><level lv="327" damage1="1986" damage2="3310" damage3="3972" damage4="7944" damage5="11916">
</level><level lv="328" damage1="1992" damage2="3320" damage3="3984" damage4="7968" damage5="11952">
</level><level lv="329" damage1="1998" damage2="3330" damage3="3996" damage4="7992" damage5="11988">
</level><level lv="330" damage1="2004" damage2="3340" damage3="4008" damage4="8016" damage5="12024">
</level><level lv="331" damage1="2010" damage2="3350" damage3="4020" damage4="8040" damage5="12060">
</level><level lv="332" damage1="2016" damage2="3360" damage3="4032" damage4="8064" damage5="12096">
</level><level lv="333" damage1="2022" damage2="3370" damage3="4044" damage4="8088" damage5="12132">
</level><level lv="334" damage1="2028" damage2="3380" damage3="4056" damage4="8112" damage5="12168">
</level><level lv="335" damage1="2034" damage2="3390" damage3="4068" damage4="8136" damage5="12204">
</level><level lv="336" damage1="2040" damage2="3400" damage3="4080" damage4="8160" damage5="12240">
</level><level lv="337" damage1="2046" damage2="3410" damage3="4092" damage4="8184" damage5="12276">
</level><level lv="338" damage1="2052" damage2="3420" damage3="4104" damage4="8208" damage5="12312">
</level><level lv="339" damage1="2058" damage2="3430" damage3="4116" damage4="8232" damage5="12348">
</level><level lv="340" damage1="2064" damage2="3440" damage3="4128" damage4="8256" damage5="12384">
</level><level lv="341" damage1="2070" damage2="3450" damage3="4140" damage4="8280" damage5="12420">
</level><level lv="342" damage1="2076" damage2="3460" damage3="4152" damage4="8304" damage5="12456">
</level><level lv="343" damage1="2082" damage2="3470" damage3="4164" damage4="8328" damage5="12492">
</level><level lv="344" damage1="2088" damage2="3480" damage3="4176" damage4="8352" damage5="12528">
</level><level lv="345" damage1="2094" damage2="3490" damage3="4188" damage4="8376" damage5="12564">
</level><level lv="346" damage1="2100" damage2="3500" damage3="4200" damage4="8400" damage5="12600">
</level><level lv="347" damage1="2106" damage2="3510" damage3="4212" damage4="8424" damage5="12636">
</level><level lv="348" damage1="2112" damage2="3520" damage3="4224" damage4="8448" damage5="12672">
</level><level lv="349" damage1="2118" damage2="3530" damage3="4236" damage4="8472" damage5="12708">
</level><level lv="350" damage1="2124" damage2="3540" damage3="4248" damage4="8496" damage5="12744">
</level><level lv="351" damage1="2130" damage2="3550" damage3="4260" damage4="8520" damage5="12780">
</level><level lv="352" damage1="2136" damage2="3560" damage3="4272" damage4="8544" damage5="12816">
</level><level lv="353" damage1="2142" damage2="3570" damage3="4284" damage4="8568" damage5="12852">
</level><level lv="354" damage1="2148" damage2="3580" damage3="4296" damage4="8592" damage5="12888">
</level><level lv="355" damage1="2154" damage2="3590" damage3="4308" damage4="8616" damage5="12924">
</level><level lv="356" damage1="2160" damage2="3600" damage3="4320" damage4="8640" damage5="12960">
</level><level lv="357" damage1="2166" damage2="3610" damage3="4332" damage4="8664" damage5="12996">
</level><level lv="358" damage1="2172" damage2="3620" damage3="4344" damage4="8688" damage5="13032">
</level><level lv="359" damage1="2178" damage2="3630" damage3="4356" damage4="8712" damage5="13068">
</level><level lv="360" damage1="2184" damage2="3640" damage3="4368" damage4="8736" damage5="13104">
</level><level lv="361" damage1="2190" damage2="3650" damage3="4380" damage4="8760" damage5="13140">
</level><level lv="362" damage1="2196" damage2="3660" damage3="4392" damage4="8784" damage5="13176">
</level><level lv="363" damage1="2202" damage2="3670" damage3="4404" damage4="8808" damage5="13212">
</level><level lv="364" damage1="2208" damage2="3680" damage3="4416" damage4="8832" damage5="13248">
</level><level lv="365" damage1="2214" damage2="3690" damage3="4428" damage4="8856" damage5="13284">
</level><level lv="366" damage1="2220" damage2="3700" damage3="4440" damage4="8880" damage5="13320">
</level><level lv="367" damage1="2226" damage2="3710" damage3="4452" damage4="8904" damage5="13356">
</level><level lv="368" damage1="2232" damage2="3720" damage3="4464" damage4="8928" damage5="13392">
</level><level lv="369" damage1="2238" damage2="3730" damage3="4476" damage4="8952" damage5="13428">
</level><level lv="370" damage1="2244" damage2="3740" damage3="4488" damage4="8976" damage5="13464">
</level><level lv="371" damage1="2250" damage2="3750" damage3="4500" damage4="9000" damage5="13500">
</level><level lv="372" damage1="2256" damage2="3760" damage3="4512" damage4="9024" damage5="13536">
</level><level lv="373" damage1="2262" damage2="3770" damage3="4524" damage4="9048" damage5="13572">
</level><level lv="374" damage1="2268" damage2="3780" damage3="4536" damage4="9072" damage5="13608">
</level><level lv="375" damage1="2274" damage2="3790" damage3="4548" damage4="9096" damage5="13644">
</level><level lv="376" damage1="2280" damage2="3800" damage3="4560" damage4="9120" damage5="13680">
</level><level lv="377" damage1="2286" damage2="3810" damage3="4572" damage4="9144" damage5="13716">
</level><level lv="378" damage1="2292" damage2="3820" damage3="4584" damage4="9168" damage5="13752">
</level><level lv="379" damage1="2298" damage2="3830" damage3="4596" damage4="9192" damage5="13788">
</level><level lv="380" damage1="2304" damage2="3840" damage3="4608" damage4="9216" damage5="13824">
</level><level lv="381" damage1="2310" damage2="3850" damage3="4620" damage4="9240" damage5="13860">
</level><level lv="382" damage1="2316" damage2="3860" damage3="4632" damage4="9264" damage5="13896">
</level><level lv="383" damage1="2322" damage2="3870" damage3="4644" damage4="9288" damage5="13932">
</level><level lv="384" damage1="2328" damage2="3880" damage3="4656" damage4="9312" damage5="13968">
</level><level lv="385" damage1="2334" damage2="3890" damage3="4668" damage4="9336" damage5="14004">
</level><level lv="386" damage1="2340" damage2="3900" damage3="4680" damage4="9360" damage5="14040">
</level><level lv="387" damage1="2346" damage2="3910" damage3="4692" damage4="9384" damage5="14076">
</level><level lv="388" damage1="2352" damage2="3920" damage3="4704" damage4="9408" damage5="14112">
</level><level lv="389" damage1="2358" damage2="3930" damage3="4716" damage4="9432" damage5="14148">
</level><level lv="390" damage1="2364" damage2="3940" damage3="4728" damage4="9456" damage5="14184">
</level><level lv="391" damage1="2370" damage2="3950" damage3="4740" damage4="9480" damage5="14220">
</level><level lv="392" damage1="2376" damage2="3960" damage3="4752" damage4="9504" damage5="14256">
</level><level lv="393" damage1="2382" damage2="3970" damage3="4764" damage4="9528" damage5="14292">
</level><level lv="394" damage1="2388" damage2="3980" damage3="4776" damage4="9552" damage5="14328">
</level><level lv="395" damage1="2394" damage2="3990" damage3="4788" damage4="9576" damage5="14364">
</level><level lv="396" damage1="2400" damage2="4000" damage3="4800" damage4="9600" damage5="14400">
</level><level lv="397" damage1="2406" damage2="4010" damage3="4812" damage4="9624" damage5="14436">
</level><level lv="398" damage1="2412" damage2="4020" damage3="4824" damage4="9648" damage5="14472">
</level><level lv="399" damage1="2418" damage2="4030" damage3="4836" damage4="9672" damage5="14508">
</level><level lv="400" damage1="2424" damage2="4040" damage3="4848" damage4="9696" damage5="14544">
</level></root>
