<root>
	<!--
		押镖配置
		id：押镖id
		type: 押镖的类型，0,特殊 1：初级镖，2：中级镖，3：高级镖
		itemID：押镖的物品
		endNPC： 镖物需要送到哪个npc
		costCoin：押镖押金
		swardCoin：押镖成功奖励的功夫豆
		awardExp：押镖成功奖励的经验
		path：押镖过程所要经过的地图id
		tollgate：押镖过程中可能遭遇的关卡id
		swapID：用于记录押镖次数的兑换
	-->
	<escorts>
		<escort id="1" type = "1" name="押镖一" itemID="1500616" endNPC="10038" costCoin="50000" awardCoin="100000" swardExp="20000" path="12,14"/>
		<escort id="2" type = "1" name="押镖二" itemID="1500617" endNPC="10049" costCoin="50000" awardCoin="100000" swardExp="20000" path="12,14,19"/>
		<escort id="3" type = "1" name="押镖三" itemID="1500618" endNPC="10040" costCoin="50000" awardCoin="100000" swardExp="20000" path="12,7,58,18,15"/>
		<escort id="4" type = "2" name="押镖四" itemID="1500619" endNPC="10043" costCoin="100000" awardCoin="200000" swardExp="50000" path="12,7,58,18,15,16"/>
		<escort id="5" type = "1" name="押镖五" itemID="1500620" endNPC="10062" costCoin="50000" awardCoin="100000" swardExp="20000" path="12,7,58,18,22"/>
		<escort id="6" type = "3" name="押镖六" itemID="1500621" endNPC="10142" costCoin="150000" awardCoin="300000" swardExp="100000" path="12,7,58,18,15,27,32,33,34,41"/>
		<escort id="7" type = "3" name="押镖七" itemID="1500622" endNPC="10399" costCoin="150000" awardCoin="300000" swardExp="100000" path="12,7,58,18,15,27,32,33,34,41,54,57"/>
		<escort id="8" type = "3" name="押镖八" itemID="1500623" endNPC="10194" costCoin="150000" awardCoin="300000" swardExp="100000" path="12,7,58,18,15,27,32,33,34,41,54,57,56,55"/>
		<escort id="9" type = "2" name="押镖九" itemID="1500624" endNPC="10124" costCoin="100000" awardCoin="200000" swardExp="50000" path="12,7,58,18,15,27,32"/>
		<escort id="10" type = "3" name="押镖十" itemID="1500625" endNPC="10140" costCoin="150000" awardCoin="300000" swardExp="100000" path="12,7,58,18,15,27,32,33"/>
		<escort id="11" type = "2" name="押镖十一" itemID="1500626" endNPC="10111" costCoin="100000" awardCoin="200000" swardExp="50000" path="12,7,58,18,15,27"/>
		<escort id="12" type = "3" name="押镖十二" itemID="1500627" endNPC="10144" costCoin="150000" awardCoin="300000" swardExp="100000" path="12,7,58,18,15,27,32,33,34"/>
		<escort id="13" type = "2" name="押镖十三" itemID="1500628" endNPC="10052" costCoin="100000" awardCoin="200000" swardExp="50000" path="12,7,30,6,1"/>
		<escort id="14" type = "1" name="押镖十四" itemID="1500629" endNPC="10011" costCoin="50000" awardCoin="100000" swardExp="20000" path="12,7,30,6"/>
		<escort id="15" type = "2" name="押镖十五" itemID="1500630" endNPC="10101" costCoin="100000" awardCoin="200000" swardExp="50000" path="12,7,58,18,15,16,26"/>
		<escort id="16" type = "0" name="救助妙云十六" itemID="1500652" endNPC="10426" costCoin="0" awardCoin="0" swardExp="0"/>
		<escort id="17" type = "0" name="救助妙云十七" itemID="1500653" endNPC="10426" costCoin="0" awardCoin="0" swardExp="0"/>
		<escort id="18" type = "0" name="救助妙云十八" itemID="1500654" endNPC="10426" costCoin="0" awardCoin="0" swardExp="0"/>
		<escort id="19" type = "0" name="救助妙云十九" itemID="1500655" endNPC="10426" costCoin="0" awardCoin="0" swardExp="0"/>
		<escort id="20" type = "0" name="救助妙云二十" itemID="1500656" endNPC="10426" costCoin="0" awardCoin="0" swardExp="0"/>
		<escort id="21" type = "0" name="救助妙云二十一" itemID="1500657" endNPC="10426" costCoin="0" awardCoin="0" swardExp="0"/>
		
		<escort id="22" type = "0" name="艾斯的火把" itemID="1500675" endNPC="10432" costCoin="0" awardCoin="0" swardExp="0" path="57,56,55"/>
		<escort id="23" type = "0" name="莫斯特的水壶" itemID="1500676" endNPC="10432" costCoin="0" awardCoin="0" swardExp="0" path="53,41,54,57,56,55"/>
		<escort id="24" type = "0" name="杰西卡的手套" itemID="1500677" endNPC="10432" costCoin="0" awardCoin="0" swardExp="0" path="41,54,57,56,55"/>
		<escort id="25" type = "0" name="饭桃桃的桃子" itemID="1500678" endNPC="10432" costCoin="0" awardCoin="0" swardExp="0" path="31,41,54,57,56,55"/>
		<escort id="26" type = "0" name="尚鲁的棉鞋" itemID="1500679" endNPC="10432" costCoin="0" awardCoin="0" swardExp="0" path="12,7,58,18,15,27,32,33,34,41,54,57,56,55"/>
		<escort id="27" type = "0" name="武圣爷爷的棉衣" itemID="1500680" endNPC="10432" costCoin="0" awardCoin="0" swardExp="0" path="2,1,6,30,7,58,18,15,27,32,33,34,41,54,57,56,55"/>
		<!--超级护卫-->
		<escort id="29" type = "0" name="陆半仙的葫芦" itemID="1500690" endNPC="10428" costCoin="0" awardCoin="0" swardExp="0" path="7,58,18,15,27,32,33,34,41,54,57,56,62,63"/>
		<escort id="30" type = "0" name="陆半仙的扇子" itemID="1500691" endNPC="10428" costCoin="0" awardCoin="0" swardExp="0" path="7,58,18,15,27,32,33,34,41,54,57,56,62,63"/>
		<escort id="31" type = "0" name="陆半仙的玉笛" itemID="1500692" endNPC="10428" costCoin="0" awardCoin="0" swardExp="0" path="7,58,18,15,27,32,33,34,41,54,57,56,62,63"/>
		<escort id="32" type = "0" name="陆半仙的仙桃" itemID="1500693" endNPC="10428" costCoin="0" awardCoin="0" swardExp="0" path="7,58,18,15,27,32,33,34,41,54,57,56,62,63"/>
		<escort id="33" type = "0" name="陆半仙的佩剑" itemID="1500694" endNPC="10428" costCoin="0" awardCoin="0" swardExp="0" path="7,58,18,15,27,32,33,34,41,54,57,56,62,63"/>
		<escort id="34" type = "0" name="陆半仙的宝甲" itemID="1500695" endNPC="10428" costCoin="0" awardCoin="0" swardExp="0" path="7,58,18,15,27,32,33,34,41,54,57,56,62,63"/>
		<!--黄鼠狼给鸡拜年-->
		<escort id="35" type = "0" name="黄鼠狼给鸡拜年" itemID="1500696" endNPC="10435" costCoin="0" awardCoin="0" swardExp="0" path="15,18,58,7,12,14,19" tollgate="798" swapID="2300"/>
		
		<!--侠士竞速-->
		<race id="1" name="竞速比赛一" startNPC="10410" endNPC="10411" path="7,58,18,15,27,32,33,34,41,54,57,60">
			<path mapID="7">
				<box id="1" pos="505,508" />
				<box id="2" pos="85,720" />
				<box id="3" pos="418,647" />
			</path>
			<path mapID="58">
				<box id="1" pos="1026,470" />
				<box id="2" pos="705,627" />
				<box id="3" pos="385,495" />
			</path>
		</race>
	</escorts>
</root>
