<root>
	<node id="0" name="新手武士1段" honorRequired="25" levelRequired="10" />
	<node id="1" name="新手武士2段" honorRequired="96" levelRequired="10" />
	<node id="2" name="新手武士3段" honorRequired="234" levelRequired="10" />
	<node id="3" name="新手武士4段" honorRequired="460" levelRequired="10" />
	<node id="4" name="新手武士5段" honorRequired="795" levelRequired="10" />
	<node id="5" name="新手武士6段" honorRequired="1260" levelRequired="10" />
	<node id="6" name="新手武士7段" honorRequired="1875" levelRequired="10" />
	<node id="7" name="新手武士8段" honorRequired="2661" levelRequired="10" />
	<node id="8" name="新手武士9段" honorRequired="3639" levelRequired="10" />
	<node id="9" name="新手武士10段" honorRequired="4830" levelRequired="10" />
	
	<node id="10" name="初阶武士1段" honorRequired="6255" levelRequired="20" />
	<node id="11" name="初阶武士2段" honorRequired="7935" levelRequired="20" />
	<node id="12" name="初阶武士3段" honorRequired="9890" levelRequired="20" />
	<node id="13" name="初阶武士4段" honorRequired="12141" levelRequired="20" />
	<node id="14" name="初阶武士5段" honorRequired="14709" levelRequired="20" />
	<node id="15" name="初阶武士6段" honorRequired="17615" levelRequired="20" />
	<node id="16" name="初阶武士7段" honorRequired="20880" levelRequired="20" />
	<node id="17" name="初阶武士8段" honorRequired="24525" levelRequired="20" />
	<node id="18" name="初阶武士9段" honorRequired="28570" levelRequired="20" />
	<node id="19" name="初阶武士10段" honorRequired="33036" levelRequired="20" />
	
	<node id="20" name="中阶武士1段" honorRequired="37944" levelRequired="40" />
	<node id="21" name="中阶武士2段" honorRequired="43315" levelRequired="40" />
	<node id="22" name="中阶武士3段" honorRequired="49170" levelRequired="40" />
	<node id="23" name="中阶武士4段" honorRequired="55530" levelRequired="40" />
	<node id="24" name="中阶武士5段" honorRequired="62415" levelRequired="40" />
	<node id="25" name="中阶武士6段" honorRequired="69846" levelRequired="40" />
	<node id="26" name="中阶武士7段" honorRequired="77844" levelRequired="40" />
	<node id="27" name="中阶武士8段" honorRequired="86430" levelRequired="40" />
	<node id="28" name="中阶武士9段" honorRequired="95625" levelRequired="40" />
	<node id="29" name="中阶武士10段" honorRequired="105450" levelRequired="40" />
	
	<node id="30" name="高阶武士1段" honorRequired="115925" levelRequired="60" />
	<node id="31" name="高阶武士2段" honorRequired="127071" levelRequired="60" />
	<node id="32" name="高阶武士3段" honorRequired="138909" levelRequired="60" />
	<node id="33" name="高阶武士4段" honorRequired="151460" levelRequired="60" />
	<node id="34" name="高阶武士5段" honorRequired="164745" levelRequired="60" />
	<node id="35" name="高阶武士6段" honorRequired="178785" levelRequired="60" />
	<node id="36" name="高阶武士7段" honorRequired="193600" levelRequired="60" />
	<node id="37" name="高阶武士8段" honorRequired="209211" levelRequired="60" />
	<node id="38" name="高阶武士9段" honorRequired="225639" levelRequired="60" />
	<node id="39" name="高阶武士10段" honorRequired="242905" levelRequired="60" />
	
	<node id="40" name="武林至尊" honorRequired="261030" levelRequired="80" />
</root>