<root>
	<!--code 键位编号，dataID 动作ID-->
	<single>
		<!--
		<key funcID="1" code="38" name="UP" dataID="10002" type="1"/>
		<key funcID="2" code="40" name="DOWN" dataID="10002" type="1"/>
		<key funcID="3" code="37" name="LEFT" dataID="10002" type="1"/>
		<key funcID="4" code="39" name="RIGHT" dataID="10002" type="1"/>
		-->
		<key funcID="1" code="87" name="W" dataID="10002" type="1"/>
		<key funcID="2" code="83" name="S" dataID="10002" type="1"/>
		<key funcID="3" code="65" name="A" dataID="10002" type="1"/>
		<key funcID="4" code="68" name="D" dataID="10002" type="1"/>
		<key funcID="5" code="75" name="K" dataID="11001" type="1"/>
		
		<!-- 功能快捷键-->
		<key funcID="12" code="74" name="J" dataID="" type="2"/>
		<key funcID="35" code="76" name="L" dataID="" type="2"/>
		<key funcID="31" code="77" name="M" dataID="" type="2"/>
		<key funcID="33" code="88" name="X" dataID="11001" type="1"/>
		<!-- 技能快捷键-->
		<key funcID="10" code="89" name="Y" dataID="" type=""/>
		<key funcID="28" code="85" name="U" dataID="" type=""/>
		<key funcID="13" code="73" name="I" dataID="" type=""/>
		<key funcID="26" code="79" name="O" dataID="" type=""/>
		<key funcID="32" code="80" name="P" dataID="" type=""/>
		
		<!--数字 快捷键-->
		<key funcID="40" code="48" name="0" dataID="" type=""/>
		<key funcID="41" code="49" name="1" dataID="" type=""/>
		<key funcID="42" code="50" name="2" dataID="" type=""/>
		<key funcID="43" code="51" name="3" dataID="" type=""/>
		<key funcID="44" code="52" name="4" dataID="" type=""/>
		<key funcID="45" code="53" name="5" dataID="" type=""/>
		<key funcID="46" code="54" name="6" dataID="" type=""/>
		<key funcID="47" code="55" name="7" dataID="" type=""/>
		<key funcID="48" code="56" name="8" dataID="" type=""/>
		<key funcID="49" code="57" name="9" dataID="" type=""/>
	</single>
	<!--code 组合键动作ID，dataID 动作ID-->
	<mix>
		<!--移动：左上-->
		<key func="1,3" dataID="10002" type="1"/>
		<!--移动：左下-->
		<key func="2,3" dataID="10002" type="1"/>
		<!--移动：右上-->
		<key func="1,4" dataID="10002" type="1"/>
		<!--移动：右下-->
		<key func="2,4" dataID="10002" type="1"/>
	</mix>
	<!--code 顺序键动作ID，dataID 动作ID-->
	<order>
		<!--跑：上-->
		<key func="1,1" dataID="10003" type="1"/>
		<!--跑：下-->
		<key func="2,2" dataID="10003" type="1"/>
		<!--跑：左-->
		<key func="3,3" dataID="10003" type="1"/>
		<!--跑：右-->
		<key func="4,4" dataID="10003" type="1"/>
	</order>
</root>