<!--
	 地图功能组件配置表
	 isFB是否切换到的是副本
	 isStop 鼠标放上去是否跳到第2帧
	 des 鼠标移上去的提示
-->
<!-- 从场景FromMap进入本场景时，玩家将出现在 (PosX, PosY)
	 <Entries>节点下的表示几个进出点玩家出现的坐标
	 <changeMapComp>节点下表示切换场景组件
	 <funComp>节点下表示点击，然后走近触发某个动作
	 <autoComp>节点下表示不需要点击，走到碰撞区域就触发的动作
-->
     <!-- 
	 landId 表示该社区场景位于哪个大陆，1=东,2=南,3=中,4=北,5=西
	 root 表示从该地图被踢出后出现在哪个场景
	 -->
<Maps>
	<map id="1" landId="1" name="一气学院" pos="356,1102" minLv="1" maxLv="7" root="1"/>
	<map id="2" landId="1" name="武圣大殿" pos="1459,388" root="1"/>
	<map id="3" landId="1" name="练功房" pos="630,465" root="1"/>
	<map id="4" landId="1" name="正气书院" pos="754,525" root="7"/>
	<map id="5" landId="1" name="药店" pos="470,350" root="1"/>
	<map id="6" landId="1" name="矿山镇" pos="246,450" minLv="8" maxLv="14" root="6"/>
	<!-- 
	<map id="7" landId="1" name="功夫城" pos="1150,550" minLv="23" maxLv="26" root="7"/>
	-->
	<map id="8" landId="1" name="宝石楼一层" pos="246,450" root="6"/>
	<map id="9" landId="1" name="宝石楼二层" pos="808,369" root="6"/>
	<map id="10" landId="1" name="功夫城防具店" pos="808,369" root="7"/>
	<map id="11" landId="1" name="功夫城玄铁铺" pos="246,450" root="7"/>
	<map id="12" landId="1" name="功夫城万国商会" pos="500,369" root="7"/>
	<map id="13" landId="1" name="镇长家" pos="331,360" root="6"/>
	<map id="14" landId="1" name="十字路口" pos="550,530" minLv="15" maxLv="22" root="14"/>
	<map id="15" landId="1" name="虎丘" pos="241,433" minLv="27" maxLv="30" root="15"/>
	<map id="16" landId="1" name="奇面族营地" pos="267,445" minLv="31" maxLv="33" root="16"/>
	<map id="17" landId="1" name="药房二楼" pos="228,445" root="1"/>
	<map id="18" landId="1" name="功夫城城西" pos="1693,499" minLv="23" maxLv="26" root="18"/>
	<map id="19" landId="1" name="倚天塔" pos="600,280" minLv="38" maxLv="40" root="19"/>
	<map id="20" landId="1" name="小黑屋" pos="211,434" root="7"/>
	<map id="21" landId="1" name="功夫城药店" pos="744,542" root="7"/>
	<map id="22" landId="1" name="铸剑谷" pos="1120,590" minLv="34" maxLv="37" root="22"/>
	<map id="23" landId="1" name="溪涧洞" pos="223,447" root="1"/>
	<map id="24" name="伏魔塔" pos="237,520" minLv="10" maxLv="11" root="24"/>
	<map id="25" landId="1" name="青甲龙阁" pos="237,520" root="1"/>
	<map id="26" landId="1" name="凝翠崖" pos="190,340" minLv="41" maxLv="44" root="26"/>
	<map id="27" landId="1" name="壶口关" pos="1130,160" minLv="45" maxLv="49" root="27"/>
	<map id="28" name="试炼崖" pos="561,385" minLv="10" maxLv="11" root="28"/>
	<map id="29" landId="1" name="万博会" pos="250,400" root="7"/>
	<!--
	<map id="30" landId="1" name="功夫大擂台" pos="786,413" root="7"/>
	-->
	<map id="31" landId="2" name="静谧之海" pos="970,224" minLv="1" maxLv="10"  root="31"/>
	<map id="32" landId="2" name="碧影裂谷" pos="590,261" minLv="50" maxLv="54" root="32"/>
	<map id="33" landId="2" name="赤岩海山" pos="353,522" minLv="55" maxLv="56" root="33"/>
	<map id="34" landId="2" name="遗迹之海" pos="764,1177" minLv="58" maxLv="62" root="34"/>
	<map id="35" landId="1" name="人偶武馆" pos="178,439" root="18"/>
	<map id="36" landId="4" name="水晶法阵" pos="178,439" root="60"/>
	<map id="37" landId="4" name="水晶小径" pos="178,439" root="60"/>
	<map id="38" landId="1" name="比武会场" pos="451,402" root="38"/>
	<map id="39" landId="4" name="水晶之核" pos="451,402" root="60"/>
	<map id="40" landId="1" name="功夫家园" pos="614,941" root="1"/>
	<map id="41" landId="3" name="楼兰城" pos="226,768" root="41"/>
	<map id="42" landId="3" name="楼兰宝藏入口" pos="483,308" root="41"/>
	<map id="43" resID="43" landId="1" name="答题房间" pos="909,542" root="1"/>
	<map id="44" resID="43" landId="1" name="答题房间" pos="1153,715" root="1"/>
	<map id="45" resID="43" landId="1" name="答题房间" pos="1153,715" root="1"/>
	<map id="46" resID="43" landId="1" name="答题房间" pos="1153,715" root="1"/>
	<map id="47" resID="43" landId="1" name="答题房间" pos="1153,715" root="1"/>
	<map id="48" resID="43" landId="1" name="答题房间" pos="1153,715" root="1"/>
	<map id="49" resID="43" landId="1" name="答题房间" pos="1153,715" root="1"/>
	<map id="50" resID="43" landId="1" name="答题房间" pos="1153,715" root="1"/>
	<map id="51" resID="43" landId="1" name="答题房间" pos="1153,715" root="1"/>
	<map id="52" resID="43" landId="1" name="答题房间" pos="1153,715" root="1"/>
	<map id="53" landId="3" name="上古战场" pos="447,762" root="53"/>
	<map id="54" landId="3" name="空中花园" pos="240,880" root="54"/>
	<map id="55" landId="4" name="冰封城" pos="342,1109" root="55"/>
	<map id="56" landId="4" name="风之雪域" pos="1866,161" root="56"/>
	<map id="57" landId="4" name="冰河小镇" pos="1296,447" root="57"/>
	<!--新功夫城场景-->
	<map id="7" landId="1" name="功夫城广场" pos="1210,700" minLv="23" maxLv="26" root="7"/>
	<map id="30" landId="1" name="功夫城北区" pos="1150,550" minLv="23" maxLv="26" root="7"/>
	<map id="12" landId="1" name="功夫城东区" pos="1150,550" minLv="23" maxLv="26" root="7"/>
	<map id="58" landId="1" name="功夫城西区" pos="1150,550" minLv="23" maxLv="26" root="7"/>
	<map id="59" landId="1" name="功夫城南区" pos="1150,550" minLv="23" maxLv="26" root="7"/>
	
	<map id="60" landId="4" name="水晶森林" pos="420,490" root="60"/>
	<map id="61" landId="1" name="家园" pos="614,941" root="7"/>
	<map id="62" landId="5" name="秽土深渊" pos="1395,395" root="62"/>
	<map id="63" landId="5" name="先锋哨岗" pos="795,490" root="63"/>
	<map id="64" landId="5" name="虚空炼狱" pos="520,480" root="64"/>
	
	<!--非真实地图显示场景-->
	<map id="1001" landId="3" name="九天连环阵" pos="604,853" root="53"/>
	<map id="1002" landId="1" name="守护神阵地" pos="220,424" root="1"/>
	<map id="1003" landId="1" name="侠士圣殿" pos="1160,390" root="7"/>
	<map id="1004" resID="1004" landId="3" name="荣誉之战" pos="500,350" root="1"/>
	<map id="1005" resID="1004" landId="3" name="荣誉之战" pos="500,350" root="1"/>
	<map id="1006" resID="1004" landId="3" name="荣誉之战" pos="500,350" root="1"/>
	<map id="1007" resID="1004" landId="3" name="荣誉之战" pos="500,350" root="1"/>
	<map id="1008" resID="1004" landId="3" name="荣誉之战" pos="500,350" root="1"/>
	<map id="1009" resID="1004" landId="3" name="荣誉之战" pos="500,350" root="1"/>
	<map id="1010" resID="1004" landId="3" name="荣誉之战" pos="500,350" root="1"/>
	<map id="1011" resID="1004" landId="3" name="荣誉之战" pos="500,350" root="1"/>
	<map id="1012" resID="1004" landId="3" name="荣誉之战" pos="500,350" root="1"/>
	<map id="1013" resID="1004" landId="3" name="荣誉之战" pos="500,350" root="1"/>
	<!--城战-->
	<map id="1020" landId="3" name="上路红方二塔" pos="350,300" root="1"/>
	<map id="1021" landId="3" name="上路红方一塔" pos="500,300" root="1"/>
	<map id="1022" landId="3" name="上路大桥" pos="500,350" root="1"/>
	<map id="1023" landId="3" name="上路蓝方一塔" pos="1400,300" root="1"/>
	<map id="1024" landId="3" name="上路蓝方二塔" pos="1400,300" root="1"/>
	<map id="1025" landId="3" name="中路红方二塔" pos="450,550" root="1"/>
	<map id="1026" landId="3" name="中路红方一塔" pos="400,500" root="1"/>
	<map id="1027" landId="3" name="中路大桥" pos="500,350" root="1"/>
	<map id="1028" landId="3" name="中路蓝方一塔" pos="1500,450" root="1"/>
	<map id="1029" landId="3" name="中路蓝方二塔" pos="1500,450" root="1"/>
	<map id="1030" landId="3" name="下路红方二塔" pos="500,300" root="1"/>
	<map id="1031" landId="3" name="下路红方一塔" pos="500,300" root="1"/>
	<map id="1032" landId="3" name="下路大桥" pos="500,350" root="1"/>
	<map id="1033" landId="3" name="下路蓝方一塔" pos="1500,300" root="1"/>
	<map id="1034" landId="3" name="下路蓝方二塔" pos="1450,300" root="1"/>
	<map id="1035" landId="3" name="红方大营" pos="708,509" root="1"/>
	<map id="1036" landId="3" name="蓝方大营" pos="2003,508" root="1"/>
	<!-- 阴曹地府 -->
	<map id="1037" landId="1" name="阴曹地府" pos="1210,700" root="7"/>

</Maps>
