<?xml version="1.0"?>
<root><level lv="1" damage1="42" damage2="70" damage3="84" damage4="168" damage5="252">
</level><level lv="2" damage1="51" damage2="85" damage3="102" damage4="204" damage5="306">
</level><level lv="3" damage1="60" damage2="100" damage3="120" damage4="240" damage5="360">
</level><level lv="4" damage1="69" damage2="115" damage3="138" damage4="276" damage5="414">
</level><level lv="5" damage1="78" damage2="130" damage3="156" damage4="312" damage5="468">
</level><level lv="6" damage1="87" damage2="145" damage3="174" damage4="348" damage5="522">
</level><level lv="7" damage1="96" damage2="160" damage3="192" damage4="384" damage5="576">
</level><level lv="8" damage1="105" damage2="175" damage3="210" damage4="420" damage5="630">
</level><level lv="9" damage1="114" damage2="190" damage3="228" damage4="456" damage5="684">
</level><level lv="10" damage1="123" damage2="205" damage3="246" damage4="492" damage5="738">
</level><level lv="11" damage1="132" damage2="220" damage3="264" damage4="528" damage5="792">
</level><level lv="12" damage1="141" damage2="235" damage3="282" damage4="564" damage5="846">
</level><level lv="13" damage1="150" damage2="250" damage3="300" damage4="600" damage5="900">
</level><level lv="14" damage1="159" damage2="265" damage3="318" damage4="636" damage5="954">
</level><level lv="15" damage1="168" damage2="280" damage3="336" damage4="672" damage5="1008">
</level><level lv="16" damage1="177" damage2="295" damage3="354" damage4="708" damage5="1062">
</level><level lv="17" damage1="186" damage2="310" damage3="372" damage4="744" damage5="1116">
</level><level lv="18" damage1="195" damage2="325" damage3="390" damage4="780" damage5="1170">
</level><level lv="19" damage1="204" damage2="340" damage3="408" damage4="816" damage5="1224">
</level><level lv="20" damage1="213" damage2="355" damage3="426" damage4="852" damage5="1278">
</level><level lv="21" damage1="222" damage2="370" damage3="444" damage4="888" damage5="1332">
</level><level lv="22" damage1="231" damage2="385" damage3="462" damage4="924" damage5="1386">
</level><level lv="23" damage1="240" damage2="400" damage3="480" damage4="960" damage5="1440">
</level><level lv="24" damage1="249" damage2="415" damage3="498" damage4="996" damage5="1494">
</level><level lv="25" damage1="258" damage2="430" damage3="516" damage4="1032" damage5="1548">
</level><level lv="26" damage1="267" damage2="445" damage3="534" damage4="1068" damage5="1602">
</level><level lv="27" damage1="276" damage2="460" damage3="552" damage4="1104" damage5="1656">
</level><level lv="28" damage1="285" damage2="475" damage3="570" damage4="1140" damage5="1710">
</level><level lv="29" damage1="294" damage2="490" damage3="588" damage4="1176" damage5="1764">
</level><level lv="30" damage1="303" damage2="505" damage3="606" damage4="1212" damage5="1818">
</level><level lv="31" damage1="312" damage2="520" damage3="624" damage4="1248" damage5="1872">
</level><level lv="32" damage1="321" damage2="535" damage3="642" damage4="1284" damage5="1926">
</level><level lv="33" damage1="330" damage2="550" damage3="660" damage4="1320" damage5="1980">
</level><level lv="34" damage1="339" damage2="565" damage3="678" damage4="1356" damage5="2034">
</level><level lv="35" damage1="348" damage2="580" damage3="696" damage4="1392" damage5="2088">
</level><level lv="36" damage1="357" damage2="595" damage3="714" damage4="1428" damage5="2142">
</level><level lv="37" damage1="366" damage2="610" damage3="732" damage4="1464" damage5="2196">
</level><level lv="38" damage1="375" damage2="625" damage3="750" damage4="1500" damage5="2250">
</level><level lv="39" damage1="384" damage2="640" damage3="768" damage4="1536" damage5="2304">
</level><level lv="40" damage1="393" damage2="655" damage3="786" damage4="1572" damage5="2358">
</level><level lv="41" damage1="402" damage2="670" damage3="804" damage4="1608" damage5="2412">
</level><level lv="42" damage1="411" damage2="685" damage3="822" damage4="1644" damage5="2466">
</level><level lv="43" damage1="420" damage2="700" damage3="840" damage4="1680" damage5="2520">
</level><level lv="44" damage1="429" damage2="715" damage3="858" damage4="1716" damage5="2574">
</level><level lv="45" damage1="438" damage2="730" damage3="876" damage4="1752" damage5="2628">
</level><level lv="46" damage1="447" damage2="745" damage3="894" damage4="1788" damage5="2682">
</level><level lv="47" damage1="456" damage2="760" damage3="912" damage4="1824" damage5="2736">
</level><level lv="48" damage1="465" damage2="775" damage3="930" damage4="1860" damage5="2790">
</level><level lv="49" damage1="474" damage2="790" damage3="948" damage4="1896" damage5="2844">
</level><level lv="50" damage1="483" damage2="805" damage3="966" damage4="1932" damage5="2898">
</level><level lv="51" damage1="492" damage2="820" damage3="984" damage4="1968" damage5="2952">
</level><level lv="52" damage1="501" damage2="835" damage3="1002" damage4="2004" damage5="3006">
</level><level lv="53" damage1="510" damage2="850" damage3="1020" damage4="2040" damage5="3060">
</level><level lv="54" damage1="519" damage2="865" damage3="1038" damage4="2076" damage5="3114">
</level><level lv="55" damage1="528" damage2="880" damage3="1056" damage4="2112" damage5="3168">
</level><level lv="56" damage1="537" damage2="895" damage3="1074" damage4="2148" damage5="3222">
</level><level lv="57" damage1="546" damage2="910" damage3="1092" damage4="2184" damage5="3276">
</level><level lv="58" damage1="555" damage2="925" damage3="1110" damage4="2220" damage5="3330">
</level><level lv="59" damage1="564" damage2="940" damage3="1128" damage4="2256" damage5="3384">
</level><level lv="60" damage1="573" damage2="955" damage3="1146" damage4="2292" damage5="3438">
</level><level lv="61" damage1="582" damage2="970" damage3="1164" damage4="2328" damage5="3492">
</level><level lv="62" damage1="591" damage2="985" damage3="1182" damage4="2364" damage5="3546">
</level><level lv="63" damage1="600" damage2="1000" damage3="1200" damage4="2400" damage5="3600">
</level><level lv="64" damage1="609" damage2="1015" damage3="1218" damage4="2436" damage5="3654">
</level><level lv="65" damage1="618" damage2="1030" damage3="1236" damage4="2472" damage5="3708">
</level><level lv="66" damage1="627" damage2="1045" damage3="1254" damage4="2508" damage5="3762">
</level><level lv="67" damage1="636" damage2="1060" damage3="1272" damage4="2544" damage5="3816">
</level><level lv="68" damage1="645" damage2="1075" damage3="1290" damage4="2580" damage5="3870">
</level><level lv="69" damage1="654" damage2="1090" damage3="1308" damage4="2616" damage5="3924">
</level><level lv="70" damage1="663" damage2="1105" damage3="1326" damage4="2652" damage5="3978">
</level><level lv="71" damage1="672" damage2="1120" damage3="1344" damage4="2688" damage5="4032">
</level><level lv="72" damage1="681" damage2="1135" damage3="1362" damage4="2724" damage5="4086">
</level><level lv="73" damage1="690" damage2="1150" damage3="1380" damage4="2760" damage5="4140">
</level><level lv="74" damage1="699" damage2="1165" damage3="1398" damage4="2796" damage5="4194">
</level><level lv="75" damage1="708" damage2="1180" damage3="1416" damage4="2832" damage5="4248">
</level><level lv="76" damage1="717" damage2="1195" damage3="1434" damage4="2868" damage5="4302">
</level><level lv="77" damage1="726" damage2="1210" damage3="1452" damage4="2904" damage5="4356">
</level><level lv="78" damage1="735" damage2="1225" damage3="1470" damage4="2940" damage5="4410">
</level><level lv="79" damage1="744" damage2="1240" damage3="1488" damage4="2976" damage5="4464">
</level><level lv="80" damage1="753" damage2="1255" damage3="1506" damage4="3012" damage5="4518">
</level><level lv="81" damage1="762" damage2="1270" damage3="1524" damage4="3048" damage5="4572">
</level><level lv="82" damage1="771" damage2="1285" damage3="1542" damage4="3084" damage5="4626">
</level><level lv="83" damage1="780" damage2="1300" damage3="1560" damage4="3120" damage5="4680">
</level><level lv="84" damage1="789" damage2="1315" damage3="1578" damage4="3156" damage5="4734">
</level><level lv="85" damage1="798" damage2="1330" damage3="1596" damage4="3192" damage5="4788">
</level><level lv="86" damage1="807" damage2="1345" damage3="1614" damage4="3228" damage5="4842">
</level><level lv="87" damage1="816" damage2="1360" damage3="1632" damage4="3264" damage5="4896">
</level><level lv="88" damage1="825" damage2="1375" damage3="1650" damage4="3300" damage5="4950">
</level><level lv="89" damage1="834" damage2="1390" damage3="1668" damage4="3336" damage5="5004">
</level><level lv="90" damage1="843" damage2="1405" damage3="1686" damage4="3372" damage5="5058">
</level><level lv="91" damage1="852" damage2="1420" damage3="1704" damage4="3408" damage5="5112">
</level><level lv="92" damage1="861" damage2="1435" damage3="1722" damage4="3444" damage5="5166">
</level><level lv="93" damage1="870" damage2="1450" damage3="1740" damage4="3480" damage5="5220">
</level><level lv="94" damage1="879" damage2="1465" damage3="1758" damage4="3516" damage5="5274">
</level><level lv="95" damage1="888" damage2="1480" damage3="1776" damage4="3552" damage5="5328">
</level><level lv="96" damage1="897" damage2="1495" damage3="1794" damage4="3588" damage5="5382">
</level><level lv="97" damage1="906" damage2="1510" damage3="1812" damage4="3624" damage5="5436">
</level><level lv="98" damage1="915" damage2="1525" damage3="1830" damage4="3660" damage5="5490">
</level><level lv="99" damage1="924" damage2="1540" damage3="1848" damage4="3696" damage5="5544">
</level><level lv="100" damage1="933" damage2="1555" damage3="1866" damage4="3732" damage5="5598">
</level><level lv="101" damage1="942" damage2="1570" damage3="1884" damage4="3768" damage5="5652">
</level><level lv="102" damage1="951" damage2="1585" damage3="1902" damage4="3804" damage5="5706">
</level><level lv="103" damage1="960" damage2="1600" damage3="1920" damage4="3840" damage5="5760">
</level><level lv="104" damage1="969" damage2="1615" damage3="1938" damage4="3876" damage5="5814">
</level><level lv="105" damage1="978" damage2="1630" damage3="1956" damage4="3912" damage5="5868">
</level><level lv="106" damage1="987" damage2="1645" damage3="1974" damage4="3948" damage5="5922">
</level><level lv="107" damage1="996" damage2="1660" damage3="1992" damage4="3984" damage5="5976">
</level><level lv="108" damage1="1005" damage2="1675" damage3="2010" damage4="4020" damage5="6030">
</level><level lv="109" damage1="1014" damage2="1690" damage3="2028" damage4="4056" damage5="6084">
</level><level lv="110" damage1="1023" damage2="1705" damage3="2046" damage4="4092" damage5="6138">
</level><level lv="111" damage1="1032" damage2="1720" damage3="2064" damage4="4128" damage5="6192">
</level><level lv="112" damage1="1041" damage2="1735" damage3="2082" damage4="4164" damage5="6246">
</level><level lv="113" damage1="1050" damage2="1750" damage3="2100" damage4="4200" damage5="6300">
</level><level lv="114" damage1="1059" damage2="1765" damage3="2118" damage4="4236" damage5="6354">
</level><level lv="115" damage1="1068" damage2="1780" damage3="2136" damage4="4272" damage5="6408">
</level><level lv="116" damage1="1077" damage2="1795" damage3="2154" damage4="4308" damage5="6462">
</level><level lv="117" damage1="1086" damage2="1810" damage3="2172" damage4="4344" damage5="6516">
</level><level lv="118" damage1="1095" damage2="1825" damage3="2190" damage4="4380" damage5="6570">
</level><level lv="119" damage1="1104" damage2="1840" damage3="2208" damage4="4416" damage5="6624">
</level><level lv="120" damage1="1113" damage2="1855" damage3="2226" damage4="4452" damage5="6678">
</level><level lv="121" damage1="1122" damage2="1870" damage3="2244" damage4="4488" damage5="6732">
</level><level lv="122" damage1="1131" damage2="1885" damage3="2262" damage4="4524" damage5="6786">
</level><level lv="123" damage1="1140" damage2="1900" damage3="2280" damage4="4560" damage5="6840">
</level><level lv="124" damage1="1149" damage2="1915" damage3="2298" damage4="4596" damage5="6894">
</level><level lv="125" damage1="1158" damage2="1930" damage3="2316" damage4="4632" damage5="6948">
</level><level lv="126" damage1="1167" damage2="1945" damage3="2334" damage4="4668" damage5="7002">
</level><level lv="127" damage1="1176" damage2="1960" damage3="2352" damage4="4704" damage5="7056">
</level><level lv="128" damage1="1185" damage2="1975" damage3="2370" damage4="4740" damage5="7110">
</level><level lv="129" damage1="1194" damage2="1990" damage3="2388" damage4="4776" damage5="7164">
</level><level lv="130" damage1="1203" damage2="2005" damage3="2406" damage4="4812" damage5="7218">
</level><level lv="131" damage1="1212" damage2="2020" damage3="2424" damage4="4848" damage5="7272">
</level><level lv="132" damage1="1221" damage2="2035" damage3="2442" damage4="4884" damage5="7326">
</level><level lv="133" damage1="1230" damage2="2050" damage3="2460" damage4="4920" damage5="7380">
</level><level lv="134" damage1="1239" damage2="2065" damage3="2478" damage4="4956" damage5="7434">
</level><level lv="135" damage1="1248" damage2="2080" damage3="2496" damage4="4992" damage5="7488">
</level><level lv="136" damage1="1257" damage2="2095" damage3="2514" damage4="5028" damage5="7542">
</level><level lv="137" damage1="1266" damage2="2110" damage3="2532" damage4="5064" damage5="7596">
</level><level lv="138" damage1="1275" damage2="2125" damage3="2550" damage4="5100" damage5="7650">
</level><level lv="139" damage1="1284" damage2="2140" damage3="2568" damage4="5136" damage5="7704">
</level><level lv="140" damage1="1293" damage2="2155" damage3="2586" damage4="5172" damage5="7758">
</level><level lv="141" damage1="1302" damage2="2170" damage3="2604" damage4="5208" damage5="7812">
</level><level lv="142" damage1="1311" damage2="2185" damage3="2622" damage4="5244" damage5="7866">
</level><level lv="143" damage1="1320" damage2="2200" damage3="2640" damage4="5280" damage5="7920">
</level><level lv="144" damage1="1329" damage2="2215" damage3="2658" damage4="5316" damage5="7974">
</level><level lv="145" damage1="1338" damage2="2230" damage3="2676" damage4="5352" damage5="8028">
</level><level lv="146" damage1="1347" damage2="2245" damage3="2694" damage4="5388" damage5="8082">
</level><level lv="147" damage1="1356" damage2="2260" damage3="2712" damage4="5424" damage5="8136">
</level><level lv="148" damage1="1365" damage2="2275" damage3="2730" damage4="5460" damage5="8190">
</level><level lv="149" damage1="1374" damage2="2290" damage3="2748" damage4="5496" damage5="8244">
</level><level lv="150" damage1="1383" damage2="2305" damage3="2766" damage4="5532" damage5="8298">
</level><level lv="151" damage1="1392" damage2="2320" damage3="2784" damage4="5568" damage5="8352">
</level><level lv="152" damage1="1401" damage2="2335" damage3="2802" damage4="5604" damage5="8406">
</level><level lv="153" damage1="1410" damage2="2350" damage3="2820" damage4="5640" damage5="8460">
</level><level lv="154" damage1="1419" damage2="2365" damage3="2838" damage4="5676" damage5="8514">
</level><level lv="155" damage1="1428" damage2="2380" damage3="2856" damage4="5712" damage5="8568">
</level><level lv="156" damage1="1437" damage2="2395" damage3="2874" damage4="5748" damage5="8622">
</level><level lv="157" damage1="1446" damage2="2410" damage3="2892" damage4="5784" damage5="8676">
</level><level lv="158" damage1="1455" damage2="2425" damage3="2910" damage4="5820" damage5="8730">
</level><level lv="159" damage1="1464" damage2="2440" damage3="2928" damage4="5856" damage5="8784">
</level><level lv="160" damage1="1473" damage2="2455" damage3="2946" damage4="5892" damage5="8838">
</level><level lv="161" damage1="1482" damage2="2470" damage3="2964" damage4="5928" damage5="8892">
</level><level lv="162" damage1="1491" damage2="2485" damage3="2982" damage4="5964" damage5="8946">
</level><level lv="163" damage1="1500" damage2="2500" damage3="3000" damage4="6000" damage5="9000">
</level><level lv="164" damage1="1509" damage2="2515" damage3="3018" damage4="6036" damage5="9054">
</level><level lv="165" damage1="1518" damage2="2530" damage3="3036" damage4="6072" damage5="9108">
</level><level lv="166" damage1="1527" damage2="2545" damage3="3054" damage4="6108" damage5="9162">
</level><level lv="167" damage1="1536" damage2="2560" damage3="3072" damage4="6144" damage5="9216">
</level><level lv="168" damage1="1545" damage2="2575" damage3="3090" damage4="6180" damage5="9270">
</level><level lv="169" damage1="1554" damage2="2590" damage3="3108" damage4="6216" damage5="9324">
</level><level lv="170" damage1="1563" damage2="2605" damage3="3126" damage4="6252" damage5="9378">
</level><level lv="171" damage1="1572" damage2="2620" damage3="3144" damage4="6288" damage5="9432">
</level><level lv="172" damage1="1581" damage2="2635" damage3="3162" damage4="6324" damage5="9486">
</level><level lv="173" damage1="1590" damage2="2650" damage3="3180" damage4="6360" damage5="9540">
</level><level lv="174" damage1="1599" damage2="2665" damage3="3198" damage4="6396" damage5="9594">
</level><level lv="175" damage1="1608" damage2="2680" damage3="3216" damage4="6432" damage5="9648">
</level><level lv="176" damage1="1617" damage2="2695" damage3="3234" damage4="6468" damage5="9702">
</level><level lv="177" damage1="1626" damage2="2710" damage3="3252" damage4="6504" damage5="9756">
</level><level lv="178" damage1="1635" damage2="2725" damage3="3270" damage4="6540" damage5="9810">
</level><level lv="179" damage1="1644" damage2="2740" damage3="3288" damage4="6576" damage5="9864">
</level><level lv="180" damage1="1653" damage2="2755" damage3="3306" damage4="6612" damage5="9918">
</level><level lv="181" damage1="1662" damage2="2770" damage3="3324" damage4="6648" damage5="9972">
</level><level lv="182" damage1="1671" damage2="2785" damage3="3342" damage4="6684" damage5="10026">
</level><level lv="183" damage1="1680" damage2="2800" damage3="3360" damage4="6720" damage5="10080">
</level><level lv="184" damage1="1689" damage2="2815" damage3="3378" damage4="6756" damage5="10134">
</level><level lv="185" damage1="1698" damage2="2830" damage3="3396" damage4="6792" damage5="10188">
</level><level lv="186" damage1="1707" damage2="2845" damage3="3414" damage4="6828" damage5="10242">
</level><level lv="187" damage1="1716" damage2="2860" damage3="3432" damage4="6864" damage5="10296">
</level><level lv="188" damage1="1725" damage2="2875" damage3="3450" damage4="6900" damage5="10350">
</level><level lv="189" damage1="1734" damage2="2890" damage3="3468" damage4="6936" damage5="10404">
</level><level lv="190" damage1="1743" damage2="2905" damage3="3486" damage4="6972" damage5="10458">
</level><level lv="191" damage1="1752" damage2="2920" damage3="3504" damage4="7008" damage5="10512">
</level><level lv="192" damage1="1761" damage2="2935" damage3="3522" damage4="7044" damage5="10566">
</level><level lv="193" damage1="1770" damage2="2950" damage3="3540" damage4="7080" damage5="10620">
</level><level lv="194" damage1="1779" damage2="2965" damage3="3558" damage4="7116" damage5="10674">
</level><level lv="195" damage1="1788" damage2="2980" damage3="3576" damage4="7152" damage5="10728">
</level><level lv="196" damage1="1797" damage2="2995" damage3="3594" damage4="7188" damage5="10782">
</level><level lv="197" damage1="1806" damage2="3010" damage3="3612" damage4="7224" damage5="10836">
</level><level lv="198" damage1="1815" damage2="3025" damage3="3630" damage4="7260" damage5="10890">
</level><level lv="199" damage1="1824" damage2="3040" damage3="3648" damage4="7296" damage5="10944">
</level><level lv="200" damage1="1833" damage2="3055" damage3="3666" damage4="7332" damage5="10998">
</level><level lv="201" damage1="1842" damage2="3070" damage3="3684" damage4="7368" damage5="11052">
</level><level lv="202" damage1="1851" damage2="3085" damage3="3702" damage4="7404" damage5="11106">
</level><level lv="203" damage1="1860" damage2="3100" damage3="3720" damage4="7440" damage5="11160">
</level><level lv="204" damage1="1869" damage2="3115" damage3="3738" damage4="7476" damage5="11214">
</level><level lv="205" damage1="1878" damage2="3130" damage3="3756" damage4="7512" damage5="11268">
</level><level lv="206" damage1="1887" damage2="3145" damage3="3774" damage4="7548" damage5="11322">
</level><level lv="207" damage1="1896" damage2="3160" damage3="3792" damage4="7584" damage5="11376">
</level><level lv="208" damage1="1905" damage2="3175" damage3="3810" damage4="7620" damage5="11430">
</level><level lv="209" damage1="1914" damage2="3190" damage3="3828" damage4="7656" damage5="11484">
</level><level lv="210" damage1="1923" damage2="3205" damage3="3846" damage4="7692" damage5="11538">
</level><level lv="211" damage1="1932" damage2="3220" damage3="3864" damage4="7728" damage5="11592">
</level><level lv="212" damage1="1941" damage2="3235" damage3="3882" damage4="7764" damage5="11646">
</level><level lv="213" damage1="1950" damage2="3250" damage3="3900" damage4="7800" damage5="11700">
</level><level lv="214" damage1="1959" damage2="3265" damage3="3918" damage4="7836" damage5="11754">
</level><level lv="215" damage1="1968" damage2="3280" damage3="3936" damage4="7872" damage5="11808">
</level><level lv="216" damage1="1977" damage2="3295" damage3="3954" damage4="7908" damage5="11862">
</level><level lv="217" damage1="1986" damage2="3310" damage3="3972" damage4="7944" damage5="11916">
</level><level lv="218" damage1="1995" damage2="3325" damage3="3990" damage4="7980" damage5="11970">
</level><level lv="219" damage1="2004" damage2="3340" damage3="4008" damage4="8016" damage5="12024">
</level><level lv="220" damage1="2013" damage2="3355" damage3="4026" damage4="8052" damage5="12078">
</level><level lv="221" damage1="2022" damage2="3370" damage3="4044" damage4="8088" damage5="12132">
</level><level lv="222" damage1="2031" damage2="3385" damage3="4062" damage4="8124" damage5="12186">
</level><level lv="223" damage1="2040" damage2="3400" damage3="4080" damage4="8160" damage5="12240">
</level><level lv="224" damage1="2049" damage2="3415" damage3="4098" damage4="8196" damage5="12294">
</level><level lv="225" damage1="2058" damage2="3430" damage3="4116" damage4="8232" damage5="12348">
</level><level lv="226" damage1="2067" damage2="3445" damage3="4134" damage4="8268" damage5="12402">
</level><level lv="227" damage1="2076" damage2="3460" damage3="4152" damage4="8304" damage5="12456">
</level><level lv="228" damage1="2085" damage2="3475" damage3="4170" damage4="8340" damage5="12510">
</level><level lv="229" damage1="2094" damage2="3490" damage3="4188" damage4="8376" damage5="12564">
</level><level lv="230" damage1="2103" damage2="3505" damage3="4206" damage4="8412" damage5="12618">
</level><level lv="231" damage1="2112" damage2="3520" damage3="4224" damage4="8448" damage5="12672">
</level><level lv="232" damage1="2121" damage2="3535" damage3="4242" damage4="8484" damage5="12726">
</level><level lv="233" damage1="2130" damage2="3550" damage3="4260" damage4="8520" damage5="12780">
</level><level lv="234" damage1="2139" damage2="3565" damage3="4278" damage4="8556" damage5="12834">
</level><level lv="235" damage1="2148" damage2="3580" damage3="4296" damage4="8592" damage5="12888">
</level><level lv="236" damage1="2157" damage2="3595" damage3="4314" damage4="8628" damage5="12942">
</level><level lv="237" damage1="2166" damage2="3610" damage3="4332" damage4="8664" damage5="12996">
</level><level lv="238" damage1="2175" damage2="3625" damage3="4350" damage4="8700" damage5="13050">
</level><level lv="239" damage1="2184" damage2="3640" damage3="4368" damage4="8736" damage5="13104">
</level><level lv="240" damage1="2193" damage2="3655" damage3="4386" damage4="8772" damage5="13158">
</level><level lv="241" damage1="2202" damage2="3670" damage3="4404" damage4="8808" damage5="13212">
</level><level lv="242" damage1="2211" damage2="3685" damage3="4422" damage4="8844" damage5="13266">
</level><level lv="243" damage1="2220" damage2="3700" damage3="4440" damage4="8880" damage5="13320">
</level><level lv="244" damage1="2229" damage2="3715" damage3="4458" damage4="8916" damage5="13374">
</level><level lv="245" damage1="2238" damage2="3730" damage3="4476" damage4="8952" damage5="13428">
</level><level lv="246" damage1="2247" damage2="3745" damage3="4494" damage4="8988" damage5="13482">
</level><level lv="247" damage1="2256" damage2="3760" damage3="4512" damage4="9024" damage5="13536">
</level><level lv="248" damage1="2265" damage2="3775" damage3="4530" damage4="9060" damage5="13590">
</level><level lv="249" damage1="2274" damage2="3790" damage3="4548" damage4="9096" damage5="13644">
</level><level lv="250" damage1="2283" damage2="3805" damage3="4566" damage4="9132" damage5="13698">
</level><level lv="251" damage1="2292" damage2="3820" damage3="4584" damage4="9168" damage5="13752">
</level><level lv="252" damage1="2301" damage2="3835" damage3="4602" damage4="9204" damage5="13806">
</level><level lv="253" damage1="2310" damage2="3850" damage3="4620" damage4="9240" damage5="13860">
</level><level lv="254" damage1="2319" damage2="3865" damage3="4638" damage4="9276" damage5="13914">
</level><level lv="255" damage1="2328" damage2="3880" damage3="4656" damage4="9312" damage5="13968">
</level><level lv="256" damage1="2337" damage2="3895" damage3="4674" damage4="9348" damage5="14022">
</level><level lv="257" damage1="2346" damage2="3910" damage3="4692" damage4="9384" damage5="14076">
</level><level lv="258" damage1="2355" damage2="3925" damage3="4710" damage4="9420" damage5="14130">
</level><level lv="259" damage1="2364" damage2="3940" damage3="4728" damage4="9456" damage5="14184">
</level><level lv="260" damage1="2373" damage2="3955" damage3="4746" damage4="9492" damage5="14238">
</level><level lv="261" damage1="2382" damage2="3970" damage3="4764" damage4="9528" damage5="14292">
</level><level lv="262" damage1="2391" damage2="3985" damage3="4782" damage4="9564" damage5="14346">
</level><level lv="263" damage1="2400" damage2="4000" damage3="4800" damage4="9600" damage5="14400">
</level><level lv="264" damage1="2409" damage2="4015" damage3="4818" damage4="9636" damage5="14454">
</level><level lv="265" damage1="2418" damage2="4030" damage3="4836" damage4="9672" damage5="14508">
</level><level lv="266" damage1="2427" damage2="4045" damage3="4854" damage4="9708" damage5="14562">
</level><level lv="267" damage1="2436" damage2="4060" damage3="4872" damage4="9744" damage5="14616">
</level><level lv="268" damage1="2445" damage2="4075" damage3="4890" damage4="9780" damage5="14670">
</level><level lv="269" damage1="2454" damage2="4090" damage3="4908" damage4="9816" damage5="14724">
</level><level lv="270" damage1="2463" damage2="4105" damage3="4926" damage4="9852" damage5="14778">
</level><level lv="271" damage1="2472" damage2="4120" damage3="4944" damage4="9888" damage5="14832">
</level><level lv="272" damage1="2481" damage2="4135" damage3="4962" damage4="9924" damage5="14886">
</level><level lv="273" damage1="2490" damage2="4150" damage3="4980" damage4="9960" damage5="14940">
</level><level lv="274" damage1="2499" damage2="4165" damage3="4998" damage4="9996" damage5="14994">
</level><level lv="275" damage1="2508" damage2="4180" damage3="5016" damage4="10032" damage5="15048">
</level><level lv="276" damage1="2517" damage2="4195" damage3="5034" damage4="10068" damage5="15102">
</level><level lv="277" damage1="2526" damage2="4210" damage3="5052" damage4="10104" damage5="15156">
</level><level lv="278" damage1="2535" damage2="4225" damage3="5070" damage4="10140" damage5="15210">
</level><level lv="279" damage1="2544" damage2="4240" damage3="5088" damage4="10176" damage5="15264">
</level><level lv="280" damage1="2553" damage2="4255" damage3="5106" damage4="10212" damage5="15318">
</level><level lv="281" damage1="2562" damage2="4270" damage3="5124" damage4="10248" damage5="15372">
</level><level lv="282" damage1="2571" damage2="4285" damage3="5142" damage4="10284" damage5="15426">
</level><level lv="283" damage1="2580" damage2="4300" damage3="5160" damage4="10320" damage5="15480">
</level><level lv="284" damage1="2589" damage2="4315" damage3="5178" damage4="10356" damage5="15534">
</level><level lv="285" damage1="2598" damage2="4330" damage3="5196" damage4="10392" damage5="15588">
</level><level lv="286" damage1="2607" damage2="4345" damage3="5214" damage4="10428" damage5="15642">
</level><level lv="287" damage1="2616" damage2="4360" damage3="5232" damage4="10464" damage5="15696">
</level><level lv="288" damage1="2625" damage2="4375" damage3="5250" damage4="10500" damage5="15750">
</level><level lv="289" damage1="2634" damage2="4390" damage3="5268" damage4="10536" damage5="15804">
</level><level lv="290" damage1="2643" damage2="4405" damage3="5286" damage4="10572" damage5="15858">
</level><level lv="291" damage1="2652" damage2="4420" damage3="5304" damage4="10608" damage5="15912">
</level><level lv="292" damage1="2661" damage2="4435" damage3="5322" damage4="10644" damage5="15966">
</level><level lv="293" damage1="2670" damage2="4450" damage3="5340" damage4="10680" damage5="16020">
</level><level lv="294" damage1="2679" damage2="4465" damage3="5358" damage4="10716" damage5="16074">
</level><level lv="295" damage1="2688" damage2="4480" damage3="5376" damage4="10752" damage5="16128">
</level><level lv="296" damage1="2697" damage2="4495" damage3="5394" damage4="10788" damage5="16182">
</level><level lv="297" damage1="2706" damage2="4510" damage3="5412" damage4="10824" damage5="16236">
</level><level lv="298" damage1="2715" damage2="4525" damage3="5430" damage4="10860" damage5="16290">
</level><level lv="299" damage1="2724" damage2="4540" damage3="5448" damage4="10896" damage5="16344">
</level><level lv="300" damage1="2733" damage2="4555" damage3="5466" damage4="10932" damage5="16398">
</level><level lv="301" damage1="2742" damage2="4570" damage3="5484" damage4="10968" damage5="16452">
</level><level lv="302" damage1="2751" damage2="4585" damage3="5502" damage4="11004" damage5="16506">
</level><level lv="303" damage1="2760" damage2="4600" damage3="5520" damage4="11040" damage5="16560">
</level><level lv="304" damage1="2769" damage2="4615" damage3="5538" damage4="11076" damage5="16614">
</level><level lv="305" damage1="2778" damage2="4630" damage3="5556" damage4="11112" damage5="16668">
</level><level lv="306" damage1="2787" damage2="4645" damage3="5574" damage4="11148" damage5="16722">
</level><level lv="307" damage1="2796" damage2="4660" damage3="5592" damage4="11184" damage5="16776">
</level><level lv="308" damage1="2805" damage2="4675" damage3="5610" damage4="11220" damage5="16830">
</level><level lv="309" damage1="2814" damage2="4690" damage3="5628" damage4="11256" damage5="16884">
</level><level lv="310" damage1="2823" damage2="4705" damage3="5646" damage4="11292" damage5="16938">
</level><level lv="311" damage1="2832" damage2="4720" damage3="5664" damage4="11328" damage5="16992">
</level><level lv="312" damage1="2841" damage2="4735" damage3="5682" damage4="11364" damage5="17046">
</level><level lv="313" damage1="2850" damage2="4750" damage3="5700" damage4="11400" damage5="17100">
</level><level lv="314" damage1="2859" damage2="4765" damage3="5718" damage4="11436" damage5="17154">
</level><level lv="315" damage1="2868" damage2="4780" damage3="5736" damage4="11472" damage5="17208">
</level><level lv="316" damage1="2877" damage2="4795" damage3="5754" damage4="11508" damage5="17262">
</level><level lv="317" damage1="2886" damage2="4810" damage3="5772" damage4="11544" damage5="17316">
</level><level lv="318" damage1="2895" damage2="4825" damage3="5790" damage4="11580" damage5="17370">
</level><level lv="319" damage1="2904" damage2="4840" damage3="5808" damage4="11616" damage5="17424">
</level><level lv="320" damage1="2913" damage2="4855" damage3="5826" damage4="11652" damage5="17478">
</level><level lv="321" damage1="2922" damage2="4870" damage3="5844" damage4="11688" damage5="17532">
</level><level lv="322" damage1="2931" damage2="4885" damage3="5862" damage4="11724" damage5="17586">
</level><level lv="323" damage1="2940" damage2="4900" damage3="5880" damage4="11760" damage5="17640">
</level><level lv="324" damage1="2949" damage2="4915" damage3="5898" damage4="11796" damage5="17694">
</level><level lv="325" damage1="2958" damage2="4930" damage3="5916" damage4="11832" damage5="17748">
</level><level lv="326" damage1="2967" damage2="4945" damage3="5934" damage4="11868" damage5="17802">
</level><level lv="327" damage1="2976" damage2="4960" damage3="5952" damage4="11904" damage5="17856">
</level><level lv="328" damage1="2985" damage2="4975" damage3="5970" damage4="11940" damage5="17910">
</level><level lv="329" damage1="2994" damage2="4990" damage3="5988" damage4="11976" damage5="17964">
</level><level lv="330" damage1="3003" damage2="5005" damage3="6006" damage4="12012" damage5="18018">
</level><level lv="331" damage1="3012" damage2="5020" damage3="6024" damage4="12048" damage5="18072">
</level><level lv="332" damage1="3021" damage2="5035" damage3="6042" damage4="12084" damage5="18126">
</level><level lv="333" damage1="3030" damage2="5050" damage3="6060" damage4="12120" damage5="18180">
</level><level lv="334" damage1="3039" damage2="5065" damage3="6078" damage4="12156" damage5="18234">
</level><level lv="335" damage1="3048" damage2="5080" damage3="6096" damage4="12192" damage5="18288">
</level><level lv="336" damage1="3057" damage2="5095" damage3="6114" damage4="12228" damage5="18342">
</level><level lv="337" damage1="3066" damage2="5110" damage3="6132" damage4="12264" damage5="18396">
</level><level lv="338" damage1="3075" damage2="5125" damage3="6150" damage4="12300" damage5="18450">
</level><level lv="339" damage1="3084" damage2="5140" damage3="6168" damage4="12336" damage5="18504">
</level><level lv="340" damage1="3093" damage2="5155" damage3="6186" damage4="12372" damage5="18558">
</level><level lv="341" damage1="3102" damage2="5170" damage3="6204" damage4="12408" damage5="18612">
</level><level lv="342" damage1="3111" damage2="5185" damage3="6222" damage4="12444" damage5="18666">
</level><level lv="343" damage1="3120" damage2="5200" damage3="6240" damage4="12480" damage5="18720">
</level><level lv="344" damage1="3129" damage2="5215" damage3="6258" damage4="12516" damage5="18774">
</level><level lv="345" damage1="3138" damage2="5230" damage3="6276" damage4="12552" damage5="18828">
</level><level lv="346" damage1="3147" damage2="5245" damage3="6294" damage4="12588" damage5="18882">
</level><level lv="347" damage1="3156" damage2="5260" damage3="6312" damage4="12624" damage5="18936">
</level><level lv="348" damage1="3165" damage2="5275" damage3="6330" damage4="12660" damage5="18990">
</level><level lv="349" damage1="3174" damage2="5290" damage3="6348" damage4="12696" damage5="19044">
</level><level lv="350" damage1="3183" damage2="5305" damage3="6366" damage4="12732" damage5="19098">
</level><level lv="351" damage1="3192" damage2="5320" damage3="6384" damage4="12768" damage5="19152">
</level><level lv="352" damage1="3201" damage2="5335" damage3="6402" damage4="12804" damage5="19206">
</level><level lv="353" damage1="3210" damage2="5350" damage3="6420" damage4="12840" damage5="19260">
</level><level lv="354" damage1="3219" damage2="5365" damage3="6438" damage4="12876" damage5="19314">
</level><level lv="355" damage1="3228" damage2="5380" damage3="6456" damage4="12912" damage5="19368">
</level><level lv="356" damage1="3237" damage2="5395" damage3="6474" damage4="12948" damage5="19422">
</level><level lv="357" damage1="3246" damage2="5410" damage3="6492" damage4="12984" damage5="19476">
</level><level lv="358" damage1="3255" damage2="5425" damage3="6510" damage4="13020" damage5="19530">
</level><level lv="359" damage1="3264" damage2="5440" damage3="6528" damage4="13056" damage5="19584">
</level><level lv="360" damage1="3273" damage2="5455" damage3="6546" damage4="13092" damage5="19638">
</level><level lv="361" damage1="3282" damage2="5470" damage3="6564" damage4="13128" damage5="19692">
</level><level lv="362" damage1="3291" damage2="5485" damage3="6582" damage4="13164" damage5="19746">
</level><level lv="363" damage1="3300" damage2="5500" damage3="6600" damage4="13200" damage5="19800">
</level><level lv="364" damage1="3309" damage2="5515" damage3="6618" damage4="13236" damage5="19854">
</level><level lv="365" damage1="3318" damage2="5530" damage3="6636" damage4="13272" damage5="19908">
</level><level lv="366" damage1="3327" damage2="5545" damage3="6654" damage4="13308" damage5="19962">
</level><level lv="367" damage1="3336" damage2="5560" damage3="6672" damage4="13344" damage5="20016">
</level><level lv="368" damage1="3345" damage2="5575" damage3="6690" damage4="13380" damage5="20070">
</level><level lv="369" damage1="3354" damage2="5590" damage3="6708" damage4="13416" damage5="20124">
</level><level lv="370" damage1="3363" damage2="5605" damage3="6726" damage4="13452" damage5="20178">
</level><level lv="371" damage1="3372" damage2="5620" damage3="6744" damage4="13488" damage5="20232">
</level><level lv="372" damage1="3381" damage2="5635" damage3="6762" damage4="13524" damage5="20286">
</level><level lv="373" damage1="3390" damage2="5650" damage3="6780" damage4="13560" damage5="20340">
</level><level lv="374" damage1="3399" damage2="5665" damage3="6798" damage4="13596" damage5="20394">
</level><level lv="375" damage1="3408" damage2="5680" damage3="6816" damage4="13632" damage5="20448">
</level><level lv="376" damage1="3417" damage2="5695" damage3="6834" damage4="13668" damage5="20502">
</level><level lv="377" damage1="3426" damage2="5710" damage3="6852" damage4="13704" damage5="20556">
</level><level lv="378" damage1="3435" damage2="5725" damage3="6870" damage4="13740" damage5="20610">
</level><level lv="379" damage1="3444" damage2="5740" damage3="6888" damage4="13776" damage5="20664">
</level><level lv="380" damage1="3453" damage2="5755" damage3="6906" damage4="13812" damage5="20718">
</level><level lv="381" damage1="3462" damage2="5770" damage3="6924" damage4="13848" damage5="20772">
</level><level lv="382" damage1="3471" damage2="5785" damage3="6942" damage4="13884" damage5="20826">
</level><level lv="383" damage1="3480" damage2="5800" damage3="6960" damage4="13920" damage5="20880">
</level><level lv="384" damage1="3489" damage2="5815" damage3="6978" damage4="13956" damage5="20934">
</level><level lv="385" damage1="3498" damage2="5830" damage3="6996" damage4="13992" damage5="20988">
</level><level lv="386" damage1="3507" damage2="5845" damage3="7014" damage4="14028" damage5="21042">
</level><level lv="387" damage1="3516" damage2="5860" damage3="7032" damage4="14064" damage5="21096">
</level><level lv="388" damage1="3525" damage2="5875" damage3="7050" damage4="14100" damage5="21150">
</level><level lv="389" damage1="3534" damage2="5890" damage3="7068" damage4="14136" damage5="21204">
</level><level lv="390" damage1="3543" damage2="5905" damage3="7086" damage4="14172" damage5="21258">
</level><level lv="391" damage1="3552" damage2="5920" damage3="7104" damage4="14208" damage5="21312">
</level><level lv="392" damage1="3561" damage2="5935" damage3="7122" damage4="14244" damage5="21366">
</level><level lv="393" damage1="3570" damage2="5950" damage3="7140" damage4="14280" damage5="21420">
</level><level lv="394" damage1="3579" damage2="5965" damage3="7158" damage4="14316" damage5="21474">
</level><level lv="395" damage1="3588" damage2="5980" damage3="7176" damage4="14352" damage5="21528">
</level><level lv="396" damage1="3597" damage2="5995" damage3="7194" damage4="14388" damage5="21582">
</level><level lv="397" damage1="3606" damage2="6010" damage3="7212" damage4="14424" damage5="21636">
</level><level lv="398" damage1="3615" damage2="6025" damage3="7230" damage4="14460" damage5="21690">
</level><level lv="399" damage1="3624" damage2="6040" damage3="7248" damage4="14496" damage5="21744">
</level><level lv="400" damage1="3633" damage2="6055" damage3="7266" damage4="14532" damage5="21798">
</level></root>
