<monsters>
	<monster id="11001">
		<dialog id="1"><![CDATA[我勒个去]]></dialog>
		<dialog id="2"><![CDATA[挖<font color="#000000">擦</font>类]]></dialog>
	</monster>
	<monster id="11212">
		<dialog id="1"><![CDATA[荆棘护甲]]></dialog>
		<dialog id="2"><![CDATA[来打我啊！来打我啊！]]></dialog>
		<dialog id="4120031"><![CDATA[天崩地裂]]></dialog>
	</monster>
	
	<monster id="13001">
		<dialog id="1"><![CDATA[我不要拿去做铅笔]]></dialog>
	</monster>
	<monster id="13002">
		<dialog id="1"><![CDATA[我不要拿去做电线]]></dialog>
	</monster>
	<monster id="13003">
		<dialog id="1"><![CDATA[旋风击]]></dialog>
		<dialog id="4120004"><![CDATA[铁王冲击]]></dialog>
	</monster>
	<monster id="13004">
		<dialog id="1"><![CDATA[想吃我熊掌，我烧死你]]></dialog>
		<dialog id="4120010"><![CDATA[火焰烧烤]]></dialog>
	</monster>
	<monster id="13005">
		<dialog id="1"><![CDATA[狼牙峰峰拳]]></dialog>
		<dialog id="4120011"><![CDATA[赤峰小旋风]]></dialog>
	</monster>
	<monster id="13006">
		<dialog id="1"><![CDATA[南阳旋风]]></dialog>
		<dialog id="4120023"><![CDATA[无敌风火轮]]></dialog>
	</monster>
	<monster id="13007">
		<dialog id="1"><![CDATA[脊旋蜂群]]></dialog>
		<dialog id="4120022"><![CDATA[群峰乱舞]]></dialog>
	</monster>
	<monster id="13008">
		<dialog id="1"><![CDATA[哼哼哈嘿]]></dialog>
		<dialog id="4120005"><![CDATA[巴鲁五连击]]></dialog>
	</monster>
	<monster id="13009">
		<dialog id="1"><![CDATA[我是人畜无害的镇长，你好意思打我么]]></dialog>
		<dialog id="4120008"><![CDATA[看我的轰山雷]]></dialog>
	</monster>
	
	<monster id="13010">
		<dialog id="1"><![CDATA[小样你那里跑]]></dialog>
		<dialog id="4120024"><![CDATA[哈伯跳斩]]></dialog>
	</monster>
	<monster id="13011">
		<dialog id="1"><![CDATA[我是无敌铁金刚]]></dialog>
		<dialog id="4120019"><![CDATA[乾坤大挪移]]></dialog>
	</monster>
	
	<monster id="13013">
		<dialog id="1"><![CDATA[老虎不发威，你拿我当病猫啊]]></dialog>
		<dialog id="4020004"><![CDATA[老虎不发威，你当我是HELLO KITTY]]></dialog>
		</monster>
	<monster id="13014">
		<dialog id="1"><![CDATA[感谢人民，感谢党，感谢乔伊萨玛]]></dialog>
		<dialog id="4020004"><![CDATA[乾坤一击]]></dialog>
	</monster>
	<monster id="13015">
		<dialog id="1"><![CDATA[弟兄们，给我顶住]]></dialog>
		<dialog id="4020004"><![CDATA[蓄力一击]]></dialog>
	</monster>
	
	<monster id="13016">
		<dialog id="1"><![CDATA[大块头，也有大智慧]]></dialog>
		<dialog id="4120009"><![CDATA[胡图巨石]]></dialog>
	</monster>
	
	<monster id="13017">
		<dialog id="1"><![CDATA[沙克]]></dialog>
		<dialog id="4120037"><![CDATA[冰封千里]]></dialog>
		<dialog id="4120038"><![CDATA[烈焰千里]]></dialog>
	</monster>
	<monster id="13018">
		<dialog id="1"><![CDATA[不准说我是秃子]]></dialog>
		<dialog id="4029999"><![CDATA[不准说我是秃子]]></dialog>
	</monster>
	<monster id="13019">
		<dialog id="1"><![CDATA[天黑，该我上工了]]></dialog>
		<dialog id="4029999"><![CDATA[无影脚]]></dialog>
	</monster>
	<monster id="13020">
		<dialog id="1"><![CDATA[其实，做石头人很累，尤其是走路]]></dialog>
		<dialog id="4029999"><![CDATA[升龙拳]]></dialog>
	</monster>
	<monster id="13022">
		<dialog id="1"><![CDATA[！@#￥%……&*]]></dialog>
		<dialog id="4120021"><![CDATA[黑暗虚空]]></dialog>
	</monster>	
	<monster id="13024">
		<dialog id="1"><![CDATA[告诉你个小秘密，我其实是大象]]></dialog>
		<dialog id="4120032"><![CDATA[猛象冲击]]></dialog>
	</monster>
	<monster id="13026">
		<dialog id="1"><![CDATA[不准谈论我的长相]]></dialog>
		<dialog id="4020004"><![CDATA[不准谈论我的长相]]></dialog>
		
	</monster>
	
    
	
	
	
	
	
	
	<monster id="13027">
		<dialog id="1"><![CDATA[古鲁]]></dialog>
		<dialog id="4120046"><![CDATA[水盾]]></dialog>
	</monster>
	<monster id="13028">
		<dialog id="1"><![CDATA[希里]]></dialog>
		<dialog id="4120047"><![CDATA[小的们给我上啊]]></dialog>
	</monster>
	<monster id="13029">
		<dialog id="1"><![CDATA[祭潮]]></dialog>
		<dialog id="4120045"><![CDATA[神鱼摆尾]]></dialog>
	</monster>
	<monster id="13030">
		<dialog id="1"><![CDATA[逆水]]></dialog>
		<dialog id="4120044"><![CDATA[水雾冲击]]></dialog>
	</monster>
	<monster id="13031">
		<dialog id="1"><![CDATA[传音分身]]></dialog>
		<dialog id="4120018"><![CDATA[无敌影分身]]></dialog>
	</monster>
	<monster id="13032">
		<dialog id="1"><![CDATA[紫崖飞斧]]></dialog>
		<dialog id="4120020"><![CDATA[力劈华山]]></dialog>
	</monster>
	<monster id="13033">
		<dialog id="1"><![CDATA[盲牙]]></dialog>
		<dialog id="4020004"><![CDATA[黑暗剧毒]]></dialog>
	</monster>
	<monster id="13034">
		<dialog id="1"><![CDATA[告诉你个小秘密，我其实是大象]]></dialog>
		<dialog id="4120031"><![CDATA[天崩地裂]]></dialog>
	</monster>
	<monster id="13035">
		<dialog id="1"><![CDATA[夜晚是我的]]></dialog>
	</monster>
	<monster id="13036">
		<dialog id="1"><![CDATA[膜拜我吧，卑微的侠士]]></dialog>
		<dialog id="4020006"><![CDATA[膜拜我吧，卑微的侠士]]></dialog>
	</monster>	
	<monster id="13037">
		<dialog id="1"><![CDATA[膜拜我吧，卑微的侠士]]></dialog>
		<dialog id="4020006"><![CDATA[膜拜我吧，卑微的侠士]]></dialog>
	</monster>	
	<monster id="13038">
		<dialog id="1"><![CDATA[通灵猫冲击]]></dialog>
		<dialog id="4020006"><![CDATA[膜拜我吧，卑微的侠士]]></dialog>
	</monster>
	<monster id="13039">
		<dialog id="1"><![CDATA[兔子旋风斩]]></dialog>
		<dialog id="4120016"><![CDATA[宗大牙旋风]]></dialog>
	</monster>	
	<monster id="13040">
		<dialog id="1"><![CDATA[我要用萝卜绊倒到你]]></dialog>
		<dialog id="4120014"><![CDATA[我要用萝卜绊倒到你]]></dialog>
	</monster>	
	<monster id="13041">
		<dialog id="1"><![CDATA[灰三牙回复]]></dialog>
		<dialog id="4120012"><![CDATA[桃园结义]]></dialog>
	</monster>	
	<monster id="13042">
		<dialog id="1"><![CDATA[团结就是力量]]></dialog>
		<dialog id="4120012"><![CDATA[金刚牙旋风]]></dialog>
	</monster>	
	<monster id="13043">
		<dialog id="1"><![CDATA[昏符]]></dialog>
		<dialog id="4120051"><![CDATA[让你坐飞机]]></dialog>
	</monster>
	<monster id="13044">
		<dialog id="1"><![CDATA[怒眼]]></dialog>
		<dialog id="4029999"><![CDATA[震天灭地]]></dialog>
		</monster>
	<monster id="13045">
		<dialog id="1"><![CDATA[钢棘]]></dialog>
		<dialog id="4120052"><![CDATA[利刃三连击]]></dialog>
	</monster>
	<monster id="13046">
		<dialog id="1"><![CDATA[骸骨魔魂]]></dialog>
		<dialog id="4120052"><![CDATA[灵魂一击]]></dialog>
	</monster>
	<monster id="13047">
		<dialog id="1"><![CDATA[凿齿]]></dialog>
		<dialog id="4120059"><![CDATA[粘稠毒液]]></dialog>
	</monster>
	<monster id="13048">
		<dialog id="1"><![CDATA[黑角]]></dialog>
		<dialog id="4120068"><![CDATA[双面重锤]]></dialog>
	</monster>
	<monster id="13049">
		<dialog id="1"><![CDATA[魔化鸡风行]]></dialog>
		<dialog id="4120027"><![CDATA[魔化鸡风行]]></dialog>
	</monster>	
	<monster id="13050">
		<dialog id="1"><![CDATA[右奇摆拳]]></dialog>
		<dialog id="4120029"><![CDATA[天山六阳掌]]></dialog>
	</monster>	
	<monster id="13051">
		<dialog id="1"><![CDATA[右奇摆拳]]></dialog>
		<dialog id="4120034"><![CDATA[灵魂尖叫]]></dialog>
		<dialog id="4120035"><![CDATA[灵魂溅射]]></dialog>
		<dialog id="4030035"><![CDATA[灵魂匕首]]></dialog>
	</monster>
    <monster id="13052">
		<dialog id="1"><![CDATA[以礼相待，互相休息]]></dialog>
		<dialog id="2"><![CDATA[干的不错！我们继续吧！]]></dialog>
		<dialog id="4120039"><![CDATA[无敌剑刃]]></dialog>
		<dialog id="4120040"><![CDATA[尔等竟敢偷袭与我]]></dialog>
	</monster>	
	<monster id="13056">
		<dialog id="1"><![CDATA[赤鳍]]></dialog>
		<dialog id="4029999"><![CDATA[吃我一枪]]></dialog>
	</monster>
	<monster id="13057">
		<dialog id="1"><![CDATA[青环海蛇]]></dialog>
		<dialog id="4029999"><![CDATA[狂蟒之咬]]></dialog>
	</monster>
	<monster id="13058">
		<dialog id="1"><![CDATA[巨鳌]]></dialog>
		<dialog id="4029999"><![CDATA[尝尝我钳子的厉害]]></dialog>
	</monster>
	<monster id="13059">
		<dialog id="1"><![CDATA[吞噬者]]></dialog>
		<dialog id="4120069"><![CDATA[我要吞噬一切]]></dialog>
	</monster>
    <monster id="13060">
		<dialog id="1"><![CDATA[御电魔]]></dialog>
		<dialog id="4120070"><![CDATA[十万伏特]]></dialog>
	</monster>
	<monster id="13061">
		<dialog id="1"><![CDATA[闪光之牙]]></dialog>
		<dialog id="4120071"><![CDATA[我用电波打败你，哔哔……]]></dialog>
	</monster>
	<monster id="13071">
		<dialog id="1"><![CDATA[乔伊]]></dialog>
		<dialog id="4120062"><![CDATA[小的们，上]]></dialog>
		<dialog id="4120063"><![CDATA[双面无形]]></dialog>
	</monster>
	<monster id="13072">
		<dialog id="1"><![CDATA[愤怒的乔伊]]></dialog>
		<dialog id="2"><![CDATA[我愤怒了！]]></dialog>
		<dialog id="4120064"><![CDATA[你们这是自寻死路]]></dialog>
	</monster>
	<monster id="13073">
		<dialog id="1"><![CDATA[黑角]]></dialog>
		<dialog id="4120068"><![CDATA[双面重锤]]></dialog>
	</monster>
	<monster id="13074">
		<dialog id="1"><![CDATA[魔光黑眼]]></dialog>
		<dialog id="4029999"><![CDATA[吃我一杖]]></dialog>
	</monster>
	<monster id="13075">
		<dialog id="1"><![CDATA[斑纹巨蛤]]></dialog>
		<dialog id="4029999"><![CDATA[我浑身都可以当武器]]></dialog>
	</monster>
	<monster id="13076">
		<dialog id="1"><![CDATA[狂热之星]]></dialog>
		<dialog id="4120072"><![CDATA[水枪发射]]></dialog>
	</monster>
	<monster id="13077">
		<dialog id="1"><![CDATA[石破天鲸]]></dialog>
		<dialog id="4120074"><![CDATA[还是棒棒糖好！]]></dialog>
		<dialog id="4120075"><![CDATA[谁动了我的棒棒糖！！！]]></dialog>
		<dialog id="4120076"><![CDATA[xxxx！@#￥%……&*]]></dialog>
	</monster>
	<monster id="13078">
		<dialog id="1"><![CDATA[魔之火影]]></dialog>
		<dialog id="4120078"><![CDATA[火焰，吞噬他们]]></dialog>
	</monster>
	<monster id="13079">
		<dialog id="1"><![CDATA[幽光之脊]]></dialog>
		<dialog id="4120086"><![CDATA[看我鲨鱼般的攻击]]></dialog>
	</monster>
	<monster id="13080">
		<dialog id="1"><![CDATA[暗影利齿]]></dialog>
		<dialog id="4120078"><![CDATA[尔等敢来挑战我的牙齿？]]></dialog>
	</monster>
	<monster id="13081">
		<dialog id="1"><![CDATA[荆棘之壳]]></dialog>
		<dialog id="4029999"><![CDATA[我是最强的勇士]]></dialog>
	</monster>
	<monster id="13082">
		<dialog id="1"><![CDATA[魔牙之怒]]></dialog>
		<dialog id="4120145"><![CDATA[看我双鞭的威力]]></dialog>
	</monster>
	<monster id="13085">
		<dialog id="1"><![CDATA[冷云]]></dialog>
		<dialog id="4120065"><![CDATA[看我灵活的转身]]></dialog>
	</monster>
	<monster id="13086">
		<dialog id="1"><![CDATA[法瑞]]></dialog>
		<dialog id="4120066"><![CDATA[学会养生]]></dialog>
		<dialog id="4120067"><![CDATA[从天而降]]></dialog>
	</monster>
	
	<monster id="13120">
		<dialog id="1"><![CDATA[玉面飞兔]]></dialog>
		<dialog id="4020111"><![CDATA[火龙珠乃镇塔之宝，只有大侠才有资格拥有，尔等小辈也想拿吗？
]]></dialog>
		<dialog id="4020093"><![CDATA[我们是已经学成的大侠，我们的本领就是高！]]></dialog>
		<dialog id="4020097"><![CDATA[我漂亮，所以你打不过我]]></dialog>
		<dialog id="4020098"><![CDATA[敢来十一层，十一层很危险的！]]></dialog>
	</monster>
	<monster id="13121">
		<dialog id="1"><![CDATA[飞龙侠士]]></dialog>
		<dialog id="4020114"><![CDATA[高贵的龙族是不可战胜的！保卫龙珠，保卫侠士精神！]]></dialog>
		<dialog id="4020105"><![CDATA[我们是已经学成的大侠，我们的本领就是高！]]></dialog>
		<dialog id="4020108"><![CDATA[想学到武圣爷爷的真本事，先和我们过招吧！]]></dialog>
		<dialog id="4020110"><![CDATA[敢来十一层，十一层很危险的！]]></dialog>
	</monster>
	<monster id="13122">
		<dialog id="1"><![CDATA[奇猴侠客]]></dialog>
		<dialog id="4020112"><![CDATA[比武多说话，可以干扰注意力！啦啦啦]]></dialog>
		<dialog id="4020087"><![CDATA[我们是已经学成的大侠，我们的本领就是高！]]></dialog>
		<dialog id="4020091"><![CDATA[想学到武圣爷爷的真本事，先和我们过招吧！]]></dialog>
		<dialog id="4020092"><![CDATA[敢来十一层，十一层很危险的！]]></dialog>
	</monster>	
	<monster id="13123">
		<dialog id="1"><![CDATA[熊猫大侠]]></dialog>
		<dialog id="4020113"><![CDATA[我要绿茵普照啦，小侠士你颤抖吧！]]></dialog>
		<dialog id="4020099"><![CDATA[武圣爷爷的武功精髓难道你没有学到吗？]]></dialog>
		<dialog id="4020103"><![CDATA[金木水火土，看我耍威风]]></dialog>
		<dialog id="4020104"><![CDATA[十一层很危险的！不管你信不信，我信了！]]></dialog>
	</monster>
	<monster id="13126">
		<dialog id="1"><![CDATA[尖刺魔球]]></dialog>
		<dialog id="4120161"><![CDATA[爆发吧，尖刺之雨]]></dialog>
	</monster>	
	<monster id="13127">
		<dialog id="1"><![CDATA[红刺魔掌]]></dialog>
		<dialog id="4120164"><![CDATA[接招吧，针刺攻击]]></dialog>
	</monster>
	<monster id="13132">
		<dialog id="1"><![CDATA[武圣爷爷（上古仪式）]]></dialog>
		<dialog id="4120173"><![CDATA[我控制了你的灵兽，现在开始，它就是你的对手。]]></dialog>
		<dialog id="4120174"><![CDATA[这场挑战最重要的是看你的爱心，出手不要太狠。]]></dialog>
		<dialog id="4120175"><![CDATA[你做得很好，从你的表现可以看出你是个有爱心的人，这关通过了！]]></dialog>
		<dialog id="4120176"><![CDATA[既然你没有明白我的暗示，那就看实力了！]]></dialog>
	</monster>
	<monster id="13135">
		<dialog id="1"><![CDATA[苍羽]]></dialog>
		<dialog id="4120177"><![CDATA[禽兽也会无影脚]]></dialog>
	</monster>
    <monster id="13136">
		<dialog id="1"><![CDATA[灵驼王]]></dialog>
		<dialog id="4120180"><![CDATA[骆驼也有春天]]></dialog>
	</monster>
	<monster id="13138">
		<dialog id="1"><![CDATA[白雪之力]]></dialog>
		<dialog id="4120185"><![CDATA[你们无法打破我冰雪的护盾]]></dialog>
	</monster>
	<monster id="11474">
		<dialog id="1"><![CDATA[武圣爷爷]]></dialog>
		<dialog id="4120154"><![CDATA[青龙！现身吧！]]></dialog>
		<dialog id="4120155"><![CDATA[我可没有那么容易被这些小p孩打败！]]></dialog>
		<dialog id="4120156"><![CDATA[休息是为了走更长远的路！]]></dialog>
	</monster>
	<monster id="11475">
		<dialog id="1"><![CDATA[武圣爷爷]]></dialog>
		<dialog id="4120157"><![CDATA[黑龙！现身吧！]]></dialog>
		<dialog id="4120156"><![CDATA[休息是为了走更长远的路！]]></dialog>
	</monster>
	<monster id="11534">
		<dialog id="1"><![CDATA[你这个时候不能打我了！]]></dialog>
	</monster>
	
	<monster id="11536">
		<dialog id="1"><![CDATA[切磋切磋，点到即止！]]></dialog>
	</monster>
		<monster id="11537">
		<dialog id="1"><![CDATA[切磋切磋，点到即止！]]></dialog>
	</monster>
		<monster id="11538">
		<dialog id="1"><![CDATA[切磋切磋，点到即止！]]></dialog>
	</monster>
		<monster id="11539">
		<dialog id="1"><![CDATA[切磋切磋，点到即止！]]></dialog>
	</monster>
		<monster id="11540">
		<dialog id="1"><![CDATA[切磋切磋，点到即止！]]></dialog>
	</monster>
		<monster id="11541">
		<dialog id="1"><![CDATA[切磋切磋，点到即止！]]></dialog>
	</monster>
		<monster id="11542">
		<dialog id="1"><![CDATA[切磋切磋，点到即止！]]></dialog>
	</monster>
    <monster id="13175">
		<dialog id="1"><![CDATA[暴躁汽轮]]></dialog>
		<dialog id="4120227"><![CDATA[我的手！我的手！]]></dialog>
		<dialog id="4120228"><![CDATA[噢，在雾气中感觉真妙!]]></dialog>
		<dialog id="4120229"><![CDATA[这鬼地方真热!我受不了了！]]></dialog>
	</monster>
	<monster id="13191">
		<dialog id="1"><![CDATA[赤脊神龟]]></dialog>
		<dialog id="4120236"><![CDATA[你跟其他贪心的人类一样，想拿我炼化武器，还是让我来打败你吧！]]></dialog>
	</monster>
	<monster id="13197">
		<dialog id="1"><![CDATA[俺只是死神的幻影]]></dialog>
		<dialog id="4120247"><![CDATA[你别妄想能用这些破石板打败我！]]></dialog>
	</monster>
	<monster id="13200">
		<dialog id="1"><![CDATA[BOSS怎么比小怪还小！]]></dialog>
		<dialog id="4120249"><![CDATA[我的黑洞陨石将让你无处可逃！]]></dialog>
	</monster>
	<monster id="13202">
		<dialog id="1"><![CDATA[菲欧娜]]></dialog>
		<dialog id="4120251"><![CDATA[月亮之上，我在遥望！]]></dialog>
		<dialog id="4120250"><![CDATA[极速幻影，冲击!]]></dialog>
	</monster>
	<monster id="13208">
		<dialog id="1"><![CDATA[金使者]]></dialog>
		<dialog id="4120255"><![CDATA[乾坤一掷！]]></dialog>
	</monster>
	<monster id="13209">
		<dialog id="1"><![CDATA[银使者]]></dialog>
		<dialog id="4120256"><![CDATA[水银乍现！]]></dialog>
	</monster>
	<monster id="13210">
		<dialog id="1"><![CDATA[凤凰飞羽]]></dialog>
		<dialog id="4120257"><![CDATA[漫天飞舞！]]></dialog>
		<dialog id="4120258"><![CDATA[光芒万丈！]]></dialog>
	</monster>
	<monster id="13211">
		<dialog id="1"><![CDATA[苍穹神鳌]]></dialog>
		<dialog id="4120259"><![CDATA[力拔千钧，吃我一尾巴！]]></dialog>
		<dialog id="4120260"><![CDATA[有本事来打我啊~哈哈哈！]]></dialog>
	</monster>
	<monster id="13212">
		<dialog id="1"><![CDATA[玄天灵鹿]]></dialog>
		<dialog id="4120266"><![CDATA[自古逢秋悲寂寥，高处不胜寒！]]></dialog>
		<dialog id="4120267"><![CDATA[蓄势待发，小心了！]]></dialog>
	</monster>
	<monster id="13213">
		<dialog id="1"><![CDATA[黑暗魔龙]]></dialog>
		<dialog id="4120268"><![CDATA[在我的怒火中倒下吧！]]></dialog>
		<dialog id="4120270"><![CDATA[颤抖吧、颤栗吧，凡人！]]></dialog>
	</monster>
	<monster id="13219">
		<dialog id="1"><![CDATA[深渊领主]]></dialog>
		<dialog id="4120271"><![CDATA[我要燃烧你们的灵魂。]]></dialog>
		<dialog id="4120272"><![CDATA[在这泥潭中堕落吧！]]></dialog>
		<dialog id="4120273"><![CDATA[我要刺穿你们的灵魂！]]></dialog>
	</monster>
	<monster id="13220">
		<dialog id="1"><![CDATA[堕落女王]]></dialog>
		<dialog id="4120275"><![CDATA[出来吧，我的仆从！]]></dialog>
		<dialog id="4120277"><![CDATA[颤抖吧，凡人！]]></dialog>
		
	</monster>
	<monster id="13247">
		<dialog id="1"><![CDATA[黑暗魔龙]]></dialog>	
		<dialog id="4029999"><![CDATA[你是保不住这个鸟蛋的，哈哈哈！]]></dialog>
	</monster>
	<monster id="11602">
		<dialog id="1"><![CDATA[离朱]]></dialog>		
		<dialog id="4120258"><![CDATA[小侠士，别担心，飞玉派我来帮你了。]]></dialog>
	</monster>
	<monster id="13262">
		<dialog id="1"><![CDATA[飞天猫]]></dialog>		
		<dialog id="4120291"><![CDATA[我爸刚弄死他！]]></dialog>
		<dialog id="4120292"><![CDATA[偶吧杠南style！]]></dialog>
		<dialog id="4120293"><![CDATA[哦爸，哦爸，style！]]></dialog>
	</monster>
	<monster id="13263">
		<dialog id="1"><![CDATA[飞天猫]]></dialog>		
		<dialog id="4120291"><![CDATA[我爸刚弄死他！]]></dialog>
		<dialog id="4120292"><![CDATA[偶吧杠南style！]]></dialog>
		<dialog id="4120293"><![CDATA[哦爸，哦爸，style！]]></dialog>
	</monster>
	<monster id="13264">
		<dialog id="1"><![CDATA[飞天猫]]></dialog>		
		<dialog id="4120291"><![CDATA[我爸刚弄死他！]]></dialog>
		<dialog id="4120292"><![CDATA[偶吧杠南style！]]></dialog>
		<dialog id="4120293"><![CDATA[哦爸，哦爸，style！]]></dialog>+
	</monster>
	<monster id="13265">
		<dialog id="1"><![CDATA[飞天猫]]></dialog>		
		<dialog id="4120291"><![CDATA[我爸刚弄死他！]]></dialog>
		<dialog id="4120292"><![CDATA[偶吧杠南style！]]></dialog>
		<dialog id="4120293"><![CDATA[哦爸，哦爸，style！]]></dialog>
	</monster>
	<monster id="13266">
		<dialog id="1"><![CDATA[牛仔猫]]></dialog>		
		<dialog id="4120294"><![CDATA[我是个牛仔，嚣张不靠武器！]]></dialog>
		<dialog id="4120295"><![CDATA[夕阳下旋转,我用子弹写日记!]]></dialog>
		<dialog id="4120296"><![CDATA[不用麻烦了，你们一起上！]]></dialog>
	</monster>
	<monster id="13267">
		<dialog id="1"><![CDATA[牛仔猫]]></dialog>		
		<dialog id="4120294"><![CDATA[我是个牛仔，嚣张不靠武器！]]></dialog>
		<dialog id="4120295"><![CDATA[夕阳下旋转,我用子弹写日记!]]></dialog>
		<dialog id="4120296"><![CDATA[不用麻烦了，你们一起上！]]></dialog>
	</monster>
	<monster id="13268">
		<dialog id="1"><![CDATA[牛仔猫]]></dialog>		
		<dialog id="4120294"><![CDATA[我是个牛仔，嚣张不靠武器！]]></dialog>
		<dialog id="4120295"><![CDATA[夕阳下旋转,我用子弹写日记!]]></dialog>
		<dialog id="4120296"><![CDATA[不用麻烦了，你们一起上！]]></dialog>
	</monster>
	<monster id="13269">
		<dialog id="1"><![CDATA[牛仔猫]]></dialog>		
		<dialog id="4120294"><![CDATA[我是个牛仔，嚣张不靠武器！]]></dialog>
		<dialog id="4120295"><![CDATA[夕阳下旋转,我用子弹写日记!]]></dialog>
		<dialog id="4120296"><![CDATA[不用麻烦了，你们一起上！]]></dialog>
	</monster>
	<monster id="13270">
		<dialog id="1"><![CDATA[海盗猫]]></dialog>		
		<dialog id="4120297"><![CDATA[咪咕咪咕！]]></dialog>
		<dialog id="4120298"><![CDATA[喵喵唔~~!]]></dialog>
		<dialog id="4120299"><![CDATA[哗啦啦，哗啦啦！]]></dialog>
	</monster>
	<monster id="13271">
		<dialog id="1"><![CDATA[海盗猫]]></dialog>		
		<dialog id="4120297"><![CDATA[咪咕咪咕！]]></dialog>
		<dialog id="4120298"><![CDATA[喵喵唔~~!]]></dialog>
		<dialog id="4120299"><![CDATA[哗啦啦，哗啦啦！]]></dialog>
	</monster>
	<monster id="13272">
		<dialog id="1"><![CDATA[海盗猫]]></dialog>		
		<dialog id="4120297"><![CDATA[咪咕咪咕！]]></dialog>
		<dialog id="4120298"><![CDATA[喵喵唔~~!]]></dialog>
		<dialog id="4120299"><![CDATA[哗啦啦，哗啦啦！]]></dialog>
	</monster>
	<monster id="13273">
		<dialog id="1"><![CDATA[海盗猫]]></dialog>		
		<dialog id="4120297"><![CDATA[咪咕咪咕！]]></dialog>
		<dialog id="4120298"><![CDATA[喵喵唔~~!]]></dialog>
		<dialog id="4120299"><![CDATA[哗啦啦，哗啦啦！]]></dialog>
	</monster>
	<monster id="11607">
		<dialog id="1"><![CDATA[低级经验大盗]]></dialog>		
		<dialog id="4120303"><![CDATA[我要开始逃走了]]></dialog>
		<dialog id="4120304"><![CDATA[我走了~~!]]></dialog>
	</monster>
	<monster id="11608">
		<dialog id="1"><![CDATA[中级经验大盗]]></dialog>		
		<dialog id="4120303"><![CDATA[我要开始逃走了]]></dialog>
		<dialog id="4120304"><![CDATA[我走了~~!]]></dialog>
	</monster>
	<monster id="11609">
		<dialog id="1"><![CDATA[高级经验大盗]]></dialog>		
		<dialog id="4120303"><![CDATA[我要开始逃走了]]></dialog>
		<dialog id="4120304"><![CDATA[我走了~~!]]></dialog>
	</monster>
	<monster id="13341">
		<dialog id="1"><![CDATA[硕硕小强]]></dialog>		
		<dialog id="4120309"><![CDATA[你逃不出我的手掌心！]]></dialog>
		<dialog id="4120310"><![CDATA[孩儿们，把你们的生命交给我!]]></dialog>
		<dialog id="4120312"><![CDATA[在未知的世界恐惧吧，颤抖吧!]]></dialog>
	</monster>
	
	<monster id="13602">
		<dialog id="1"><![CDATA[乔伊]]></dialog>		
		<dialog id="4120316"><![CDATA[哈哈！想不到我会出现吧！]]></dialog>
	</monster>	
	
	<monster id="13621">
		<dialog id="1"><![CDATA[乔伊]]></dialog>		
		<dialog id="4120057"><![CDATA[恭喜发财，红包拿来！]]></dialog>
	</monster>		
	
	<monster id="13623">
		<dialog id="1"><![CDATA[老鼠大盗]]></dialog>		
		<dialog id="4120325"><![CDATA[小样，油瓶砸死你]]></dialog>
		<dialog id="4120326"><![CDATA[看我的铁臂神拳！]]></dialog>		
	</monster>		
	
	<monster id="13632">
		<dialog id="1"><![CDATA[吉娜]]></dialog>		
		<dialog id="4120328"><![CDATA[魔镜啊魔镜，让敌人颤抖吧！]]></dialog>
		<dialog id="4120329"><![CDATA[这么可爱的小天使，你舍得打吗！]]></dialog>		
	</monster>	
	<monster id="13633">
		<dialog id="1"><![CDATA[战神]]></dialog>		
		<dialog id="4120348"><![CDATA[旋风青龙斩！]]></dialog>
		<dialog id="4120349"><![CDATA[金钟罩]]></dialog>		
	</monster>	
	<monster id="13635">
		<dialog id="1"><![CDATA[战神]]></dialog>		
		<dialog id="4120348"><![CDATA[来！战个痛快]]></dialog>
		<dialog id="4120349"><![CDATA[天神下凡，势不可挡！]]></dialog>		
	</monster>

</monsters>
