<!-- edited with XML Spy v4.0.1 U (http://www.xmlspy.com) by opec (opec) -->
<!-- 
	@新声望系统描述
	type(声望类型)  1-冒险 2-竞技 3-特殊
	badgeID(声望对应徽章名)  1-铁盾 2-铜盾 3-银盾 4-金盾
						11-铁剑 12-铜剑 13-银剑 14-金剑
						21-铁冠 22-铜冠 23-银冠 24-金冠
	titleID(声望对于的称号)  
	propType(对应附加属性) 
	1 力量
	2 体质
	3 敏捷
	4 气力
	5 生命
	6 精力
	7 攻击
	8 命中
	9 防御
	10 闪避
	11 致命一击
-->
<Glory>
	<!--声望-->
	<Honor type="1" name="冒险">
		<Item id="1" name="东部主宰" honorPoint="100" badgeID="2" titleID="0" propType="">
			<describe><![CDATA[通关所有东部大陆关卡（不限难度）]]></describe>
		</Item>
	</Honor>
	<Honor type="2" name="竞技">
		<Item id="101" name="独步武林" honorPoint="10000" badgeID="14" titleID="0" propType="1|20,11|20">
			<describe><![CDATA[第一次在天下第一比武大会排名争霸赛中获得第一名。]]></describe>
		</Item>
	</Honor>
	<Honor type="3" name="特殊">
		<Item id="201" name="九死一生" honorPoint="100" badgeID="22">
			<describe><![CDATA[使用了99颗起死回生草]]></describe>
		</Item>
	</Honor>
</Glory>
