<npcs>
<!--
	npc实例表。 配置npc在场景地图上的实例信息。
	id: npc的编号。 对应role.xml里的id
	mapId: npc实例所在场景的id
	pos: npc在场景的里的坐标
	tranPos: npc在场景里的传送坐标（就是角色要在其他地方要传送此npc旁边，角色将会站立的坐标：例如:任务面板上的现在就去）
	shadow：npc脚下是否会有阴影（1：有， 0：没有 默认为：1）
	tip: 鼠标移动到npc身上出现的tip文字
	dir：npc的朝向（目前只有左右2中情况 left：左， right:右）
	txtOff： 名字的偏移量
	
-->
  <node id="10005" pos="1982,740" mapId="1" tranPos="1982,800" shadow="1" tip="" dir="" txtOff="0,0"/>
  <node id="10052" pos="672,752" mapId="1" tranPos="647,800" shadow="1" tip="" dir="" txtOff="0,0"/>
  <node id="10007" pos="2190,990" mapId="1" tranPos="2170,867" shadow="1" tip="" dir="" txtOff="4,-20"/>
  <node id="10008" pos="2490,970" mapId="1" tranPos="2460,970" shadow="1" tip="" dir="" txtOff="0,0"/>
  <node id="10006" pos="365,445" mapId="1" tranPos="333,527" shadow="1" tip="" dir="" txtOff="0,0"/>

  <node id="10001" pos="1725,360" mapId="2" tranPos="1437,371" shadow="1" tip="" dir="left" txtOff="0,0"/>
  <node id="10003" pos="1233,505" mapId="2" tranPos="1125,454" shadow="1" tip="" dir="left" txtOff="0,0"/>
  <node id="10004" pos="1233,298" mapId="2" tranPos="1120,290" shadow="1" tip="" dir="left" txtOff="0,30"/>
  <node id="10026" pos="412,298" mapId="2" tranPos="509,284" shadow="1" tip="" dir="left" txtOff="0,0"/>
  <!--
	<node id="10030" pos="796,505" mapId="2" tranPos="668,468" shadow="1" tip="" dir="left" txtOff="0,0"/>
	<node id="10027" pos="836,298" mapId="2" tranPos="695,267" shadow="1" tip="" dir="left" txtOff="0,0"/>
  -->
  <node id="10029" pos="369,505" mapId="2" tranPos="237,467" shadow="1" tip="" dir="left" txtOff="0,0"/>
 
  <node id="10009" pos="1040,425" mapId="3" tranPos="1145,449" shadow="1" tip="" dir="" txtOff="0,0"/>
  <node id="10032" pos="1473,440" mapId="3" tranPos="1511,454" shadow="1" tip="" dir="left" txtOff="30,-12"/>
  <node id="10033" pos="750,450" mapId="3" tranPos="658,437" shadow="1" tip="" dir="" txtOff="0,0"/>
  <node id="10034" pos="1530,657" mapId="3" tranPos="1451,473" shadow="1" tip="" dir="" txtOff="0,0"/>
  <node id="10035" pos="389,564" mapId="3" tranPos="301,524" shadow="1" tip="" dir="" txtOff="0,0"/>
  <node id="10036" pos="600,600" mapId="3" tranPos="500,580" shadow="1" tip="" dir="left" txtOff="0,0"/>
 
  <node id="10002" pos="760,380" mapId="5" tranPos="510,381" shadow="1" tip="" dir="left" txtOff="-54,0"/>
  <!--
	<node id="10058" pos="515,448" mapId="5" tranPos="401,447" shadow="1" tip="" dir="left" txtOff="0,0"/>
  -->
  <node id="10011" pos="514,735" mapId="6" tranPos="600,765" shadow="1" tip="" dir="left" txtOff="0,0"/>
  <node id="10012" pos="1296,683" mapId="6" tranPos="1057,721" shadow="1" tip="" dir="left" txtOff="0,0"/>
  <node id="10050" pos="300,250" mapId="6" tranPos="223,239" shadow="1" tip="" dir="left" txtOff="0,0"/>
  <node id="10051" pos="800,270" mapId="6" tranPos="667,294" shadow="1" tip="" dir="right" txtOff="0,0"/>
  <node id="10801" pos="965,830" mapId="6" tranPos="1060,845" shadow="1" tip="" dir="right" txtOff="0,0"/>
  
  <node id="10048" pos="1320,640" mapId="7" tranPos="1220,660" shadow="1" tip="" dir="left" txtOff="0,0"/>
  <node id="10083" pos="750,1190" mapId="7" tranPos="750,1090" shadow="1" tip="" dir="right" txtOff="0,0"/>
  <node id="10123" pos="450,1030" mapId="7" tranPos="350,1000" shadow="1" tip="" dir="right" txtOff="0,0"/>
  <node id="10402" pos="660,640" mapId="7" tranPos="665,665" shadow="1" tip="" dir="left" txtOff="0,0"/>
  <!--
  <node id="10410" pos="1638,488" mapId="7" tranPos="1626,533" shadow="1" tip="" dir="left" txtOff="0,0"/>
  -->
   <node id="10103" pos="735,381" mapId="58" tranPos="750,412" shadow="1" tip="" dir="right" txtOff="0,0"/>
   <node id="10104" pos="735,381" mapId="58" tranPos="750,412" shadow="1" tip="" dir="right" txtOff="0,0"/>
   <node id="10022" pos="1177,338" mapId="58" tranPos="1192,374" shadow="1" tip="" dir="" txtOff="0,0"/>
   <node id="10155" pos="952,357" mapId="58" tranPos="1226,409" shadow="1" tip="" dir="right" txtOff="0,0"/>
   
   <node id="10066" pos="165,459" mapId="59" tranPos="323,619" shadow="1" tip="" dir="right" txtOff="0,0"/>
   <node id="10021" pos="378,659" mapId="59" tranPos="436,621" shadow="1" tip="" dir="" txtOff="0,0"/>
   <node id="10018" pos="660,428" mapId="59" tranPos="1026,430" shadow="1" tip="" dir="left" txtOff="0,0"/>
  
   <node id="10405" pos="1023,386" mapId="60" tranPos="936,458" shadow="1" tip="" dir="left" txtOff="0,0"/>
  
	<!--
  <node id="10149" pos="1112,641" mapId="7" tranPos="1213,607" shadow="1" tip="" dir="right" txtOff="0,0"/>
  <node id="10151" pos="1112,641" mapId="7" tranPos="1213,607" shadow="1" tip="" dir="right" txtOff="0,0"/>
  -->
  
 
  <node id="10013" pos="80,290" mapId="8" tranPos="196,233" shadow="1" tip="" dir="" txtOff="0,0"/>
  <node id="10014" pos="550,410" mapId="8" tranPos="491,424" shadow="1" tip="" dir="left" txtOff="0,0"/>
  
  <node id="10015" pos="400,400" mapId="9" tranPos="316,407" shadow="1" tip="" dir="left" txtOff="0,0"/>
  
  <node id="10017" pos="220,385" mapId="10" tranPos="428,430" shadow="1" tip="" dir="" txtOff="0,0"/>
  <node id="10016" pos="650,365" mapId="11" tranPos="797,428" shadow="1" tip="" dir="left" txtOff="0,0"/>
  <node id="10017" pos="450,360" mapId="11" tranPos="300,444" shadow="1" tip="" dir="" txtOff="0,0"/>
  
  <node id="10020" pos="1049,287" mapId="12" tranPos="992,377" shadow="1" tip="" dir="left" txtOff="0,0"/>
  <node id="10019" pos="1182,354" mapId="12" tranPos="1170,354" shadow="1" tip="" dir="left" txtOff="0,0"/>
  <node id="10023" pos="570,367" mapId="12" tranPos="542,451" shadow="1" tip="" dir="left" txtOff="0,0"/>
  <node id="10024" pos="1629,465" mapId="12" tranPos="1600,465" shadow="1" tip="" dir="left" txtOff="0,0"/>
 
  <node id="10037" pos="528,351" mapId="14" tranPos="455,538" shadow="1" tip="" dir="left" txtOff="0,0"/>
  <node id="10038" pos="2093,316" mapId="14" tranPos="2055,355" shadow="1" tip="" dir="right" txtOff="0,0"/>
  <node id="10039" pos="1312,542" mapId="14" tranPos="1167,395" shadow="1" tip="" dir="left" txtOff="0,0"/>
  <node id="10054" pos="1265,445" mapId="14" tranPos="1167,395" shadow="1" tip="" dir="left" txtOff="0,0"/>
  <node id="10053" pos="1205,480" mapId="14" tranPos="1167,395" shadow="1" tip="" dir="right" txtOff="0,0"/>
  <node id="10056" pos="1205,480" mapId="14" tranPos="1167,395" shadow="1" tip="" dir="right" txtOff="0,0"/>
  <node id="10148" pos="576,600" mapId="14" tranPos="455,538" shadow="1" tip="" dir="left" txtOff="0,0"/>
 
  <node id="10040" pos="446,232" mapId="15" tranPos="543,237" shadow="1" tip="" dir="" txtOff="0,0"/>
  <node id="10047" pos="670,988" mapId="15" tranPos="590,1004" shadow="1" tip="" dir="" txtOff="0,0"/>
 
  <node id="10043" pos="535,368" mapId="16" tranPos="631,363" shadow="1" tip="" dir="" txtOff="0,0"/>
  <node id="10045" pos="1352,358" mapId="16" tranPos="1250,358" shadow="1" tip="" dir="left" txtOff="0,0"/>
  <node id="10046" pos="1415,471" mapId="16" tranPos="1193,457" shadow="1" tip="" dir="left" txtOff="0,0"/>
 
  <node id="10145" pos="325,365" mapId="17" tranPos="385,365" shadow="1" tip="" dir="" txtOff="0,0"/>
  <node id="10146" pos="1059,525" mapId="18" tranPos="878,618" shadow="1" tip="" dir="left" txtOff="0,0"/>
  <node id="10068" pos="830,820" mapId="19" tranPos="696,829" shadow="1" tip="" dir="" txtOff="0,0"/>
  <node id="10049" pos="720,267" mapId="19" tranPos="611,243" shadow="1" tip="" dir="left" txtOff="0,0"/>
  <node id="10084" pos="542,798" mapId="19" tranPos="609,894" shadow="1" tip="" dir="left" txtOff="0,0">
    <say invTime="13">
      <node><![CDATA[救救我吧！]]></node>
    </say>
  </node>
  <node id="10085" pos="494,816" mapId="19" tranPos="609,894" shadow="1" tip="" dir="left" txtOff="0,0">
    <say invTime="18">
      <node><![CDATA[救救我吧！]]></node>
    </say>
  </node>
  <node id="10086" pos="410,880" mapId="19" tranPos="609,894" shadow="1" tip="" dir="left" txtOff="0,0">
    <say invTime="20">
      <node><![CDATA[救救我吧！]]></node>
    </say>
  </node>
  <node id="10087" pos="542,798" mapId="19" tranPos="609,894" shadow="1" tip="" dir="left" txtOff="0,0"/>
  <node id="10088" pos="494,816" mapId="19" tranPos="609,894" shadow="1" tip="" dir="left" txtOff="0,0"/>
  <node id="10089" pos="410,880" mapId="19" tranPos="609,894" shadow="1" tip="" dir="left" txtOff="0,0"/>
 
  <node id="10057" pos="455,345" mapId="20" tranPos="559,402" shadow="1" tip="" dir="" txtOff="0,0"/>
  
  <node id="10061" pos="757,341" mapId="21" tranPos="667,442" shadow="1" tip="" dir="left" txtOff="0,0"/>
 
  <node id="10062" pos="650,410" mapId="22" tranPos="555,460" shadow="1" tip="" dir="" txtOff="0,0"/>
  <node id="10063" pos="824,854" mapId="22" tranPos="686,883" shadow="1" tip="" dir="" txtOff="0,0"/>
  <node id="10064" pos="354,1235" mapId="22" tranPos="311,1262" shadow="1" tip="" dir="left" txtOff="0,0"/>
  <node id="10065" pos="535,1318" mapId="22" tranPos="452,1327" shadow="1" tip="" dir="left" txtOff="0,0"/>
  <node id="10071" pos="500,498" mapId="25" tranPos="314,652" shadow="1" tip="" dir="" txtOff="0,0"/>
 
  <node id="10101" pos="1058,555" mapId="26" tranPos="976,559" shadow="1" tip="" dir="left" txtOff="0,0"/>
  <node id="10109" pos="305,1330" mapId="26" tranPos="305,1330" shadow="1" tip="" dir="left" txtOff="0,0"/>
  <node id="10102" pos="305,1330" mapId="26" tranPos="305,1330" shadow="1" tip="" dir="right" txtOff="0,0"/>
  <node id="10107" pos="458,236" mapId="26" tranPos="544,211" shadow="1" tip="" dir="" txtOff="0,0"/>
  <node id="10106" pos="919,793" mapId="26" tranPos="850,750" shadow="1" tip="" dir="" txtOff="0,0"/>
 
  <node id="10110" pos="913,168" mapId="27" tranPos="913,168" shadow="1" tip="" dir="left" txtOff="0,0"/>
  <node id="10111" pos="415,370" mapId="27" tranPos="415,370" shadow="1" tip="" dir="left" txtOff="0,0"/>
  <node id="10116" pos="1548,572" mapId="27" tranPos="1548,572" shadow="1" tip="" dir="left" txtOff="0,0"/>
  <node id="10119" pos="882,701" mapId="27" tranPos="882,701" shadow="1" tip="" dir="left" txtOff="0,0"/>
  <node id="10120" pos="531,668" mapId="27" tranPos="531,668" shadow="1" tip="" dir="left" txtOff="0,0"/>
 
  <node id="10025" pos="246,327" mapId="30" tranPos="400,368" shadow="1" tip="" dir="right" txtOff="0,0"/>
  <node id="10042" pos="443,330" mapId="30" tranPos="568,388" shadow="1" tip="" dir="right" txtOff="0,0"/>
  <node id="10401" pos="865,330" mapId="30" tranPos="865,410" shadow="1" tip="" dir="left" txtOff="0,0"/>
  <node id="10072" pos="1030,342" mapId="30" tranPos="990,354" shadow="1" tip="" dir="left" txtOff="0,0"/>
 
  <node id="10121" pos="447,718" mapId="31" tranPos="319,718" shadow="1" tip="" dir="left" txtOff="0,0"/>
  <node id="10122" pos="1311,1120" mapId="31" tranPos="1228,1084" shadow="1" tip="" dir="left" txtOff="0,0"/>
  <node id="10137" pos="940,959" mapId="31" tranPos="854,960" shadow="1" tip="" dir="left" txtOff="0,0"/>
  <node id="10073" pos="1518,592" mapId="31" tranPos="1462,586" shadow="1" tip="" dir="left" txtOff="0,0"/>
 
  <node id="10124" pos="413,348" mapId="32" tranPos="521,326" shadow="1" tip="" dir="right" txtOff="0,0"/>
  <node id="10125" pos="1010,371" mapId="32" tranPos="1039,419" shadow="1" tip="" dir="left" txtOff="0,0"/>
  <node id="10126" pos="1300,319" mapId="32" tranPos="1217,363" shadow="1" tip="" dir="left" txtOff="0,0"/>
  <node id="10127" pos="1391,1016" mapId="32" tranPos="1377,1068" shadow="1" tip="" dir="right" txtOff="0,0"/>
 
  <node id="10140" pos="1095,491" mapId="33" tranPos="1021,565" shadow="1" tip="" dir="right" txtOff="0,0"/>
  <node id="10141" pos="521,777" mapId="33" tranPos="603,821" shadow="1" tip="" dir="right" txtOff="0,0"/>
  <node id="10139" pos="951,981" mapId="33" tranPos="878,991" shadow="1" tip="" dir="right" txtOff="0,0"/>
  <node id="10138" pos="273,1338" mapId="33" tranPos="162,1343" shadow="1" tip="" dir="right" txtOff="0,0"/>
 
  <node id="10143" pos="1027,829" mapId="34" tranPos="1093,854" shadow="1" tip="" dir="right" txtOff="0,0"/>
  <node id="10144" pos="647,1055" mapId="34" tranPos="738,1067" shadow="1" tip="" dir="right" txtOff="0,0"/>
  <node id="10147" pos="1080,420" mapId="35" tranPos="1117,422" shadow="1" tip="" dir="left" txtOff="0,0"/>
  <node id="10419" pos="703,323" mapId="62" tranPos="779,353" shadow="1" tip="" dir="right" txtOff="0,0"/>
  <node id="10420" pos="1303,730" mapId="62" tranPos="1303,703" shadow="1" tip="" dir="right" txtOff="0,0"/>
  <node id="10422" pos="1413,918" mapId="62" tranPos="1413,890" shadow="1" tip="" dir="right" txtOff="0,0"/>
  <node id="10423" pos="1652,916" mapId="62" tranPos="1652,884" shadow="1" tip="" dir="left" txtOff="0,0"/>
  <node id="10424" pos="1591,703" mapId="62" tranPos="1591,679" shadow="1" tip="" dir="left" txtOff="0,0"/>
   <!--
  <node id="10425" pos="2414,599" mapId="41" tranPos="2392,599" shadow="1" tip="" dir="left" txtOff="0,0"/>
   -->
  <!-- <node id="10426" pos="1335,283" mapId="62" tranPos="1335,306" shadow="1" tip="" dir="left" txtOff="0,0"/>   -->
  <node id="10427" pos="2414,599" mapId="41" tranPos="2300,590" shadow="1" tip="" dir="left" txtOff="0,0"/>
  <node id="10428" pos="1497,602" mapId="63" tranPos="1471,624" shadow="1" tip="" dir="left" txtOff="0,0"/>
  <node id="10429" pos="949,324" mapId="63" tranPos="1066,365" shadow="1" tip="" dir="right" txtOff="0,0"/>
  <node id="10430" pos="538,689" mapId="63" tranPos="712,666" shadow="1" tip="" dir="left" txtOff="0,0"/>
  <node id="10431" pos="1704,864" mapId="63" tranPos="1630,880" shadow="1" tip="" dir="left" txtOff="0,0"/>
  <node id="10432" pos="1097,1062" mapId="55" tranPos="970,1062" shadow="1" tip="" dir="left" txtOff="0,0"/>
  <node id="10433" pos="838,483" mapId="11" tranPos="777,544" shadow="1" tip="" dir="left" txtOff="0,0"/>
  <!-- <node id="10435" pos="1240,765" mapId="19" tranPos="1118,760" shadow="1" tip="" dir="left" txtOff="0,0"/> -->
  <!-- <node id="10436" pos="800,1300" mapId="15" tranPos="736,1263" shadow="1" tip="" dir="left" txtOff="0,0"/> -->
   <!--
  <node id="10408" pos="2099,830" mapId="54" tranPos="2046,810" shadow="1" tip="" dir="left" txtOff="0,0"/>
  <node id="10407" pos="191,673" mapId="34" tranPos="226,663" shadow="1" tip="" dir="right" txtOff="0,0"/>
  <node id="10406" pos="556,357" mapId="60" tranPos="508,361" shadow="1" tip="" dir="left" txtOff="0,0"/>
   -->
  <node id="10409" pos="852,379" mapId="41" tranPos="907,384" shadow="1" tip="" dir="left" txtOff="0,0"/>
  
  <!--
  <node id="10150" pos="935,323" mapId="38" tranPos="1040,332" shadow="1" tip="" dir="left" txtOff="0,0"/>
  
  <node id="10411" pos="857,567" mapId="60" tranPos="745,540" shadow="1" tip="" dir="left" txtOff="0,0"/>
  -->
  
  <node id="10150" pos="1293,248" mapId="38" tranPos="1264,368" shadow="1" tip="" dir="left" txtOff="0,0"/>
<!--
  <node id="10150" pos="1928" mapId="250" tranPos="1293,249" shadow="1" tip="" dir="left" txtOff="0,0"/>
  -->
  
  <!--
  <node id="10153" pos="600,350" mapId="23" tranPos="650,379" shadow="1" tip="" dir="left" txtOff="0,0"/>
  <node id="10154" pos="700,350" mapId="23" tranPos="650,379" shadow="1" tip="" dir="left" txtOff="0,0"/>
  -->
  <node id="10158" pos="650,445" mapId="41" tranPos="680,480" shadow="1" tip="" dir="left" txtOff="0,0"/>
  <node id="10142" pos="2031,345" mapId="41" tranPos="2082,405" shadow="1" tip="" dir="left" txtOff="0,0"/>
  <node id="10159" pos="2446,453" mapId="41" tranPos="2358,491" shadow="1" tip="" dir="left" txtOff="0,0"/>
  <node id="10400" pos="1273,453" mapId="41" tranPos="1617,472" shadow="1" tip="" dir="right" txtOff="0,0"/>

	 <!--
	  <node id="10156" pos="902,333" mapId="40" tranPos="757,266" shadow="1" tip="" dir="left" txtOff="0,0"/>
 	 <node id="10160" pos="802,345" mapId="40" tranPos="802,345" shadow="1" tip="" dir="left" txtOff="0,0"/>
	  <node id="10157" pos="750,370" mapId="40" tranPos="802,345" shadow="1" tip="" dir="left" txtOff="0,0"/>
	 <node id="10200" pos="1022,545" mapId="40" tranPos="1000,545" shadow="1" tip="" dir="left" txtOff="0,0"/>
	-->
  
  <node id="10161" pos="1186,633" mapId="53" tranPos="1328,745" shadow="1" tip="" dir="left" txtOff="0,0"/>
  
  <!-- 圣蛋老人 
  <node id="10165" pos="1412,409" mapId="14" tranPos="1412,209" shadow="1" tip="" dir="left" txtOff="0,0"/>
  <node id="10166" pos="1646,912" mapId="1 " tranPos="1646,912" shadow="1" tip="" dir="left" txtOff="0,0"/>
  <node id="10167" pos="963,581" mapId="41" tranPos="963,581" shadow="1" tip="" dir="left" txtOff="0,0"/>
  <node id="10168" pos="1207,508" mapId="7 " tranPos="1207,508" shadow="1" tip="" dir="left" txtOff="0,0"/>
  <node id="10169" pos="1013,969" mapId="6 " tranPos="1013,969" shadow="1" tip="" dir="left" txtOff="0,0"/>
  <node id="10170" pos="1207,508" mapId="7 " tranPos="1207,508" shadow="1" tip="" dir="left" txtOff="0,0"/>
  <node id="10171" pos="198,463" mapId="15" tranPos="198,463" shadow="1" tip="" dir="left" txtOff="0,0"/>
  <node id="10172" pos="446,539" mapId="31" tranPos="446,539" shadow="1" tip="" dir="left" txtOff="0,0"/>
  <node id="10173" pos="1013,969" mapId="6 " tranPos="1013,969" shadow="1" tip="" dir="left" txtOff="0,0"/>
  <node id="10174" pos="963,581" mapId="41" tranPos="963,581" shadow="1" tip="" dir="left" txtOff="0,0"/>
  <node id="10175" pos="1646,912" mapId="1 " tranPos="1646,912" shadow="1" tip="" dir="left" txtOff="0,0"/>
  <node id="10176" pos="1207,508" mapId="7 " tranPos="1207,508" shadow="1" tip="" dir="left" txtOff="0,0"/>
  <node id="10177" pos="1412,209" mapId="14" tranPos="1412,209" shadow="1" tip="" dir="left" txtOff="0,0"/>
  <node id="10178" pos="1646,912" mapId="1 " tranPos="1646,912" shadow="1" tip="" dir="left" txtOff="0,0"/>
  <node id="10179" pos="1013,969" mapId="6 " tranPos="1013,969" shadow="1" tip="" dir="left" txtOff="0,0"/>
  <node id="10180" pos="198,463" mapId="15 " tranPos="1207,508" shadow="1" tip="" dir="left" txtOff="0,0"/>
  <node id="10181" pos="446,539" mapId="31" tranPos="446,539" shadow="1" tip="" dir="left" txtOff="0,0"/>
  <node id="10182" pos="1207,508" mapId="7 " tranPos="1207,508" shadow="1" tip="" dir="left" txtOff="0,0"/>
  <node id="10183" pos="1013,969" mapId="6 " tranPos="1013,969" shadow="1" tip="" dir="left" txtOff="0,0"/>
  <node id="10184" pos="963,581" mapId="41" tranPos="963,581" shadow="1" tip="" dir="left" txtOff="0,0"/>
  <node id="10185" pos="446,539" mapId="31" tranPos="446,539" shadow="1" tip="" dir="left" txtOff="0,0"/>
  <node id="10186" pos="1646,912" mapId="1" tranPos="1646,912" shadow="1" tip="" dir="left" txtOff="0,0"/>
  <node id="10187" pos="198,463" mapId="15" tranPos="198,463" shadow="1" tip="" dir="left" txtOff="0,0"/>
  <node id="10188" pos="963,581" mapId="41" tranPos="963,581" shadow="1" tip="" dir="left" txtOff="0,0"/>
  <node id="10189" pos="1207,508" mapId="7" tranPos="1207,508" shadow="1" tip="" dir="left" txtOff="0,0"/>
  <node id="10191" pos="1028,715" mapId="1" tranPos="1028,715" shadow="1" tip="" dir="right" txtOff="0,0"/> 
  -->
  
  <node id="10192" pos="600,900" mapId="55" tranPos="600,900" shadow="1" tip="" dir="right" txtOff="0,0"/>
  <node id="10194" pos="755,755" mapId="55" tranPos="739,826" shadow="1" tip="" dir="right" txtOff="0,0"/>
  
  <node id="10195" pos="155,260" mapId="1002" tranPos="155,206" shadow="1" tip="" dir="right" txtOff="0,0"/>
  <node id="10196" pos="273,240" mapId="1002" tranPos="273,180" shadow="1" tip="" dir="right" txtOff="0,0"/>
  <node id="10197" pos="430,240" mapId="1002" tranPos="430,180" shadow="1" tip="" dir="right" txtOff="0,0"/>
  <node id="10198" pos="625,240" mapId="1002" tranPos="625,180" shadow="1" tip="" dir="right" txtOff="0,0"/>
  <node id="10199" pos="768,260" mapId="1002" tranPos="768,206" shadow="1" tip="" dir="right" txtOff="0,0"/>
  
  <!--
  <node id="10201" pos="1646,912" mapId="1 " tranPos="1646,912" shadow="1" tip="" dir="left" txtOff="0,0"/>
  <node id="10202" pos="1028,715" mapId="1" tranPos="1028,715" shadow="1" tip="" dir="right" txtOff="0,0"/>
  <node id="10203" pos="1013,969" mapId="6 " tranPos="1013,969" shadow="1" tip="" dir="left" txtOff="0,0"/>
  <node id="10204" pos="1207,508" mapId="7" tranPos="1207,508" shadow="1" tip="" dir="left" txtOff="0,0"/>
  <node id="10205" pos="1412,209" mapId="14" tranPos="1412,209" shadow="1" tip="" dir="left" txtOff="0,0"/>
  <node id="10206" pos="198,463" mapId="15" tranPos="198,463" shadow="1" tip="" dir="left" txtOff="0,0"/>
  <node id="10207" pos="446,539" mapId="31" tranPos="446,539" shadow="1" tip="" dir="left" txtOff="0,0"/>
  <node id="10208" pos="963,581" mapId="41" tranPos="963,581" shadow="1" tip="" dir="left" txtOff="0,0"/>
  -->
  
  <node id="10397" pos="1058,318" mapId="1003" tranPos="1066,358" shadow="1" tip="" dir="right" txtOff="0,0"/>
  
  <node id="10398" pos="1940,266" mapId="57" tranPos="1940,366" shadow="1" tip="" dir="right" txtOff="0,0"/>
  <node id="10399" pos="1430,320" mapId="57" tranPos="1360,369" shadow="1" tip="" dir="left" txtOff="0,0"/>
  
  <node id="10156" pos="902,333" mapId="61" tranPos="757,266" shadow="1" tip="" dir="left" txtOff="0,0"/>
  <node id="10160" pos="802,345" mapId="61" tranPos="802,345" shadow="1" tip="" dir="left" txtOff="0,0"/>
  <node id="10157" pos="443,406" mapId="61" tranPos="443,446" shadow="1" tip="" dir="right" txtOff="0,0"/>
  <!--
	<node id="10200" pos="1022,545" mapId="40" tranPos="1000,545" shadow="1" tip="" dir="left" txtOff="0,0"/>
	金银使者
	<node id="10413" pos="258,385" mapId="7" tranPos="802,345" shadow="1" tip="" dir="right" txtOff="0,0"/>
	<node id="10414" pos="534,385" mapId="7" tranPos="802,345" shadow="1" tip="" dir="left" txtOff="0,0"/>
	-->
  <!--
  <node id="10418" pos="900,750" mapId="24" tranPos="810,760" shadow="1" tip="" dir="left" txtOff="0,0"/>
  <node id="10441" pos="1510,430" mapId="38" tranPos="1410,430" shadow="1" tip="" dir="left" txtOff="0,0"/>
  <node id="10442" pos="430,430" mapId="38" tranPos="555,430" shadow="1" tip="" dir="right" txtOff="0,0"/>
  <node id="10443" pos="1240,635" mapId="38" tranPos="1110,635" shadow="1" tip="" dir="left" txtOff="0,0"/>
  <node id="10444" pos="866,233" mapId="38" tranPos="840,275" shadow="1" tip="" dir="right" txtOff="0,0"/>
  <node id="10445" pos="840,480" mapId="38" tranPos="940,480" shadow="1" tip="" dir="right" txtOff="0,0"/>
  -->
  <node id="10010" pos="1885,799" mapId="6" tranPos="1460,810" shadow="1" tip="" dir="left" txtOff="0,0"/>
  <node id="10437" pos="575,320" mapId="30" tranPos="713,406" shadow="1" tip="" dir="left" txtOff="0,0"/>
  <!--node id="10438" pos="445,332" mapId="7" tranPos="439,499" shadow="1" tip="" dir="left" txtOff="0,0"/-->
  <node id="10439" pos="1220,670" mapId="1035" tranPos="1160,610" shadow="1" tip="" dir="right" txtOff="0,0"/>
  <node id="10440" pos="1485,670" mapId="1036" tranPos="1510,627" shadow="1" tip="" dir="left" txtOff="0,0"/>
  <!-- 阎罗王 -->
  <node id="10446" pos="1320,640" mapId="1037" tranPos="1220,660" shadow="1" tip="" dir="left" txtOff="0,0"/>
 </npcs>