<?xml version="1.0"?>
<root><level lv="1" damage1="51" damage2="85" damage3="102" damage4="204" damage5="306">
</level><level lv="2" damage1="57" damage2="95" damage3="114" damage4="228" damage5="342">
</level><level lv="3" damage1="63" damage2="105" damage3="126" damage4="252" damage5="378">
</level><level lv="4" damage1="69" damage2="115" damage3="138" damage4="276" damage5="414">
</level><level lv="5" damage1="75" damage2="125" damage3="150" damage4="300" damage5="450">
</level><level lv="6" damage1="81" damage2="135" damage3="162" damage4="324" damage5="486">
</level><level lv="7" damage1="87" damage2="145" damage3="174" damage4="348" damage5="522">
</level><level lv="8" damage1="93" damage2="155" damage3="186" damage4="372" damage5="558">
</level><level lv="9" damage1="99" damage2="165" damage3="198" damage4="396" damage5="594">
</level><level lv="10" damage1="105" damage2="175" damage3="210" damage4="420" damage5="630">
</level><level lv="11" damage1="111" damage2="185" damage3="222" damage4="444" damage5="666">
</level><level lv="12" damage1="117" damage2="195" damage3="234" damage4="468" damage5="702">
</level><level lv="13" damage1="123" damage2="205" damage3="246" damage4="492" damage5="738">
</level><level lv="14" damage1="129" damage2="215" damage3="258" damage4="516" damage5="774">
</level><level lv="15" damage1="135" damage2="225" damage3="270" damage4="540" damage5="810">
</level><level lv="16" damage1="141" damage2="235" damage3="282" damage4="564" damage5="846">
</level><level lv="17" damage1="147" damage2="245" damage3="294" damage4="588" damage5="882">
</level><level lv="18" damage1="153" damage2="255" damage3="306" damage4="612" damage5="918">
</level><level lv="19" damage1="159" damage2="265" damage3="318" damage4="636" damage5="954">
</level><level lv="20" damage1="165" damage2="275" damage3="330" damage4="660" damage5="990">
</level><level lv="21" damage1="171" damage2="285" damage3="342" damage4="684" damage5="1026">
</level><level lv="22" damage1="177" damage2="295" damage3="354" damage4="708" damage5="1062">
</level><level lv="23" damage1="183" damage2="305" damage3="366" damage4="732" damage5="1098">
</level><level lv="24" damage1="189" damage2="315" damage3="378" damage4="756" damage5="1134">
</level><level lv="25" damage1="195" damage2="325" damage3="390" damage4="780" damage5="1170">
</level><level lv="26" damage1="201" damage2="335" damage3="402" damage4="804" damage5="1206">
</level><level lv="27" damage1="207" damage2="345" damage3="414" damage4="828" damage5="1242">
</level><level lv="28" damage1="213" damage2="355" damage3="426" damage4="852" damage5="1278">
</level><level lv="29" damage1="219" damage2="365" damage3="438" damage4="876" damage5="1314">
</level><level lv="30" damage1="225" damage2="375" damage3="450" damage4="900" damage5="1350">
</level><level lv="31" damage1="231" damage2="385" damage3="462" damage4="924" damage5="1386">
</level><level lv="32" damage1="237" damage2="395" damage3="474" damage4="948" damage5="1422">
</level><level lv="33" damage1="243" damage2="405" damage3="486" damage4="972" damage5="1458">
</level><level lv="34" damage1="249" damage2="415" damage3="498" damage4="996" damage5="1494">
</level><level lv="35" damage1="255" damage2="425" damage3="510" damage4="1020" damage5="1530">
</level><level lv="36" damage1="261" damage2="435" damage3="522" damage4="1044" damage5="1566">
</level><level lv="37" damage1="267" damage2="445" damage3="534" damage4="1068" damage5="1602">
</level><level lv="38" damage1="273" damage2="455" damage3="546" damage4="1092" damage5="1638">
</level><level lv="39" damage1="279" damage2="465" damage3="558" damage4="1116" damage5="1674">
</level><level lv="40" damage1="285" damage2="475" damage3="570" damage4="1140" damage5="1710">
</level><level lv="41" damage1="291" damage2="485" damage3="582" damage4="1164" damage5="1746">
</level><level lv="42" damage1="297" damage2="495" damage3="594" damage4="1188" damage5="1782">
</level><level lv="43" damage1="303" damage2="505" damage3="606" damage4="1212" damage5="1818">
</level><level lv="44" damage1="309" damage2="515" damage3="618" damage4="1236" damage5="1854">
</level><level lv="45" damage1="315" damage2="525" damage3="630" damage4="1260" damage5="1890">
</level><level lv="46" damage1="321" damage2="535" damage3="642" damage4="1284" damage5="1926">
</level><level lv="47" damage1="327" damage2="545" damage3="654" damage4="1308" damage5="1962">
</level><level lv="48" damage1="333" damage2="555" damage3="666" damage4="1332" damage5="1998">
</level><level lv="49" damage1="339" damage2="565" damage3="678" damage4="1356" damage5="2034">
</level><level lv="50" damage1="345" damage2="575" damage3="690" damage4="1380" damage5="2070">
</level><level lv="51" damage1="351" damage2="585" damage3="702" damage4="1404" damage5="2106">
</level><level lv="52" damage1="357" damage2="595" damage3="714" damage4="1428" damage5="2142">
</level><level lv="53" damage1="363" damage2="605" damage3="726" damage4="1452" damage5="2178">
</level><level lv="54" damage1="369" damage2="615" damage3="738" damage4="1476" damage5="2214">
</level><level lv="55" damage1="375" damage2="625" damage3="750" damage4="1500" damage5="2250">
</level><level lv="56" damage1="381" damage2="635" damage3="762" damage4="1524" damage5="2286">
</level><level lv="57" damage1="387" damage2="645" damage3="774" damage4="1548" damage5="2322">
</level><level lv="58" damage1="393" damage2="655" damage3="786" damage4="1572" damage5="2358">
</level><level lv="59" damage1="399" damage2="665" damage3="798" damage4="1596" damage5="2394">
</level><level lv="60" damage1="405" damage2="675" damage3="810" damage4="1620" damage5="2430">
</level><level lv="61" damage1="411" damage2="685" damage3="822" damage4="1644" damage5="2466">
</level><level lv="62" damage1="417" damage2="695" damage3="834" damage4="1668" damage5="2502">
</level><level lv="63" damage1="423" damage2="705" damage3="846" damage4="1692" damage5="2538">
</level><level lv="64" damage1="429" damage2="715" damage3="858" damage4="1716" damage5="2574">
</level><level lv="65" damage1="435" damage2="725" damage3="870" damage4="1740" damage5="2610">
</level><level lv="66" damage1="441" damage2="735" damage3="882" damage4="1764" damage5="2646">
</level><level lv="67" damage1="447" damage2="745" damage3="894" damage4="1788" damage5="2682">
</level><level lv="68" damage1="453" damage2="755" damage3="906" damage4="1812" damage5="2718">
</level><level lv="69" damage1="459" damage2="765" damage3="918" damage4="1836" damage5="2754">
</level><level lv="70" damage1="465" damage2="775" damage3="930" damage4="1860" damage5="2790">
</level><level lv="71" damage1="471" damage2="785" damage3="942" damage4="1884" damage5="2826">
</level><level lv="72" damage1="477" damage2="795" damage3="954" damage4="1908" damage5="2862">
</level><level lv="73" damage1="483" damage2="805" damage3="966" damage4="1932" damage5="2898">
</level><level lv="74" damage1="489" damage2="815" damage3="978" damage4="1956" damage5="2934">
</level><level lv="75" damage1="495" damage2="825" damage3="990" damage4="1980" damage5="2970">
</level><level lv="76" damage1="501" damage2="835" damage3="1002" damage4="2004" damage5="3006">
</level><level lv="77" damage1="507" damage2="845" damage3="1014" damage4="2028" damage5="3042">
</level><level lv="78" damage1="513" damage2="855" damage3="1026" damage4="2052" damage5="3078">
</level><level lv="79" damage1="519" damage2="865" damage3="1038" damage4="2076" damage5="3114">
</level><level lv="80" damage1="525" damage2="875" damage3="1050" damage4="2100" damage5="3150">
</level><level lv="81" damage1="531" damage2="885" damage3="1062" damage4="2124" damage5="3186">
</level><level lv="82" damage1="537" damage2="895" damage3="1074" damage4="2148" damage5="3222">
</level><level lv="83" damage1="543" damage2="905" damage3="1086" damage4="2172" damage5="3258">
</level><level lv="84" damage1="549" damage2="915" damage3="1098" damage4="2196" damage5="3294">
</level><level lv="85" damage1="555" damage2="925" damage3="1110" damage4="2220" damage5="3330">
</level><level lv="86" damage1="561" damage2="935" damage3="1122" damage4="2244" damage5="3366">
</level><level lv="87" damage1="567" damage2="945" damage3="1134" damage4="2268" damage5="3402">
</level><level lv="88" damage1="573" damage2="955" damage3="1146" damage4="2292" damage5="3438">
</level><level lv="89" damage1="579" damage2="965" damage3="1158" damage4="2316" damage5="3474">
</level><level lv="90" damage1="585" damage2="975" damage3="1170" damage4="2340" damage5="3510">
</level><level lv="91" damage1="591" damage2="985" damage3="1182" damage4="2364" damage5="3546">
</level><level lv="92" damage1="597" damage2="995" damage3="1194" damage4="2388" damage5="3582">
</level><level lv="93" damage1="603" damage2="1005" damage3="1206" damage4="2412" damage5="3618">
</level><level lv="94" damage1="609" damage2="1015" damage3="1218" damage4="2436" damage5="3654">
</level><level lv="95" damage1="615" damage2="1025" damage3="1230" damage4="2460" damage5="3690">
</level><level lv="96" damage1="621" damage2="1035" damage3="1242" damage4="2484" damage5="3726">
</level><level lv="97" damage1="627" damage2="1045" damage3="1254" damage4="2508" damage5="3762">
</level><level lv="98" damage1="633" damage2="1055" damage3="1266" damage4="2532" damage5="3798">
</level><level lv="99" damage1="639" damage2="1065" damage3="1278" damage4="2556" damage5="3834">
</level><level lv="100" damage1="645" damage2="1075" damage3="1290" damage4="2580" damage5="3870">
</level><level lv="101" damage1="651" damage2="1085" damage3="1302" damage4="2604" damage5="3906">
</level><level lv="102" damage1="657" damage2="1095" damage3="1314" damage4="2628" damage5="3942">
</level><level lv="103" damage1="663" damage2="1105" damage3="1326" damage4="2652" damage5="3978">
</level><level lv="104" damage1="669" damage2="1115" damage3="1338" damage4="2676" damage5="4014">
</level><level lv="105" damage1="675" damage2="1125" damage3="1350" damage4="2700" damage5="4050">
</level><level lv="106" damage1="681" damage2="1135" damage3="1362" damage4="2724" damage5="4086">
</level><level lv="107" damage1="687" damage2="1145" damage3="1374" damage4="2748" damage5="4122">
</level><level lv="108" damage1="693" damage2="1155" damage3="1386" damage4="2772" damage5="4158">
</level><level lv="109" damage1="699" damage2="1165" damage3="1398" damage4="2796" damage5="4194">
</level><level lv="110" damage1="705" damage2="1175" damage3="1410" damage4="2820" damage5="4230">
</level><level lv="111" damage1="711" damage2="1185" damage3="1422" damage4="2844" damage5="4266">
</level><level lv="112" damage1="717" damage2="1195" damage3="1434" damage4="2868" damage5="4302">
</level><level lv="113" damage1="723" damage2="1205" damage3="1446" damage4="2892" damage5="4338">
</level><level lv="114" damage1="729" damage2="1215" damage3="1458" damage4="2916" damage5="4374">
</level><level lv="115" damage1="735" damage2="1225" damage3="1470" damage4="2940" damage5="4410">
</level><level lv="116" damage1="741" damage2="1235" damage3="1482" damage4="2964" damage5="4446">
</level><level lv="117" damage1="747" damage2="1245" damage3="1494" damage4="2988" damage5="4482">
</level><level lv="118" damage1="753" damage2="1255" damage3="1506" damage4="3012" damage5="4518">
</level><level lv="119" damage1="759" damage2="1265" damage3="1518" damage4="3036" damage5="4554">
</level><level lv="120" damage1="765" damage2="1275" damage3="1530" damage4="3060" damage5="4590">
</level><level lv="121" damage1="771" damage2="1285" damage3="1542" damage4="3084" damage5="4626">
</level><level lv="122" damage1="777" damage2="1295" damage3="1554" damage4="3108" damage5="4662">
</level><level lv="123" damage1="783" damage2="1305" damage3="1566" damage4="3132" damage5="4698">
</level><level lv="124" damage1="789" damage2="1315" damage3="1578" damage4="3156" damage5="4734">
</level><level lv="125" damage1="795" damage2="1325" damage3="1590" damage4="3180" damage5="4770">
</level><level lv="126" damage1="801" damage2="1335" damage3="1602" damage4="3204" damage5="4806">
</level><level lv="127" damage1="807" damage2="1345" damage3="1614" damage4="3228" damage5="4842">
</level><level lv="128" damage1="813" damage2="1355" damage3="1626" damage4="3252" damage5="4878">
</level><level lv="129" damage1="819" damage2="1365" damage3="1638" damage4="3276" damage5="4914">
</level><level lv="130" damage1="825" damage2="1375" damage3="1650" damage4="3300" damage5="4950">
</level><level lv="131" damage1="831" damage2="1385" damage3="1662" damage4="3324" damage5="4986">
</level><level lv="132" damage1="837" damage2="1395" damage3="1674" damage4="3348" damage5="5022">
</level><level lv="133" damage1="843" damage2="1405" damage3="1686" damage4="3372" damage5="5058">
</level><level lv="134" damage1="849" damage2="1415" damage3="1698" damage4="3396" damage5="5094">
</level><level lv="135" damage1="855" damage2="1425" damage3="1710" damage4="3420" damage5="5130">
</level><level lv="136" damage1="861" damage2="1435" damage3="1722" damage4="3444" damage5="5166">
</level><level lv="137" damage1="867" damage2="1445" damage3="1734" damage4="3468" damage5="5202">
</level><level lv="138" damage1="873" damage2="1455" damage3="1746" damage4="3492" damage5="5238">
</level><level lv="139" damage1="879" damage2="1465" damage3="1758" damage4="3516" damage5="5274">
</level><level lv="140" damage1="885" damage2="1475" damage3="1770" damage4="3540" damage5="5310">
</level><level lv="141" damage1="891" damage2="1485" damage3="1782" damage4="3564" damage5="5346">
</level><level lv="142" damage1="897" damage2="1495" damage3="1794" damage4="3588" damage5="5382">
</level><level lv="143" damage1="903" damage2="1505" damage3="1806" damage4="3612" damage5="5418">
</level><level lv="144" damage1="909" damage2="1515" damage3="1818" damage4="3636" damage5="5454">
</level><level lv="145" damage1="915" damage2="1525" damage3="1830" damage4="3660" damage5="5490">
</level><level lv="146" damage1="921" damage2="1535" damage3="1842" damage4="3684" damage5="5526">
</level><level lv="147" damage1="927" damage2="1545" damage3="1854" damage4="3708" damage5="5562">
</level><level lv="148" damage1="933" damage2="1555" damage3="1866" damage4="3732" damage5="5598">
</level><level lv="149" damage1="939" damage2="1565" damage3="1878" damage4="3756" damage5="5634">
</level><level lv="150" damage1="945" damage2="1575" damage3="1890" damage4="3780" damage5="5670">
</level><level lv="151" damage1="951" damage2="1585" damage3="1902" damage4="3804" damage5="5706">
</level><level lv="152" damage1="957" damage2="1595" damage3="1914" damage4="3828" damage5="5742">
</level><level lv="153" damage1="963" damage2="1605" damage3="1926" damage4="3852" damage5="5778">
</level><level lv="154" damage1="969" damage2="1615" damage3="1938" damage4="3876" damage5="5814">
</level><level lv="155" damage1="975" damage2="1625" damage3="1950" damage4="3900" damage5="5850">
</level><level lv="156" damage1="981" damage2="1635" damage3="1962" damage4="3924" damage5="5886">
</level><level lv="157" damage1="987" damage2="1645" damage3="1974" damage4="3948" damage5="5922">
</level><level lv="158" damage1="993" damage2="1655" damage3="1986" damage4="3972" damage5="5958">
</level><level lv="159" damage1="999" damage2="1665" damage3="1998" damage4="3996" damage5="5994">
</level><level lv="160" damage1="1005" damage2="1675" damage3="2010" damage4="4020" damage5="6030">
</level><level lv="161" damage1="1011" damage2="1685" damage3="2022" damage4="4044" damage5="6066">
</level><level lv="162" damage1="1017" damage2="1695" damage3="2034" damage4="4068" damage5="6102">
</level><level lv="163" damage1="1023" damage2="1705" damage3="2046" damage4="4092" damage5="6138">
</level><level lv="164" damage1="1029" damage2="1715" damage3="2058" damage4="4116" damage5="6174">
</level><level lv="165" damage1="1035" damage2="1725" damage3="2070" damage4="4140" damage5="6210">
</level><level lv="166" damage1="1041" damage2="1735" damage3="2082" damage4="4164" damage5="6246">
</level><level lv="167" damage1="1047" damage2="1745" damage3="2094" damage4="4188" damage5="6282">
</level><level lv="168" damage1="1053" damage2="1755" damage3="2106" damage4="4212" damage5="6318">
</level><level lv="169" damage1="1059" damage2="1765" damage3="2118" damage4="4236" damage5="6354">
</level><level lv="170" damage1="1065" damage2="1775" damage3="2130" damage4="4260" damage5="6390">
</level><level lv="171" damage1="1071" damage2="1785" damage3="2142" damage4="4284" damage5="6426">
</level><level lv="172" damage1="1077" damage2="1795" damage3="2154" damage4="4308" damage5="6462">
</level><level lv="173" damage1="1083" damage2="1805" damage3="2166" damage4="4332" damage5="6498">
</level><level lv="174" damage1="1089" damage2="1815" damage3="2178" damage4="4356" damage5="6534">
</level><level lv="175" damage1="1095" damage2="1825" damage3="2190" damage4="4380" damage5="6570">
</level><level lv="176" damage1="1101" damage2="1835" damage3="2202" damage4="4404" damage5="6606">
</level><level lv="177" damage1="1107" damage2="1845" damage3="2214" damage4="4428" damage5="6642">
</level><level lv="178" damage1="1113" damage2="1855" damage3="2226" damage4="4452" damage5="6678">
</level><level lv="179" damage1="1119" damage2="1865" damage3="2238" damage4="4476" damage5="6714">
</level><level lv="180" damage1="1125" damage2="1875" damage3="2250" damage4="4500" damage5="6750">
</level><level lv="181" damage1="1131" damage2="1885" damage3="2262" damage4="4524" damage5="6786">
</level><level lv="182" damage1="1137" damage2="1895" damage3="2274" damage4="4548" damage5="6822">
</level><level lv="183" damage1="1143" damage2="1905" damage3="2286" damage4="4572" damage5="6858">
</level><level lv="184" damage1="1149" damage2="1915" damage3="2298" damage4="4596" damage5="6894">
</level><level lv="185" damage1="1155" damage2="1925" damage3="2310" damage4="4620" damage5="6930">
</level><level lv="186" damage1="1161" damage2="1935" damage3="2322" damage4="4644" damage5="6966">
</level><level lv="187" damage1="1167" damage2="1945" damage3="2334" damage4="4668" damage5="7002">
</level><level lv="188" damage1="1173" damage2="1955" damage3="2346" damage4="4692" damage5="7038">
</level><level lv="189" damage1="1179" damage2="1965" damage3="2358" damage4="4716" damage5="7074">
</level><level lv="190" damage1="1185" damage2="1975" damage3="2370" damage4="4740" damage5="7110">
</level><level lv="191" damage1="1191" damage2="1985" damage3="2382" damage4="4764" damage5="7146">
</level><level lv="192" damage1="1197" damage2="1995" damage3="2394" damage4="4788" damage5="7182">
</level><level lv="193" damage1="1203" damage2="2005" damage3="2406" damage4="4812" damage5="7218">
</level><level lv="194" damage1="1209" damage2="2015" damage3="2418" damage4="4836" damage5="7254">
</level><level lv="195" damage1="1215" damage2="2025" damage3="2430" damage4="4860" damage5="7290">
</level><level lv="196" damage1="1221" damage2="2035" damage3="2442" damage4="4884" damage5="7326">
</level><level lv="197" damage1="1227" damage2="2045" damage3="2454" damage4="4908" damage5="7362">
</level><level lv="198" damage1="1233" damage2="2055" damage3="2466" damage4="4932" damage5="7398">
</level><level lv="199" damage1="1239" damage2="2065" damage3="2478" damage4="4956" damage5="7434">
</level><level lv="200" damage1="1245" damage2="2075" damage3="2490" damage4="4980" damage5="7470">
</level><level lv="201" damage1="1251" damage2="2085" damage3="2502" damage4="5004" damage5="7506">
</level><level lv="202" damage1="1257" damage2="2095" damage3="2514" damage4="5028" damage5="7542">
</level><level lv="203" damage1="1263" damage2="2105" damage3="2526" damage4="5052" damage5="7578">
</level><level lv="204" damage1="1269" damage2="2115" damage3="2538" damage4="5076" damage5="7614">
</level><level lv="205" damage1="1275" damage2="2125" damage3="2550" damage4="5100" damage5="7650">
</level><level lv="206" damage1="1281" damage2="2135" damage3="2562" damage4="5124" damage5="7686">
</level><level lv="207" damage1="1287" damage2="2145" damage3="2574" damage4="5148" damage5="7722">
</level><level lv="208" damage1="1293" damage2="2155" damage3="2586" damage4="5172" damage5="7758">
</level><level lv="209" damage1="1299" damage2="2165" damage3="2598" damage4="5196" damage5="7794">
</level><level lv="210" damage1="1305" damage2="2175" damage3="2610" damage4="5220" damage5="7830">
</level><level lv="211" damage1="1311" damage2="2185" damage3="2622" damage4="5244" damage5="7866">
</level><level lv="212" damage1="1317" damage2="2195" damage3="2634" damage4="5268" damage5="7902">
</level><level lv="213" damage1="1323" damage2="2205" damage3="2646" damage4="5292" damage5="7938">
</level><level lv="214" damage1="1329" damage2="2215" damage3="2658" damage4="5316" damage5="7974">
</level><level lv="215" damage1="1335" damage2="2225" damage3="2670" damage4="5340" damage5="8010">
</level><level lv="216" damage1="1341" damage2="2235" damage3="2682" damage4="5364" damage5="8046">
</level><level lv="217" damage1="1347" damage2="2245" damage3="2694" damage4="5388" damage5="8082">
</level><level lv="218" damage1="1353" damage2="2255" damage3="2706" damage4="5412" damage5="8118">
</level><level lv="219" damage1="1359" damage2="2265" damage3="2718" damage4="5436" damage5="8154">
</level><level lv="220" damage1="1365" damage2="2275" damage3="2730" damage4="5460" damage5="8190">
</level><level lv="221" damage1="1371" damage2="2285" damage3="2742" damage4="5484" damage5="8226">
</level><level lv="222" damage1="1377" damage2="2295" damage3="2754" damage4="5508" damage5="8262">
</level><level lv="223" damage1="1383" damage2="2305" damage3="2766" damage4="5532" damage5="8298">
</level><level lv="224" damage1="1389" damage2="2315" damage3="2778" damage4="5556" damage5="8334">
</level><level lv="225" damage1="1395" damage2="2325" damage3="2790" damage4="5580" damage5="8370">
</level><level lv="226" damage1="1401" damage2="2335" damage3="2802" damage4="5604" damage5="8406">
</level><level lv="227" damage1="1407" damage2="2345" damage3="2814" damage4="5628" damage5="8442">
</level><level lv="228" damage1="1413" damage2="2355" damage3="2826" damage4="5652" damage5="8478">
</level><level lv="229" damage1="1419" damage2="2365" damage3="2838" damage4="5676" damage5="8514">
</level><level lv="230" damage1="1425" damage2="2375" damage3="2850" damage4="5700" damage5="8550">
</level><level lv="231" damage1="1431" damage2="2385" damage3="2862" damage4="5724" damage5="8586">
</level><level lv="232" damage1="1437" damage2="2395" damage3="2874" damage4="5748" damage5="8622">
</level><level lv="233" damage1="1443" damage2="2405" damage3="2886" damage4="5772" damage5="8658">
</level><level lv="234" damage1="1449" damage2="2415" damage3="2898" damage4="5796" damage5="8694">
</level><level lv="235" damage1="1455" damage2="2425" damage3="2910" damage4="5820" damage5="8730">
</level><level lv="236" damage1="1461" damage2="2435" damage3="2922" damage4="5844" damage5="8766">
</level><level lv="237" damage1="1467" damage2="2445" damage3="2934" damage4="5868" damage5="8802">
</level><level lv="238" damage1="1473" damage2="2455" damage3="2946" damage4="5892" damage5="8838">
</level><level lv="239" damage1="1479" damage2="2465" damage3="2958" damage4="5916" damage5="8874">
</level><level lv="240" damage1="1485" damage2="2475" damage3="2970" damage4="5940" damage5="8910">
</level><level lv="241" damage1="1491" damage2="2485" damage3="2982" damage4="5964" damage5="8946">
</level><level lv="242" damage1="1497" damage2="2495" damage3="2994" damage4="5988" damage5="8982">
</level><level lv="243" damage1="1503" damage2="2505" damage3="3006" damage4="6012" damage5="9018">
</level><level lv="244" damage1="1509" damage2="2515" damage3="3018" damage4="6036" damage5="9054">
</level><level lv="245" damage1="1515" damage2="2525" damage3="3030" damage4="6060" damage5="9090">
</level><level lv="246" damage1="1521" damage2="2535" damage3="3042" damage4="6084" damage5="9126">
</level><level lv="247" damage1="1527" damage2="2545" damage3="3054" damage4="6108" damage5="9162">
</level><level lv="248" damage1="1533" damage2="2555" damage3="3066" damage4="6132" damage5="9198">
</level><level lv="249" damage1="1539" damage2="2565" damage3="3078" damage4="6156" damage5="9234">
</level><level lv="250" damage1="1545" damage2="2575" damage3="3090" damage4="6180" damage5="9270">
</level><level lv="251" damage1="1551" damage2="2585" damage3="3102" damage4="6204" damage5="9306">
</level><level lv="252" damage1="1557" damage2="2595" damage3="3114" damage4="6228" damage5="9342">
</level><level lv="253" damage1="1563" damage2="2605" damage3="3126" damage4="6252" damage5="9378">
</level><level lv="254" damage1="1569" damage2="2615" damage3="3138" damage4="6276" damage5="9414">
</level><level lv="255" damage1="1575" damage2="2625" damage3="3150" damage4="6300" damage5="9450">
</level><level lv="256" damage1="1581" damage2="2635" damage3="3162" damage4="6324" damage5="9486">
</level><level lv="257" damage1="1587" damage2="2645" damage3="3174" damage4="6348" damage5="9522">
</level><level lv="258" damage1="1593" damage2="2655" damage3="3186" damage4="6372" damage5="9558">
</level><level lv="259" damage1="1599" damage2="2665" damage3="3198" damage4="6396" damage5="9594">
</level><level lv="260" damage1="1605" damage2="2675" damage3="3210" damage4="6420" damage5="9630">
</level><level lv="261" damage1="1611" damage2="2685" damage3="3222" damage4="6444" damage5="9666">
</level><level lv="262" damage1="1617" damage2="2695" damage3="3234" damage4="6468" damage5="9702">
</level><level lv="263" damage1="1623" damage2="2705" damage3="3246" damage4="6492" damage5="9738">
</level><level lv="264" damage1="1629" damage2="2715" damage3="3258" damage4="6516" damage5="9774">
</level><level lv="265" damage1="1635" damage2="2725" damage3="3270" damage4="6540" damage5="9810">
</level><level lv="266" damage1="1641" damage2="2735" damage3="3282" damage4="6564" damage5="9846">
</level><level lv="267" damage1="1647" damage2="2745" damage3="3294" damage4="6588" damage5="9882">
</level><level lv="268" damage1="1653" damage2="2755" damage3="3306" damage4="6612" damage5="9918">
</level><level lv="269" damage1="1659" damage2="2765" damage3="3318" damage4="6636" damage5="9954">
</level><level lv="270" damage1="1665" damage2="2775" damage3="3330" damage4="6660" damage5="9990">
</level><level lv="271" damage1="1671" damage2="2785" damage3="3342" damage4="6684" damage5="10026">
</level><level lv="272" damage1="1677" damage2="2795" damage3="3354" damage4="6708" damage5="10062">
</level><level lv="273" damage1="1683" damage2="2805" damage3="3366" damage4="6732" damage5="10098">
</level><level lv="274" damage1="1689" damage2="2815" damage3="3378" damage4="6756" damage5="10134">
</level><level lv="275" damage1="1695" damage2="2825" damage3="3390" damage4="6780" damage5="10170">
</level><level lv="276" damage1="1701" damage2="2835" damage3="3402" damage4="6804" damage5="10206">
</level><level lv="277" damage1="1707" damage2="2845" damage3="3414" damage4="6828" damage5="10242">
</level><level lv="278" damage1="1713" damage2="2855" damage3="3426" damage4="6852" damage5="10278">
</level><level lv="279" damage1="1719" damage2="2865" damage3="3438" damage4="6876" damage5="10314">
</level><level lv="280" damage1="1725" damage2="2875" damage3="3450" damage4="6900" damage5="10350">
</level><level lv="281" damage1="1731" damage2="2885" damage3="3462" damage4="6924" damage5="10386">
</level><level lv="282" damage1="1737" damage2="2895" damage3="3474" damage4="6948" damage5="10422">
</level><level lv="283" damage1="1743" damage2="2905" damage3="3486" damage4="6972" damage5="10458">
</level><level lv="284" damage1="1749" damage2="2915" damage3="3498" damage4="6996" damage5="10494">
</level><level lv="285" damage1="1755" damage2="2925" damage3="3510" damage4="7020" damage5="10530">
</level><level lv="286" damage1="1761" damage2="2935" damage3="3522" damage4="7044" damage5="10566">
</level><level lv="287" damage1="1767" damage2="2945" damage3="3534" damage4="7068" damage5="10602">
</level><level lv="288" damage1="1773" damage2="2955" damage3="3546" damage4="7092" damage5="10638">
</level><level lv="289" damage1="1779" damage2="2965" damage3="3558" damage4="7116" damage5="10674">
</level><level lv="290" damage1="1785" damage2="2975" damage3="3570" damage4="7140" damage5="10710">
</level><level lv="291" damage1="1791" damage2="2985" damage3="3582" damage4="7164" damage5="10746">
</level><level lv="292" damage1="1797" damage2="2995" damage3="3594" damage4="7188" damage5="10782">
</level><level lv="293" damage1="1803" damage2="3005" damage3="3606" damage4="7212" damage5="10818">
</level><level lv="294" damage1="1809" damage2="3015" damage3="3618" damage4="7236" damage5="10854">
</level><level lv="295" damage1="1815" damage2="3025" damage3="3630" damage4="7260" damage5="10890">
</level><level lv="296" damage1="1821" damage2="3035" damage3="3642" damage4="7284" damage5="10926">
</level><level lv="297" damage1="1827" damage2="3045" damage3="3654" damage4="7308" damage5="10962">
</level><level lv="298" damage1="1833" damage2="3055" damage3="3666" damage4="7332" damage5="10998">
</level><level lv="299" damage1="1839" damage2="3065" damage3="3678" damage4="7356" damage5="11034">
</level><level lv="300" damage1="1845" damage2="3075" damage3="3690" damage4="7380" damage5="11070">
</level><level lv="301" damage1="1851" damage2="3085" damage3="3702" damage4="7404" damage5="11106">
</level><level lv="302" damage1="1857" damage2="3095" damage3="3714" damage4="7428" damage5="11142">
</level><level lv="303" damage1="1863" damage2="3105" damage3="3726" damage4="7452" damage5="11178">
</level><level lv="304" damage1="1869" damage2="3115" damage3="3738" damage4="7476" damage5="11214">
</level><level lv="305" damage1="1875" damage2="3125" damage3="3750" damage4="7500" damage5="11250">
</level><level lv="306" damage1="1881" damage2="3135" damage3="3762" damage4="7524" damage5="11286">
</level><level lv="307" damage1="1887" damage2="3145" damage3="3774" damage4="7548" damage5="11322">
</level><level lv="308" damage1="1893" damage2="3155" damage3="3786" damage4="7572" damage5="11358">
</level><level lv="309" damage1="1899" damage2="3165" damage3="3798" damage4="7596" damage5="11394">
</level><level lv="310" damage1="1905" damage2="3175" damage3="3810" damage4="7620" damage5="11430">
</level><level lv="311" damage1="1911" damage2="3185" damage3="3822" damage4="7644" damage5="11466">
</level><level lv="312" damage1="1917" damage2="3195" damage3="3834" damage4="7668" damage5="11502">
</level><level lv="313" damage1="1923" damage2="3205" damage3="3846" damage4="7692" damage5="11538">
</level><level lv="314" damage1="1929" damage2="3215" damage3="3858" damage4="7716" damage5="11574">
</level><level lv="315" damage1="1935" damage2="3225" damage3="3870" damage4="7740" damage5="11610">
</level><level lv="316" damage1="1941" damage2="3235" damage3="3882" damage4="7764" damage5="11646">
</level><level lv="317" damage1="1947" damage2="3245" damage3="3894" damage4="7788" damage5="11682">
</level><level lv="318" damage1="1953" damage2="3255" damage3="3906" damage4="7812" damage5="11718">
</level><level lv="319" damage1="1959" damage2="3265" damage3="3918" damage4="7836" damage5="11754">
</level><level lv="320" damage1="1965" damage2="3275" damage3="3930" damage4="7860" damage5="11790">
</level><level lv="321" damage1="1971" damage2="3285" damage3="3942" damage4="7884" damage5="11826">
</level><level lv="322" damage1="1977" damage2="3295" damage3="3954" damage4="7908" damage5="11862">
</level><level lv="323" damage1="1983" damage2="3305" damage3="3966" damage4="7932" damage5="11898">
</level><level lv="324" damage1="1989" damage2="3315" damage3="3978" damage4="7956" damage5="11934">
</level><level lv="325" damage1="1995" damage2="3325" damage3="3990" damage4="7980" damage5="11970">
</level><level lv="326" damage1="2001" damage2="3335" damage3="4002" damage4="8004" damage5="12006">
</level><level lv="327" damage1="2007" damage2="3345" damage3="4014" damage4="8028" damage5="12042">
</level><level lv="328" damage1="2013" damage2="3355" damage3="4026" damage4="8052" damage5="12078">
</level><level lv="329" damage1="2019" damage2="3365" damage3="4038" damage4="8076" damage5="12114">
</level><level lv="330" damage1="2025" damage2="3375" damage3="4050" damage4="8100" damage5="12150">
</level><level lv="331" damage1="2031" damage2="3385" damage3="4062" damage4="8124" damage5="12186">
</level><level lv="332" damage1="2037" damage2="3395" damage3="4074" damage4="8148" damage5="12222">
</level><level lv="333" damage1="2043" damage2="3405" damage3="4086" damage4="8172" damage5="12258">
</level><level lv="334" damage1="2049" damage2="3415" damage3="4098" damage4="8196" damage5="12294">
</level><level lv="335" damage1="2055" damage2="3425" damage3="4110" damage4="8220" damage5="12330">
</level><level lv="336" damage1="2061" damage2="3435" damage3="4122" damage4="8244" damage5="12366">
</level><level lv="337" damage1="2067" damage2="3445" damage3="4134" damage4="8268" damage5="12402">
</level><level lv="338" damage1="2073" damage2="3455" damage3="4146" damage4="8292" damage5="12438">
</level><level lv="339" damage1="2079" damage2="3465" damage3="4158" damage4="8316" damage5="12474">
</level><level lv="340" damage1="2085" damage2="3475" damage3="4170" damage4="8340" damage5="12510">
</level><level lv="341" damage1="2091" damage2="3485" damage3="4182" damage4="8364" damage5="12546">
</level><level lv="342" damage1="2097" damage2="3495" damage3="4194" damage4="8388" damage5="12582">
</level><level lv="343" damage1="2103" damage2="3505" damage3="4206" damage4="8412" damage5="12618">
</level><level lv="344" damage1="2109" damage2="3515" damage3="4218" damage4="8436" damage5="12654">
</level><level lv="345" damage1="2115" damage2="3525" damage3="4230" damage4="8460" damage5="12690">
</level><level lv="346" damage1="2121" damage2="3535" damage3="4242" damage4="8484" damage5="12726">
</level><level lv="347" damage1="2127" damage2="3545" damage3="4254" damage4="8508" damage5="12762">
</level><level lv="348" damage1="2133" damage2="3555" damage3="4266" damage4="8532" damage5="12798">
</level><level lv="349" damage1="2139" damage2="3565" damage3="4278" damage4="8556" damage5="12834">
</level><level lv="350" damage1="2145" damage2="3575" damage3="4290" damage4="8580" damage5="12870">
</level><level lv="351" damage1="2151" damage2="3585" damage3="4302" damage4="8604" damage5="12906">
</level><level lv="352" damage1="2157" damage2="3595" damage3="4314" damage4="8628" damage5="12942">
</level><level lv="353" damage1="2163" damage2="3605" damage3="4326" damage4="8652" damage5="12978">
</level><level lv="354" damage1="2169" damage2="3615" damage3="4338" damage4="8676" damage5="13014">
</level><level lv="355" damage1="2175" damage2="3625" damage3="4350" damage4="8700" damage5="13050">
</level><level lv="356" damage1="2181" damage2="3635" damage3="4362" damage4="8724" damage5="13086">
</level><level lv="357" damage1="2187" damage2="3645" damage3="4374" damage4="8748" damage5="13122">
</level><level lv="358" damage1="2193" damage2="3655" damage3="4386" damage4="8772" damage5="13158">
</level><level lv="359" damage1="2199" damage2="3665" damage3="4398" damage4="8796" damage5="13194">
</level><level lv="360" damage1="2205" damage2="3675" damage3="4410" damage4="8820" damage5="13230">
</level><level lv="361" damage1="2211" damage2="3685" damage3="4422" damage4="8844" damage5="13266">
</level><level lv="362" damage1="2217" damage2="3695" damage3="4434" damage4="8868" damage5="13302">
</level><level lv="363" damage1="2223" damage2="3705" damage3="4446" damage4="8892" damage5="13338">
</level><level lv="364" damage1="2229" damage2="3715" damage3="4458" damage4="8916" damage5="13374">
</level><level lv="365" damage1="2235" damage2="3725" damage3="4470" damage4="8940" damage5="13410">
</level><level lv="366" damage1="2241" damage2="3735" damage3="4482" damage4="8964" damage5="13446">
</level><level lv="367" damage1="2247" damage2="3745" damage3="4494" damage4="8988" damage5="13482">
</level><level lv="368" damage1="2253" damage2="3755" damage3="4506" damage4="9012" damage5="13518">
</level><level lv="369" damage1="2259" damage2="3765" damage3="4518" damage4="9036" damage5="13554">
</level><level lv="370" damage1="2265" damage2="3775" damage3="4530" damage4="9060" damage5="13590">
</level><level lv="371" damage1="2271" damage2="3785" damage3="4542" damage4="9084" damage5="13626">
</level><level lv="372" damage1="2277" damage2="3795" damage3="4554" damage4="9108" damage5="13662">
</level><level lv="373" damage1="2283" damage2="3805" damage3="4566" damage4="9132" damage5="13698">
</level><level lv="374" damage1="2289" damage2="3815" damage3="4578" damage4="9156" damage5="13734">
</level><level lv="375" damage1="2295" damage2="3825" damage3="4590" damage4="9180" damage5="13770">
</level><level lv="376" damage1="2301" damage2="3835" damage3="4602" damage4="9204" damage5="13806">
</level><level lv="377" damage1="2307" damage2="3845" damage3="4614" damage4="9228" damage5="13842">
</level><level lv="378" damage1="2313" damage2="3855" damage3="4626" damage4="9252" damage5="13878">
</level><level lv="379" damage1="2319" damage2="3865" damage3="4638" damage4="9276" damage5="13914">
</level><level lv="380" damage1="2325" damage2="3875" damage3="4650" damage4="9300" damage5="13950">
</level><level lv="381" damage1="2331" damage2="3885" damage3="4662" damage4="9324" damage5="13986">
</level><level lv="382" damage1="2337" damage2="3895" damage3="4674" damage4="9348" damage5="14022">
</level><level lv="383" damage1="2343" damage2="3905" damage3="4686" damage4="9372" damage5="14058">
</level><level lv="384" damage1="2349" damage2="3915" damage3="4698" damage4="9396" damage5="14094">
</level><level lv="385" damage1="2355" damage2="3925" damage3="4710" damage4="9420" damage5="14130">
</level><level lv="386" damage1="2361" damage2="3935" damage3="4722" damage4="9444" damage5="14166">
</level><level lv="387" damage1="2367" damage2="3945" damage3="4734" damage4="9468" damage5="14202">
</level><level lv="388" damage1="2373" damage2="3955" damage3="4746" damage4="9492" damage5="14238">
</level><level lv="389" damage1="2379" damage2="3965" damage3="4758" damage4="9516" damage5="14274">
</level><level lv="390" damage1="2385" damage2="3975" damage3="4770" damage4="9540" damage5="14310">
</level><level lv="391" damage1="2391" damage2="3985" damage3="4782" damage4="9564" damage5="14346">
</level><level lv="392" damage1="2397" damage2="3995" damage3="4794" damage4="9588" damage5="14382">
</level><level lv="393" damage1="2403" damage2="4005" damage3="4806" damage4="9612" damage5="14418">
</level><level lv="394" damage1="2409" damage2="4015" damage3="4818" damage4="9636" damage5="14454">
</level><level lv="395" damage1="2415" damage2="4025" damage3="4830" damage4="9660" damage5="14490">
</level><level lv="396" damage1="2421" damage2="4035" damage3="4842" damage4="9684" damage5="14526">
</level><level lv="397" damage1="2427" damage2="4045" damage3="4854" damage4="9708" damage5="14562">
</level><level lv="398" damage1="2433" damage2="4055" damage3="4866" damage4="9732" damage5="14598">
</level><level lv="399" damage1="2439" damage2="4065" damage3="4878" damage4="9756" damage5="14634">
</level><level lv="400" damage1="2445" damage2="4075" damage3="4890" damage4="9780" damage5="14670">
</level></root>
