<!--
	仿玩家怪
-->
<PlayerOrge>
	<Role Type="1" Name="猴子怪">
		<Orge ID="13093" />
		<Orge ID="13100" />
		<Orge ID="13104" />
		<Orge ID="13122" />
		<Orge ID="13216"/>
		<Orge ID="13241"/>
		<Orge ID="13612"/>		
		<Orge ID="13614"/>			
	</Role>
	<Role Type="2" Name="兔子怪">
		<Orge ID="13091" />
		<Orge ID="13098" />
		<Orge ID="13102" />
		<Orge ID="13120" />
		<Orge ID="13214"/>
		<Orge ID="13239"/>
		
	</Role>
	<Role Type="3" Name="熊猫怪">
		<Orge ID="13094" />
		<Orge ID="13101" />
		<Orge ID="13105" />
		<Orge ID="13123" />
		<Orge ID="13217"/>
		<Orge ID="13242"/>
		<Orge ID="13629"/>
	</Role>
	<Role Type="4" Name="龙人怪">
		<Orge ID="13092" />
		<Orge ID="13099" />
		<Orge ID="13103" />
		<Orge ID="13121" />
		<Orge ID="13215"/>
		<Orge ID="13240"/>
		<Orge ID="13613"/>		
		<Orge ID="13615"/>		
		
	</Role>
</PlayerOrge>
