<?xml version="1.0"?>
<root><level lv="1" damage1="63" damage2="105" damage3="126" damage4="252" damage5="378">
</level><level lv="2" damage1="72" damage2="120" damage3="144" damage4="288" damage5="432">
</level><level lv="3" damage1="81" damage2="135" damage3="162" damage4="324" damage5="486">
</level><level lv="4" damage1="90" damage2="150" damage3="180" damage4="360" damage5="540">
</level><level lv="5" damage1="99" damage2="165" damage3="198" damage4="396" damage5="594">
</level><level lv="6" damage1="108" damage2="180" damage3="216" damage4="432" damage5="648">
</level><level lv="7" damage1="117" damage2="195" damage3="234" damage4="468" damage5="702">
</level><level lv="8" damage1="126" damage2="210" damage3="252" damage4="504" damage5="756">
</level><level lv="9" damage1="135" damage2="225" damage3="270" damage4="540" damage5="810">
</level><level lv="10" damage1="144" damage2="240" damage3="288" damage4="576" damage5="864">
</level><level lv="11" damage1="153" damage2="255" damage3="306" damage4="612" damage5="918">
</level><level lv="12" damage1="162" damage2="270" damage3="324" damage4="648" damage5="972">
</level><level lv="13" damage1="171" damage2="285" damage3="342" damage4="684" damage5="1026">
</level><level lv="14" damage1="180" damage2="300" damage3="360" damage4="720" damage5="1080">
</level><level lv="15" damage1="189" damage2="315" damage3="378" damage4="756" damage5="1134">
</level><level lv="16" damage1="198" damage2="330" damage3="396" damage4="792" damage5="1188">
</level><level lv="17" damage1="207" damage2="345" damage3="414" damage4="828" damage5="1242">
</level><level lv="18" damage1="216" damage2="360" damage3="432" damage4="864" damage5="1296">
</level><level lv="19" damage1="225" damage2="375" damage3="450" damage4="900" damage5="1350">
</level><level lv="20" damage1="234" damage2="390" damage3="468" damage4="936" damage5="1404">
</level><level lv="21" damage1="243" damage2="405" damage3="486" damage4="972" damage5="1458">
</level><level lv="22" damage1="252" damage2="420" damage3="504" damage4="1008" damage5="1512">
</level><level lv="23" damage1="261" damage2="435" damage3="522" damage4="1044" damage5="1566">
</level><level lv="24" damage1="270" damage2="450" damage3="540" damage4="1080" damage5="1620">
</level><level lv="25" damage1="279" damage2="465" damage3="558" damage4="1116" damage5="1674">
</level><level lv="26" damage1="288" damage2="480" damage3="576" damage4="1152" damage5="1728">
</level><level lv="27" damage1="297" damage2="495" damage3="594" damage4="1188" damage5="1782">
</level><level lv="28" damage1="306" damage2="510" damage3="612" damage4="1224" damage5="1836">
</level><level lv="29" damage1="315" damage2="525" damage3="630" damage4="1260" damage5="1890">
</level><level lv="30" damage1="324" damage2="540" damage3="648" damage4="1296" damage5="1944">
</level><level lv="31" damage1="333" damage2="555" damage3="666" damage4="1332" damage5="1998">
</level><level lv="32" damage1="342" damage2="570" damage3="684" damage4="1368" damage5="2052">
</level><level lv="33" damage1="351" damage2="585" damage3="702" damage4="1404" damage5="2106">
</level><level lv="34" damage1="360" damage2="600" damage3="720" damage4="1440" damage5="2160">
</level><level lv="35" damage1="369" damage2="615" damage3="738" damage4="1476" damage5="2214">
</level><level lv="36" damage1="378" damage2="630" damage3="756" damage4="1512" damage5="2268">
</level><level lv="37" damage1="387" damage2="645" damage3="774" damage4="1548" damage5="2322">
</level><level lv="38" damage1="396" damage2="660" damage3="792" damage4="1584" damage5="2376">
</level><level lv="39" damage1="405" damage2="675" damage3="810" damage4="1620" damage5="2430">
</level><level lv="40" damage1="414" damage2="690" damage3="828" damage4="1656" damage5="2484">
</level><level lv="41" damage1="423" damage2="705" damage3="846" damage4="1692" damage5="2538">
</level><level lv="42" damage1="432" damage2="720" damage3="864" damage4="1728" damage5="2592">
</level><level lv="43" damage1="441" damage2="735" damage3="882" damage4="1764" damage5="2646">
</level><level lv="44" damage1="450" damage2="750" damage3="900" damage4="1800" damage5="2700">
</level><level lv="45" damage1="459" damage2="765" damage3="918" damage4="1836" damage5="2754">
</level><level lv="46" damage1="468" damage2="780" damage3="936" damage4="1872" damage5="2808">
</level><level lv="47" damage1="477" damage2="795" damage3="954" damage4="1908" damage5="2862">
</level><level lv="48" damage1="486" damage2="810" damage3="972" damage4="1944" damage5="2916">
</level><level lv="49" damage1="495" damage2="825" damage3="990" damage4="1980" damage5="2970">
</level><level lv="50" damage1="504" damage2="840" damage3="1008" damage4="2016" damage5="3024">
</level><level lv="51" damage1="513" damage2="855" damage3="1026" damage4="2052" damage5="3078">
</level><level lv="52" damage1="522" damage2="870" damage3="1044" damage4="2088" damage5="3132">
</level><level lv="53" damage1="531" damage2="885" damage3="1062" damage4="2124" damage5="3186">
</level><level lv="54" damage1="540" damage2="900" damage3="1080" damage4="2160" damage5="3240">
</level><level lv="55" damage1="549" damage2="915" damage3="1098" damage4="2196" damage5="3294">
</level><level lv="56" damage1="558" damage2="930" damage3="1116" damage4="2232" damage5="3348">
</level><level lv="57" damage1="567" damage2="945" damage3="1134" damage4="2268" damage5="3402">
</level><level lv="58" damage1="576" damage2="960" damage3="1152" damage4="2304" damage5="3456">
</level><level lv="59" damage1="585" damage2="975" damage3="1170" damage4="2340" damage5="3510">
</level><level lv="60" damage1="594" damage2="990" damage3="1188" damage4="2376" damage5="3564">
</level><level lv="61" damage1="603" damage2="1005" damage3="1206" damage4="2412" damage5="3618">
</level><level lv="62" damage1="612" damage2="1020" damage3="1224" damage4="2448" damage5="3672">
</level><level lv="63" damage1="621" damage2="1035" damage3="1242" damage4="2484" damage5="3726">
</level><level lv="64" damage1="630" damage2="1050" damage3="1260" damage4="2520" damage5="3780">
</level><level lv="65" damage1="639" damage2="1065" damage3="1278" damage4="2556" damage5="3834">
</level><level lv="66" damage1="648" damage2="1080" damage3="1296" damage4="2592" damage5="3888">
</level><level lv="67" damage1="657" damage2="1095" damage3="1314" damage4="2628" damage5="3942">
</level><level lv="68" damage1="666" damage2="1110" damage3="1332" damage4="2664" damage5="3996">
</level><level lv="69" damage1="675" damage2="1125" damage3="1350" damage4="2700" damage5="4050">
</level><level lv="70" damage1="684" damage2="1140" damage3="1368" damage4="2736" damage5="4104">
</level><level lv="71" damage1="693" damage2="1155" damage3="1386" damage4="2772" damage5="4158">
</level><level lv="72" damage1="702" damage2="1170" damage3="1404" damage4="2808" damage5="4212">
</level><level lv="73" damage1="711" damage2="1185" damage3="1422" damage4="2844" damage5="4266">
</level><level lv="74" damage1="720" damage2="1200" damage3="1440" damage4="2880" damage5="4320">
</level><level lv="75" damage1="729" damage2="1215" damage3="1458" damage4="2916" damage5="4374">
</level><level lv="76" damage1="738" damage2="1230" damage3="1476" damage4="2952" damage5="4428">
</level><level lv="77" damage1="747" damage2="1245" damage3="1494" damage4="2988" damage5="4482">
</level><level lv="78" damage1="756" damage2="1260" damage3="1512" damage4="3024" damage5="4536">
</level><level lv="79" damage1="765" damage2="1275" damage3="1530" damage4="3060" damage5="4590">
</level><level lv="80" damage1="774" damage2="1290" damage3="1548" damage4="3096" damage5="4644">
</level><level lv="81" damage1="783" damage2="1305" damage3="1566" damage4="3132" damage5="4698">
</level><level lv="82" damage1="792" damage2="1320" damage3="1584" damage4="3168" damage5="4752">
</level><level lv="83" damage1="801" damage2="1335" damage3="1602" damage4="3204" damage5="4806">
</level><level lv="84" damage1="810" damage2="1350" damage3="1620" damage4="3240" damage5="4860">
</level><level lv="85" damage1="819" damage2="1365" damage3="1638" damage4="3276" damage5="4914">
</level><level lv="86" damage1="828" damage2="1380" damage3="1656" damage4="3312" damage5="4968">
</level><level lv="87" damage1="837" damage2="1395" damage3="1674" damage4="3348" damage5="5022">
</level><level lv="88" damage1="846" damage2="1410" damage3="1692" damage4="3384" damage5="5076">
</level><level lv="89" damage1="855" damage2="1425" damage3="1710" damage4="3420" damage5="5130">
</level><level lv="90" damage1="864" damage2="1440" damage3="1728" damage4="3456" damage5="5184">
</level><level lv="91" damage1="873" damage2="1455" damage3="1746" damage4="3492" damage5="5238">
</level><level lv="92" damage1="882" damage2="1470" damage3="1764" damage4="3528" damage5="5292">
</level><level lv="93" damage1="891" damage2="1485" damage3="1782" damage4="3564" damage5="5346">
</level><level lv="94" damage1="900" damage2="1500" damage3="1800" damage4="3600" damage5="5400">
</level><level lv="95" damage1="909" damage2="1515" damage3="1818" damage4="3636" damage5="5454">
</level><level lv="96" damage1="918" damage2="1530" damage3="1836" damage4="3672" damage5="5508">
</level><level lv="97" damage1="927" damage2="1545" damage3="1854" damage4="3708" damage5="5562">
</level><level lv="98" damage1="936" damage2="1560" damage3="1872" damage4="3744" damage5="5616">
</level><level lv="99" damage1="945" damage2="1575" damage3="1890" damage4="3780" damage5="5670">
</level><level lv="100" damage1="954" damage2="1590" damage3="1908" damage4="3816" damage5="5724">
</level><level lv="101" damage1="963" damage2="1605" damage3="1926" damage4="3852" damage5="5778">
</level><level lv="102" damage1="972" damage2="1620" damage3="1944" damage4="3888" damage5="5832">
</level><level lv="103" damage1="981" damage2="1635" damage3="1962" damage4="3924" damage5="5886">
</level><level lv="104" damage1="990" damage2="1650" damage3="1980" damage4="3960" damage5="5940">
</level><level lv="105" damage1="999" damage2="1665" damage3="1998" damage4="3996" damage5="5994">
</level><level lv="106" damage1="1008" damage2="1680" damage3="2016" damage4="4032" damage5="6048">
</level><level lv="107" damage1="1017" damage2="1695" damage3="2034" damage4="4068" damage5="6102">
</level><level lv="108" damage1="1026" damage2="1710" damage3="2052" damage4="4104" damage5="6156">
</level><level lv="109" damage1="1035" damage2="1725" damage3="2070" damage4="4140" damage5="6210">
</level><level lv="110" damage1="1044" damage2="1740" damage3="2088" damage4="4176" damage5="6264">
</level><level lv="111" damage1="1053" damage2="1755" damage3="2106" damage4="4212" damage5="6318">
</level><level lv="112" damage1="1062" damage2="1770" damage3="2124" damage4="4248" damage5="6372">
</level><level lv="113" damage1="1071" damage2="1785" damage3="2142" damage4="4284" damage5="6426">
</level><level lv="114" damage1="1080" damage2="1800" damage3="2160" damage4="4320" damage5="6480">
</level><level lv="115" damage1="1089" damage2="1815" damage3="2178" damage4="4356" damage5="6534">
</level><level lv="116" damage1="1098" damage2="1830" damage3="2196" damage4="4392" damage5="6588">
</level><level lv="117" damage1="1107" damage2="1845" damage3="2214" damage4="4428" damage5="6642">
</level><level lv="118" damage1="1116" damage2="1860" damage3="2232" damage4="4464" damage5="6696">
</level><level lv="119" damage1="1125" damage2="1875" damage3="2250" damage4="4500" damage5="6750">
</level><level lv="120" damage1="1134" damage2="1890" damage3="2268" damage4="4536" damage5="6804">
</level><level lv="121" damage1="1143" damage2="1905" damage3="2286" damage4="4572" damage5="6858">
</level><level lv="122" damage1="1152" damage2="1920" damage3="2304" damage4="4608" damage5="6912">
</level><level lv="123" damage1="1161" damage2="1935" damage3="2322" damage4="4644" damage5="6966">
</level><level lv="124" damage1="1170" damage2="1950" damage3="2340" damage4="4680" damage5="7020">
</level><level lv="125" damage1="1179" damage2="1965" damage3="2358" damage4="4716" damage5="7074">
</level><level lv="126" damage1="1188" damage2="1980" damage3="2376" damage4="4752" damage5="7128">
</level><level lv="127" damage1="1197" damage2="1995" damage3="2394" damage4="4788" damage5="7182">
</level><level lv="128" damage1="1206" damage2="2010" damage3="2412" damage4="4824" damage5="7236">
</level><level lv="129" damage1="1215" damage2="2025" damage3="2430" damage4="4860" damage5="7290">
</level><level lv="130" damage1="1224" damage2="2040" damage3="2448" damage4="4896" damage5="7344">
</level><level lv="131" damage1="1233" damage2="2055" damage3="2466" damage4="4932" damage5="7398">
</level><level lv="132" damage1="1242" damage2="2070" damage3="2484" damage4="4968" damage5="7452">
</level><level lv="133" damage1="1251" damage2="2085" damage3="2502" damage4="5004" damage5="7506">
</level><level lv="134" damage1="1260" damage2="2100" damage3="2520" damage4="5040" damage5="7560">
</level><level lv="135" damage1="1269" damage2="2115" damage3="2538" damage4="5076" damage5="7614">
</level><level lv="136" damage1="1278" damage2="2130" damage3="2556" damage4="5112" damage5="7668">
</level><level lv="137" damage1="1287" damage2="2145" damage3="2574" damage4="5148" damage5="7722">
</level><level lv="138" damage1="1296" damage2="2160" damage3="2592" damage4="5184" damage5="7776">
</level><level lv="139" damage1="1305" damage2="2175" damage3="2610" damage4="5220" damage5="7830">
</level><level lv="140" damage1="1314" damage2="2190" damage3="2628" damage4="5256" damage5="7884">
</level><level lv="141" damage1="1323" damage2="2205" damage3="2646" damage4="5292" damage5="7938">
</level><level lv="142" damage1="1332" damage2="2220" damage3="2664" damage4="5328" damage5="7992">
</level><level lv="143" damage1="1341" damage2="2235" damage3="2682" damage4="5364" damage5="8046">
</level><level lv="144" damage1="1350" damage2="2250" damage3="2700" damage4="5400" damage5="8100">
</level><level lv="145" damage1="1359" damage2="2265" damage3="2718" damage4="5436" damage5="8154">
</level><level lv="146" damage1="1368" damage2="2280" damage3="2736" damage4="5472" damage5="8208">
</level><level lv="147" damage1="1377" damage2="2295" damage3="2754" damage4="5508" damage5="8262">
</level><level lv="148" damage1="1386" damage2="2310" damage3="2772" damage4="5544" damage5="8316">
</level><level lv="149" damage1="1395" damage2="2325" damage3="2790" damage4="5580" damage5="8370">
</level><level lv="150" damage1="1404" damage2="2340" damage3="2808" damage4="5616" damage5="8424">
</level><level lv="151" damage1="1413" damage2="2355" damage3="2826" damage4="5652" damage5="8478">
</level><level lv="152" damage1="1422" damage2="2370" damage3="2844" damage4="5688" damage5="8532">
</level><level lv="153" damage1="1431" damage2="2385" damage3="2862" damage4="5724" damage5="8586">
</level><level lv="154" damage1="1440" damage2="2400" damage3="2880" damage4="5760" damage5="8640">
</level><level lv="155" damage1="1449" damage2="2415" damage3="2898" damage4="5796" damage5="8694">
</level><level lv="156" damage1="1458" damage2="2430" damage3="2916" damage4="5832" damage5="8748">
</level><level lv="157" damage1="1467" damage2="2445" damage3="2934" damage4="5868" damage5="8802">
</level><level lv="158" damage1="1476" damage2="2460" damage3="2952" damage4="5904" damage5="8856">
</level><level lv="159" damage1="1485" damage2="2475" damage3="2970" damage4="5940" damage5="8910">
</level><level lv="160" damage1="1494" damage2="2490" damage3="2988" damage4="5976" damage5="8964">
</level><level lv="161" damage1="1503" damage2="2505" damage3="3006" damage4="6012" damage5="9018">
</level><level lv="162" damage1="1512" damage2="2520" damage3="3024" damage4="6048" damage5="9072">
</level><level lv="163" damage1="1521" damage2="2535" damage3="3042" damage4="6084" damage5="9126">
</level><level lv="164" damage1="1530" damage2="2550" damage3="3060" damage4="6120" damage5="9180">
</level><level lv="165" damage1="1539" damage2="2565" damage3="3078" damage4="6156" damage5="9234">
</level><level lv="166" damage1="1548" damage2="2580" damage3="3096" damage4="6192" damage5="9288">
</level><level lv="167" damage1="1557" damage2="2595" damage3="3114" damage4="6228" damage5="9342">
</level><level lv="168" damage1="1566" damage2="2610" damage3="3132" damage4="6264" damage5="9396">
</level><level lv="169" damage1="1575" damage2="2625" damage3="3150" damage4="6300" damage5="9450">
</level><level lv="170" damage1="1584" damage2="2640" damage3="3168" damage4="6336" damage5="9504">
</level><level lv="171" damage1="1593" damage2="2655" damage3="3186" damage4="6372" damage5="9558">
</level><level lv="172" damage1="1602" damage2="2670" damage3="3204" damage4="6408" damage5="9612">
</level><level lv="173" damage1="1611" damage2="2685" damage3="3222" damage4="6444" damage5="9666">
</level><level lv="174" damage1="1620" damage2="2700" damage3="3240" damage4="6480" damage5="9720">
</level><level lv="175" damage1="1629" damage2="2715" damage3="3258" damage4="6516" damage5="9774">
</level><level lv="176" damage1="1638" damage2="2730" damage3="3276" damage4="6552" damage5="9828">
</level><level lv="177" damage1="1647" damage2="2745" damage3="3294" damage4="6588" damage5="9882">
</level><level lv="178" damage1="1656" damage2="2760" damage3="3312" damage4="6624" damage5="9936">
</level><level lv="179" damage1="1665" damage2="2775" damage3="3330" damage4="6660" damage5="9990">
</level><level lv="180" damage1="1674" damage2="2790" damage3="3348" damage4="6696" damage5="10044">
</level><level lv="181" damage1="1683" damage2="2805" damage3="3366" damage4="6732" damage5="10098">
</level><level lv="182" damage1="1692" damage2="2820" damage3="3384" damage4="6768" damage5="10152">
</level><level lv="183" damage1="1701" damage2="2835" damage3="3402" damage4="6804" damage5="10206">
</level><level lv="184" damage1="1710" damage2="2850" damage3="3420" damage4="6840" damage5="10260">
</level><level lv="185" damage1="1719" damage2="2865" damage3="3438" damage4="6876" damage5="10314">
</level><level lv="186" damage1="1728" damage2="2880" damage3="3456" damage4="6912" damage5="10368">
</level><level lv="187" damage1="1737" damage2="2895" damage3="3474" damage4="6948" damage5="10422">
</level><level lv="188" damage1="1746" damage2="2910" damage3="3492" damage4="6984" damage5="10476">
</level><level lv="189" damage1="1755" damage2="2925" damage3="3510" damage4="7020" damage5="10530">
</level><level lv="190" damage1="1764" damage2="2940" damage3="3528" damage4="7056" damage5="10584">
</level><level lv="191" damage1="1773" damage2="2955" damage3="3546" damage4="7092" damage5="10638">
</level><level lv="192" damage1="1782" damage2="2970" damage3="3564" damage4="7128" damage5="10692">
</level><level lv="193" damage1="1791" damage2="2985" damage3="3582" damage4="7164" damage5="10746">
</level><level lv="194" damage1="1800" damage2="3000" damage3="3600" damage4="7200" damage5="10800">
</level><level lv="195" damage1="1809" damage2="3015" damage3="3618" damage4="7236" damage5="10854">
</level><level lv="196" damage1="1818" damage2="3030" damage3="3636" damage4="7272" damage5="10908">
</level><level lv="197" damage1="1827" damage2="3045" damage3="3654" damage4="7308" damage5="10962">
</level><level lv="198" damage1="1836" damage2="3060" damage3="3672" damage4="7344" damage5="11016">
</level><level lv="199" damage1="1845" damage2="3075" damage3="3690" damage4="7380" damage5="11070">
</level><level lv="200" damage1="1854" damage2="3090" damage3="3708" damage4="7416" damage5="11124">
</level><level lv="201" damage1="1863" damage2="3105" damage3="3726" damage4="7452" damage5="11178">
</level><level lv="202" damage1="1872" damage2="3120" damage3="3744" damage4="7488" damage5="11232">
</level><level lv="203" damage1="1881" damage2="3135" damage3="3762" damage4="7524" damage5="11286">
</level><level lv="204" damage1="1890" damage2="3150" damage3="3780" damage4="7560" damage5="11340">
</level><level lv="205" damage1="1899" damage2="3165" damage3="3798" damage4="7596" damage5="11394">
</level><level lv="206" damage1="1908" damage2="3180" damage3="3816" damage4="7632" damage5="11448">
</level><level lv="207" damage1="1917" damage2="3195" damage3="3834" damage4="7668" damage5="11502">
</level><level lv="208" damage1="1926" damage2="3210" damage3="3852" damage4="7704" damage5="11556">
</level><level lv="209" damage1="1935" damage2="3225" damage3="3870" damage4="7740" damage5="11610">
</level><level lv="210" damage1="1944" damage2="3240" damage3="3888" damage4="7776" damage5="11664">
</level><level lv="211" damage1="1953" damage2="3255" damage3="3906" damage4="7812" damage5="11718">
</level><level lv="212" damage1="1962" damage2="3270" damage3="3924" damage4="7848" damage5="11772">
</level><level lv="213" damage1="1971" damage2="3285" damage3="3942" damage4="7884" damage5="11826">
</level><level lv="214" damage1="1980" damage2="3300" damage3="3960" damage4="7920" damage5="11880">
</level><level lv="215" damage1="1989" damage2="3315" damage3="3978" damage4="7956" damage5="11934">
</level><level lv="216" damage1="1998" damage2="3330" damage3="3996" damage4="7992" damage5="11988">
</level><level lv="217" damage1="2007" damage2="3345" damage3="4014" damage4="8028" damage5="12042">
</level><level lv="218" damage1="2016" damage2="3360" damage3="4032" damage4="8064" damage5="12096">
</level><level lv="219" damage1="2025" damage2="3375" damage3="4050" damage4="8100" damage5="12150">
</level><level lv="220" damage1="2034" damage2="3390" damage3="4068" damage4="8136" damage5="12204">
</level><level lv="221" damage1="2043" damage2="3405" damage3="4086" damage4="8172" damage5="12258">
</level><level lv="222" damage1="2052" damage2="3420" damage3="4104" damage4="8208" damage5="12312">
</level><level lv="223" damage1="2061" damage2="3435" damage3="4122" damage4="8244" damage5="12366">
</level><level lv="224" damage1="2070" damage2="3450" damage3="4140" damage4="8280" damage5="12420">
</level><level lv="225" damage1="2079" damage2="3465" damage3="4158" damage4="8316" damage5="12474">
</level><level lv="226" damage1="2088" damage2="3480" damage3="4176" damage4="8352" damage5="12528">
</level><level lv="227" damage1="2097" damage2="3495" damage3="4194" damage4="8388" damage5="12582">
</level><level lv="228" damage1="2106" damage2="3510" damage3="4212" damage4="8424" damage5="12636">
</level><level lv="229" damage1="2115" damage2="3525" damage3="4230" damage4="8460" damage5="12690">
</level><level lv="230" damage1="2124" damage2="3540" damage3="4248" damage4="8496" damage5="12744">
</level><level lv="231" damage1="2133" damage2="3555" damage3="4266" damage4="8532" damage5="12798">
</level><level lv="232" damage1="2142" damage2="3570" damage3="4284" damage4="8568" damage5="12852">
</level><level lv="233" damage1="2151" damage2="3585" damage3="4302" damage4="8604" damage5="12906">
</level><level lv="234" damage1="2160" damage2="3600" damage3="4320" damage4="8640" damage5="12960">
</level><level lv="235" damage1="2169" damage2="3615" damage3="4338" damage4="8676" damage5="13014">
</level><level lv="236" damage1="2178" damage2="3630" damage3="4356" damage4="8712" damage5="13068">
</level><level lv="237" damage1="2187" damage2="3645" damage3="4374" damage4="8748" damage5="13122">
</level><level lv="238" damage1="2196" damage2="3660" damage3="4392" damage4="8784" damage5="13176">
</level><level lv="239" damage1="2205" damage2="3675" damage3="4410" damage4="8820" damage5="13230">
</level><level lv="240" damage1="2214" damage2="3690" damage3="4428" damage4="8856" damage5="13284">
</level><level lv="241" damage1="2223" damage2="3705" damage3="4446" damage4="8892" damage5="13338">
</level><level lv="242" damage1="2232" damage2="3720" damage3="4464" damage4="8928" damage5="13392">
</level><level lv="243" damage1="2241" damage2="3735" damage3="4482" damage4="8964" damage5="13446">
</level><level lv="244" damage1="2250" damage2="3750" damage3="4500" damage4="9000" damage5="13500">
</level><level lv="245" damage1="2259" damage2="3765" damage3="4518" damage4="9036" damage5="13554">
</level><level lv="246" damage1="2268" damage2="3780" damage3="4536" damage4="9072" damage5="13608">
</level><level lv="247" damage1="2277" damage2="3795" damage3="4554" damage4="9108" damage5="13662">
</level><level lv="248" damage1="2286" damage2="3810" damage3="4572" damage4="9144" damage5="13716">
</level><level lv="249" damage1="2295" damage2="3825" damage3="4590" damage4="9180" damage5="13770">
</level><level lv="250" damage1="2304" damage2="3840" damage3="4608" damage4="9216" damage5="13824">
</level><level lv="251" damage1="2313" damage2="3855" damage3="4626" damage4="9252" damage5="13878">
</level><level lv="252" damage1="2322" damage2="3870" damage3="4644" damage4="9288" damage5="13932">
</level><level lv="253" damage1="2331" damage2="3885" damage3="4662" damage4="9324" damage5="13986">
</level><level lv="254" damage1="2340" damage2="3900" damage3="4680" damage4="9360" damage5="14040">
</level><level lv="255" damage1="2349" damage2="3915" damage3="4698" damage4="9396" damage5="14094">
</level><level lv="256" damage1="2358" damage2="3930" damage3="4716" damage4="9432" damage5="14148">
</level><level lv="257" damage1="2367" damage2="3945" damage3="4734" damage4="9468" damage5="14202">
</level><level lv="258" damage1="2376" damage2="3960" damage3="4752" damage4="9504" damage5="14256">
</level><level lv="259" damage1="2385" damage2="3975" damage3="4770" damage4="9540" damage5="14310">
</level><level lv="260" damage1="2394" damage2="3990" damage3="4788" damage4="9576" damage5="14364">
</level><level lv="261" damage1="2403" damage2="4005" damage3="4806" damage4="9612" damage5="14418">
</level><level lv="262" damage1="2412" damage2="4020" damage3="4824" damage4="9648" damage5="14472">
</level><level lv="263" damage1="2421" damage2="4035" damage3="4842" damage4="9684" damage5="14526">
</level><level lv="264" damage1="2430" damage2="4050" damage3="4860" damage4="9720" damage5="14580">
</level><level lv="265" damage1="2439" damage2="4065" damage3="4878" damage4="9756" damage5="14634">
</level><level lv="266" damage1="2448" damage2="4080" damage3="4896" damage4="9792" damage5="14688">
</level><level lv="267" damage1="2457" damage2="4095" damage3="4914" damage4="9828" damage5="14742">
</level><level lv="268" damage1="2466" damage2="4110" damage3="4932" damage4="9864" damage5="14796">
</level><level lv="269" damage1="2475" damage2="4125" damage3="4950" damage4="9900" damage5="14850">
</level><level lv="270" damage1="2484" damage2="4140" damage3="4968" damage4="9936" damage5="14904">
</level><level lv="271" damage1="2493" damage2="4155" damage3="4986" damage4="9972" damage5="14958">
</level><level lv="272" damage1="2502" damage2="4170" damage3="5004" damage4="10008" damage5="15012">
</level><level lv="273" damage1="2511" damage2="4185" damage3="5022" damage4="10044" damage5="15066">
</level><level lv="274" damage1="2520" damage2="4200" damage3="5040" damage4="10080" damage5="15120">
</level><level lv="275" damage1="2529" damage2="4215" damage3="5058" damage4="10116" damage5="15174">
</level><level lv="276" damage1="2538" damage2="4230" damage3="5076" damage4="10152" damage5="15228">
</level><level lv="277" damage1="2547" damage2="4245" damage3="5094" damage4="10188" damage5="15282">
</level><level lv="278" damage1="2556" damage2="4260" damage3="5112" damage4="10224" damage5="15336">
</level><level lv="279" damage1="2565" damage2="4275" damage3="5130" damage4="10260" damage5="15390">
</level><level lv="280" damage1="2574" damage2="4290" damage3="5148" damage4="10296" damage5="15444">
</level><level lv="281" damage1="2583" damage2="4305" damage3="5166" damage4="10332" damage5="15498">
</level><level lv="282" damage1="2592" damage2="4320" damage3="5184" damage4="10368" damage5="15552">
</level><level lv="283" damage1="2601" damage2="4335" damage3="5202" damage4="10404" damage5="15606">
</level><level lv="284" damage1="2610" damage2="4350" damage3="5220" damage4="10440" damage5="15660">
</level><level lv="285" damage1="2619" damage2="4365" damage3="5238" damage4="10476" damage5="15714">
</level><level lv="286" damage1="2628" damage2="4380" damage3="5256" damage4="10512" damage5="15768">
</level><level lv="287" damage1="2637" damage2="4395" damage3="5274" damage4="10548" damage5="15822">
</level><level lv="288" damage1="2646" damage2="4410" damage3="5292" damage4="10584" damage5="15876">
</level><level lv="289" damage1="2655" damage2="4425" damage3="5310" damage4="10620" damage5="15930">
</level><level lv="290" damage1="2664" damage2="4440" damage3="5328" damage4="10656" damage5="15984">
</level><level lv="291" damage1="2673" damage2="4455" damage3="5346" damage4="10692" damage5="16038">
</level><level lv="292" damage1="2682" damage2="4470" damage3="5364" damage4="10728" damage5="16092">
</level><level lv="293" damage1="2691" damage2="4485" damage3="5382" damage4="10764" damage5="16146">
</level><level lv="294" damage1="2700" damage2="4500" damage3="5400" damage4="10800" damage5="16200">
</level><level lv="295" damage1="2709" damage2="4515" damage3="5418" damage4="10836" damage5="16254">
</level><level lv="296" damage1="2718" damage2="4530" damage3="5436" damage4="10872" damage5="16308">
</level><level lv="297" damage1="2727" damage2="4545" damage3="5454" damage4="10908" damage5="16362">
</level><level lv="298" damage1="2736" damage2="4560" damage3="5472" damage4="10944" damage5="16416">
</level><level lv="299" damage1="2745" damage2="4575" damage3="5490" damage4="10980" damage5="16470">
</level><level lv="300" damage1="2754" damage2="4590" damage3="5508" damage4="11016" damage5="16524">
</level><level lv="301" damage1="2763" damage2="4605" damage3="5526" damage4="11052" damage5="16578">
</level><level lv="302" damage1="2772" damage2="4620" damage3="5544" damage4="11088" damage5="16632">
</level><level lv="303" damage1="2781" damage2="4635" damage3="5562" damage4="11124" damage5="16686">
</level><level lv="304" damage1="2790" damage2="4650" damage3="5580" damage4="11160" damage5="16740">
</level><level lv="305" damage1="2799" damage2="4665" damage3="5598" damage4="11196" damage5="16794">
</level><level lv="306" damage1="2808" damage2="4680" damage3="5616" damage4="11232" damage5="16848">
</level><level lv="307" damage1="2817" damage2="4695" damage3="5634" damage4="11268" damage5="16902">
</level><level lv="308" damage1="2826" damage2="4710" damage3="5652" damage4="11304" damage5="16956">
</level><level lv="309" damage1="2835" damage2="4725" damage3="5670" damage4="11340" damage5="17010">
</level><level lv="310" damage1="2844" damage2="4740" damage3="5688" damage4="11376" damage5="17064">
</level><level lv="311" damage1="2853" damage2="4755" damage3="5706" damage4="11412" damage5="17118">
</level><level lv="312" damage1="2862" damage2="4770" damage3="5724" damage4="11448" damage5="17172">
</level><level lv="313" damage1="2871" damage2="4785" damage3="5742" damage4="11484" damage5="17226">
</level><level lv="314" damage1="2880" damage2="4800" damage3="5760" damage4="11520" damage5="17280">
</level><level lv="315" damage1="2889" damage2="4815" damage3="5778" damage4="11556" damage5="17334">
</level><level lv="316" damage1="2898" damage2="4830" damage3="5796" damage4="11592" damage5="17388">
</level><level lv="317" damage1="2907" damage2="4845" damage3="5814" damage4="11628" damage5="17442">
</level><level lv="318" damage1="2916" damage2="4860" damage3="5832" damage4="11664" damage5="17496">
</level><level lv="319" damage1="2925" damage2="4875" damage3="5850" damage4="11700" damage5="17550">
</level><level lv="320" damage1="2934" damage2="4890" damage3="5868" damage4="11736" damage5="17604">
</level><level lv="321" damage1="2943" damage2="4905" damage3="5886" damage4="11772" damage5="17658">
</level><level lv="322" damage1="2952" damage2="4920" damage3="5904" damage4="11808" damage5="17712">
</level><level lv="323" damage1="2961" damage2="4935" damage3="5922" damage4="11844" damage5="17766">
</level><level lv="324" damage1="2970" damage2="4950" damage3="5940" damage4="11880" damage5="17820">
</level><level lv="325" damage1="2979" damage2="4965" damage3="5958" damage4="11916" damage5="17874">
</level><level lv="326" damage1="2988" damage2="4980" damage3="5976" damage4="11952" damage5="17928">
</level><level lv="327" damage1="2997" damage2="4995" damage3="5994" damage4="11988" damage5="17982">
</level><level lv="328" damage1="3006" damage2="5010" damage3="6012" damage4="12024" damage5="18036">
</level><level lv="329" damage1="3015" damage2="5025" damage3="6030" damage4="12060" damage5="18090">
</level><level lv="330" damage1="3024" damage2="5040" damage3="6048" damage4="12096" damage5="18144">
</level><level lv="331" damage1="3033" damage2="5055" damage3="6066" damage4="12132" damage5="18198">
</level><level lv="332" damage1="3042" damage2="5070" damage3="6084" damage4="12168" damage5="18252">
</level><level lv="333" damage1="3051" damage2="5085" damage3="6102" damage4="12204" damage5="18306">
</level><level lv="334" damage1="3060" damage2="5100" damage3="6120" damage4="12240" damage5="18360">
</level><level lv="335" damage1="3069" damage2="5115" damage3="6138" damage4="12276" damage5="18414">
</level><level lv="336" damage1="3078" damage2="5130" damage3="6156" damage4="12312" damage5="18468">
</level><level lv="337" damage1="3087" damage2="5145" damage3="6174" damage4="12348" damage5="18522">
</level><level lv="338" damage1="3096" damage2="5160" damage3="6192" damage4="12384" damage5="18576">
</level><level lv="339" damage1="3105" damage2="5175" damage3="6210" damage4="12420" damage5="18630">
</level><level lv="340" damage1="3114" damage2="5190" damage3="6228" damage4="12456" damage5="18684">
</level><level lv="341" damage1="3123" damage2="5205" damage3="6246" damage4="12492" damage5="18738">
</level><level lv="342" damage1="3132" damage2="5220" damage3="6264" damage4="12528" damage5="18792">
</level><level lv="343" damage1="3141" damage2="5235" damage3="6282" damage4="12564" damage5="18846">
</level><level lv="344" damage1="3150" damage2="5250" damage3="6300" damage4="12600" damage5="18900">
</level><level lv="345" damage1="3159" damage2="5265" damage3="6318" damage4="12636" damage5="18954">
</level><level lv="346" damage1="3168" damage2="5280" damage3="6336" damage4="12672" damage5="19008">
</level><level lv="347" damage1="3177" damage2="5295" damage3="6354" damage4="12708" damage5="19062">
</level><level lv="348" damage1="3186" damage2="5310" damage3="6372" damage4="12744" damage5="19116">
</level><level lv="349" damage1="3195" damage2="5325" damage3="6390" damage4="12780" damage5="19170">
</level><level lv="350" damage1="3204" damage2="5340" damage3="6408" damage4="12816" damage5="19224">
</level><level lv="351" damage1="3213" damage2="5355" damage3="6426" damage4="12852" damage5="19278">
</level><level lv="352" damage1="3222" damage2="5370" damage3="6444" damage4="12888" damage5="19332">
</level><level lv="353" damage1="3231" damage2="5385" damage3="6462" damage4="12924" damage5="19386">
</level><level lv="354" damage1="3240" damage2="5400" damage3="6480" damage4="12960" damage5="19440">
</level><level lv="355" damage1="3249" damage2="5415" damage3="6498" damage4="12996" damage5="19494">
</level><level lv="356" damage1="3258" damage2="5430" damage3="6516" damage4="13032" damage5="19548">
</level><level lv="357" damage1="3267" damage2="5445" damage3="6534" damage4="13068" damage5="19602">
</level><level lv="358" damage1="3276" damage2="5460" damage3="6552" damage4="13104" damage5="19656">
</level><level lv="359" damage1="3285" damage2="5475" damage3="6570" damage4="13140" damage5="19710">
</level><level lv="360" damage1="3294" damage2="5490" damage3="6588" damage4="13176" damage5="19764">
</level><level lv="361" damage1="3303" damage2="5505" damage3="6606" damage4="13212" damage5="19818">
</level><level lv="362" damage1="3312" damage2="5520" damage3="6624" damage4="13248" damage5="19872">
</level><level lv="363" damage1="3321" damage2="5535" damage3="6642" damage4="13284" damage5="19926">
</level><level lv="364" damage1="3330" damage2="5550" damage3="6660" damage4="13320" damage5="19980">
</level><level lv="365" damage1="3339" damage2="5565" damage3="6678" damage4="13356" damage5="20034">
</level><level lv="366" damage1="3348" damage2="5580" damage3="6696" damage4="13392" damage5="20088">
</level><level lv="367" damage1="3357" damage2="5595" damage3="6714" damage4="13428" damage5="20142">
</level><level lv="368" damage1="3366" damage2="5610" damage3="6732" damage4="13464" damage5="20196">
</level><level lv="369" damage1="3375" damage2="5625" damage3="6750" damage4="13500" damage5="20250">
</level><level lv="370" damage1="3384" damage2="5640" damage3="6768" damage4="13536" damage5="20304">
</level><level lv="371" damage1="3393" damage2="5655" damage3="6786" damage4="13572" damage5="20358">
</level><level lv="372" damage1="3402" damage2="5670" damage3="6804" damage4="13608" damage5="20412">
</level><level lv="373" damage1="3411" damage2="5685" damage3="6822" damage4="13644" damage5="20466">
</level><level lv="374" damage1="3420" damage2="5700" damage3="6840" damage4="13680" damage5="20520">
</level><level lv="375" damage1="3429" damage2="5715" damage3="6858" damage4="13716" damage5="20574">
</level><level lv="376" damage1="3438" damage2="5730" damage3="6876" damage4="13752" damage5="20628">
</level><level lv="377" damage1="3447" damage2="5745" damage3="6894" damage4="13788" damage5="20682">
</level><level lv="378" damage1="3456" damage2="5760" damage3="6912" damage4="13824" damage5="20736">
</level><level lv="379" damage1="3465" damage2="5775" damage3="6930" damage4="13860" damage5="20790">
</level><level lv="380" damage1="3474" damage2="5790" damage3="6948" damage4="13896" damage5="20844">
</level><level lv="381" damage1="3483" damage2="5805" damage3="6966" damage4="13932" damage5="20898">
</level><level lv="382" damage1="3492" damage2="5820" damage3="6984" damage4="13968" damage5="20952">
</level><level lv="383" damage1="3501" damage2="5835" damage3="7002" damage4="14004" damage5="21006">
</level><level lv="384" damage1="3510" damage2="5850" damage3="7020" damage4="14040" damage5="21060">
</level><level lv="385" damage1="3519" damage2="5865" damage3="7038" damage4="14076" damage5="21114">
</level><level lv="386" damage1="3528" damage2="5880" damage3="7056" damage4="14112" damage5="21168">
</level><level lv="387" damage1="3537" damage2="5895" damage3="7074" damage4="14148" damage5="21222">
</level><level lv="388" damage1="3546" damage2="5910" damage3="7092" damage4="14184" damage5="21276">
</level><level lv="389" damage1="3555" damage2="5925" damage3="7110" damage4="14220" damage5="21330">
</level><level lv="390" damage1="3564" damage2="5940" damage3="7128" damage4="14256" damage5="21384">
</level><level lv="391" damage1="3573" damage2="5955" damage3="7146" damage4="14292" damage5="21438">
</level><level lv="392" damage1="3582" damage2="5970" damage3="7164" damage4="14328" damage5="21492">
</level><level lv="393" damage1="3591" damage2="5985" damage3="7182" damage4="14364" damage5="21546">
</level><level lv="394" damage1="3600" damage2="6000" damage3="7200" damage4="14400" damage5="21600">
</level><level lv="395" damage1="3609" damage2="6015" damage3="7218" damage4="14436" damage5="21654">
</level><level lv="396" damage1="3618" damage2="6030" damage3="7236" damage4="14472" damage5="21708">
</level><level lv="397" damage1="3627" damage2="6045" damage3="7254" damage4="14508" damage5="21762">
</level><level lv="398" damage1="3636" damage2="6060" damage3="7272" damage4="14544" damage5="21816">
</level><level lv="399" damage1="3645" damage2="6075" damage3="7290" damage4="14580" damage5="21870">
</level><level lv="400" damage1="3654" damage2="6090" damage3="7308" damage4="14616" damage5="21924">
</level></root>
