<!--变身装-->
<Equips>
	<!--猴子-->
	<equip roleType="1">
		<items id="1">
			<item id="100771"/>
			<item id="100772"/>
			<item id="100773"/>
			<item id="100774"/>
			<item id="100775"/>
			<item id="100776"/>
			<item id="100777"/>
		</items>
	</equip>
	<!--兔子-->
	<equip roleType="2">
		<items id="1">
			<item id="200771"/>
			<item id="200772"/>
			<item id="200773"/>
			<item id="200774"/>
			<item id="200775"/>
			<item id="200776"/>
			<item id="200777"/>
		</items>
	</equip>
	<!--熊猫-->
	<equip roleType="3">
		<items id="1">
			<item id="300771"/>
			<item id="300772"/>
			<item id="300773"/>
			<item id="300774"/>
			<item id="300775"/>
			<item id="300776"/>
			<item id="300777"/>
		</items>
	</equip>
	<!--龙人-->
	<equip roleType="4">
		<items id="1">
			<item id="400771"/>
			<item id="400772"/>
			<item id="400773"/>
			<item id="400774"/>
			<item id="400775"/>
			<item id="400776"/>
			<item id="400777"/>
		</items>
	</equip>
</Equips>
