<!--
	<Treasure>: 
	id： 奖励顺序id
	giveID 给予的物品ID
	costID：消耗物品ID
	costCount: 消耗物品数量
	dailyID： 兑换ID
-->
<Rewards Type="1">
	<Reward id="1" dailyID="1044" giveID="1540608" costID="1500368" costCount="15" sort="1" limit="1" limitTime="12:00" />
	<Reward id="2" dailyID="1045" giveID="1740017" costID="1500368" costCount="25" sort="1" limit="1" limitTime="12:00" />
	<Reward id="3" dailyID="1046" giveID="1540911" costID="1500368" costCount="50" sort="1" limit="1" limitTime="12:00" />
	<Reward id="4" dailyID="1037" giveID="1300301" costID="1500368" costCount="1" sort="1" limit="0" />
	<Reward id="5" dailyID="1038" giveID="1300302" costID="1500368" costCount="2" sort="1" limit="0" />
	<Reward id="6" dailyID="1039" giveID="1300303" costID="1500368" costCount="3" sort="1" limit="0" />
	<Reward id="7" dailyID="1040" giveID="1300304" costID="1500368" costCount="5" sort="1" limit="0" />
	<Reward id="8" dailyID="1041" giveID="1540005" costID="1500368" costCount="3" sort="1" limit="0" />
	<Reward id="9" dailyID="1042" giveID="1540006" costID="1500368" costCount="5" sort="1" limit="0" />
	<Reward id="10" dailyID="1043" giveID="1540007" costID="1500368" costCount="8" sort="1" limit="0" />
</Rewards>
