<!-- StoreId : 物品对应在商城中的id (唯一性,不能重复)-->
<!-- Priority : 优先级 (该值越大会在商城中优先显示) -->
<!-- Buylimit : 购买限制该物品玩家(角色)可以购买次数, 0:没有限制 -->
<!-- Toplimit : 库存上限 0 : 表示没有上限 -->
<!-- Vip : vip专供标志位 -->
<!-- IsHot : 1 : in sales-->
<!-- ID :物品在游戏中的id -->
<!-- Type=1 : 装备 Type=2 : 物品  Type=3 : 强化材料-->
<!-- SecType : If Type=2; Then 1:恢复类 2:属性类
               If Type=1; Then 1:头部 2:上装 3:下装 4:手部 5:腰带 6:鞋子 7:配件 8:武器
               If Type=3; Then 1:基础材料 2:防暴材料 3:特殊材料
                                -->
<!-- Server : 购买该商品可以享受的服务
              If SerType=1; 该商品可以使用的时间; (单位：天) 0：表示没有时间限制
              If SerType=2; 该商品包含的物品数量 -->
<!-- GroupNum : 一组物品数量 -->
<!-- TimeLag : 商品中物品使用时限 -->
<!-- Price : 价格,  VipPrice : vip购买价, SalePrice : 促销价格-->

<StoreEdges ExchangeRate="1 米币/ 100 券">
<!-- 恢复与属性类药品 -->
    <Product Name="灵兽经验包（小）" Icon="1303017" IsItemIcon="1" Priority="78" Toplimit="0" Buylimit="0" Vip="0" IsHot="1">
        <ProductItem>
            <Item ID="1303017" Name="灵兽经验包（小）" Type="2" SecType="2" count="1"/>
        </ProductItem>
        <ProductStore>
            <Store StoreId="1" TimeLag="0" GroupNum="1" Price="3000" VipPrice="3000" SalePrice="2400"/>
        </ProductStore>
    </Product>
    <Product Name="高级回气丸（普）" Icon="1303004" IsItemIcon="1" Priority="79" Toplimit="0" Buylimit="0" Vip="0" IsHot="1">
        <ProductItem>
            <Item ID="1300901" Name="高级回气丸（普）" Type="2" SecType="1" count="1"/>
        </ProductItem>
        <ProductStore>
            <Store StoreId="2" TimeLag="0" GroupNum="1" Price="300" VipPrice="300" SalePrice="240"/>
        </ProductStore>
    </Product>
    <Product Name="高级回血丸（普）" Icon="1303002" IsItemIcon="1" Priority="79" Toplimit="0" Buylimit="0" Vip="0" IsHot="1">
        <ProductItem>
            <Item ID="1300902" Name="高级回血丸（普）" Type="2" SecType="1" count="1"/>
        </ProductItem>
        <ProductStore>
            <Store StoreId="3" TimeLag="0" GroupNum="1" Price="300" VipPrice="300" SalePrice="240"/>
        </ProductStore>
    </Product>
    <Product Name="青龙果（普）" Icon="1303005" IsItemIcon="1" Priority="78" Toplimit="0" Buylimit="0" Vip="0" IsHot="1">
        <ProductItem>
            <Item ID="1300903" Name="青龙果（普）" Type="2" SecType="1" count="1"/>
        </ProductItem>
        <ProductStore>
            <Store StoreId="4" TimeLag="0" GroupNum="1" Price="450" VipPrice="450" SalePrice="360"/>
        </ProductStore>
    </Product>
    <Product Name="起死回生草（赠）" Icon="1302000" IsItemIcon="1" Priority="78" Toplimit="0" Buylimit="0" Vip="0" IsHot="1">
        <ProductItem>
            <Item ID="1302001" Name="起死回生草（赠）" Type="2" SecType="2" count="1"/>
        </ProductItem>
        <ProductStore>
            <Store StoreId="5" TimeLag="0" GroupNum="1" Price="1500" VipPrice="1500" SalePrice="1200"/>
        </ProductStore>
    </Product>
    <Product Name="万博号角（赠）" Icon="1303015" IsItemIcon="1" Priority="78" Toplimit="0" Buylimit="0" Vip="0" IsHot="1">
        <ProductItem>
            <Item ID="1560004" Name="万博号角（赠）" Type="2" SecType="2" count="1"/>
        </ProductItem>
        <ProductStore>
            <Store StoreId="6" TimeLag="0" GroupNum="1" Price="450" VipPrice="450" SalePrice="360"/>
        </ProductStore>
    </Product>
    <Product Name="唤灵液（普）" Icon="1703004" IsItemIcon="1" Priority="78" Toplimit="0" Buylimit="0" Vip="0" IsHot="1">
        <ProductItem>
            <Item ID="1700904" Name="唤灵液（普）" Type="2" SecType="2" count="1"/>
        </ProductItem>
        <ProductStore>
            <Store StoreId="13" TimeLag="0" GroupNum="1" Price="3750" VipPrice="3750" SalePrice="3000"/>
        </ProductStore>
    </Product>
    <Product Name="双倍经验卡（普）" Icon="1703002" IsItemIcon="1" Priority="78" Toplimit="0" Buylimit="0" Vip="0" IsHot="1">
        <ProductItem>
            <Item ID="1700906" Name="双倍经验卡（普）" Type="2" SecType="2" count="1"/>
        </ProductItem>
        <ProductStore>
            <Store StoreId="14" TimeLag="0" GroupNum="1" Price="3750" VipPrice="3750" SalePrice="3000"/>
        </ProductStore>
    </Product>
    <Product Name="火焰石" Icon="1410006" IsItemIcon="1" Priority="78" Toplimit="0" Buylimit="0" Vip="0" IsHot="1">
        <ProductItem>
            <Item ID="1410006" Name="火焰石" Type="2" SecType="2" count="1"/>
        </ProductItem>
        <ProductStore>
            <Store StoreId="17" TimeLag="0" GroupNum="1" Price="6000" VipPrice="6000" SalePrice="4800"/>
        </ProductStore>
    </Product>    
    <Product Name="流火石" Icon="1410007" IsItemIcon="1" Priority="78" Toplimit="0" Buylimit="0" Vip="0" IsHot="1">
        <ProductItem>
            <Item ID="1410007" Name="流火石" Type="2" SecType="2" count="1"/>
        </ProductItem>
        <ProductStore>
            <Store StoreId="18" TimeLag="0" GroupNum="1" Price="9000" VipPrice="9000" SalePrice="7200"/>
        </ProductStore>
    </Product>
    <Product Name="天火石" Icon="1410008" IsItemIcon="1" Priority="78" Toplimit="0" Buylimit="0" Vip="0" IsHot="1">
        <ProductItem>
            <Item ID="1410008" Name="天火石" Type="2" SecType="2" count="1"/>
        </ProductItem>
        <ProductStore>
            <Store StoreId="19" TimeLag="0" GroupNum="1" Price="15000" VipPrice="15000" SalePrice="12000"/>
        </ProductStore>
    </Product>
<!-- 强化材料 -->

	<Product Name="4级天降神炎（普）" Icon="1740006" IsItemIcon="1" Priority="81" Toplimit="0" Buylimit="0" Vip="0" IsHot="1">
        <ProductItem>
            <Item ID="1740016" Name="4级天降神炎（普）" Type="3" SecType="3" count="1"/>
        </ProductItem>
        <ProductStore>
            <Store StoreId="15" TimeLag="0" GroupNum="1" Price="4500" VipPrice="4500" SalePrice="3600"/>
           </ProductStore>
    </Product>
    <Product Name="5级天降神炎（普）" Icon="1740007" IsItemIcon="1" Priority="81" Toplimit="0" Buylimit="0" Vip="0" IsHot="1">
        <ProductItem>
            <Item ID="1540907" Name="5级天降神炎（普）" Type="3" SecType="3" count="1"/>
        </ProductItem>
        <ProductStore>
            <Store StoreId="8" TimeLag="0" GroupNum="1" Price="12000" VipPrice="12000" SalePrice="9600"/>
           </ProductStore>
    </Product>
    <!--  
    <Product Name="五轮离火（普）" Icon="1740003" IsItemIcon="1" Priority="81" Toplimit="0" Buylimit="0" Vip="0" IsHot="1">
        <ProductItem>
            <Item ID="1540608" Name="五轮离火（普）" Type="3" SecType="3" count="1"/>
        </ProductItem>
        <ProductStore>
            <Store StoreId="9" TimeLag="0" GroupNum="1" Price="1100" VipPrice="1100" SalePrice="1100"/>
           </ProductStore>
    </Product>
    -->
    <Product Name="6级天降神炎（普）" Icon="1740008" IsItemIcon="1" Priority="81" Toplimit="0" Buylimit="0" Vip="0" IsHot="1">
        <ProductItem>
            <Item ID="1540909" Name="6级天降神炎（普）" Type="3" SecType="3" count="1"/>
        </ProductItem>
        <ProductStore>
            <Store StoreId="10" TimeLag="0" GroupNum="1" Price="15000" VipPrice="15000" SalePrice="12000"/>
           </ProductStore>
    </Product>
    <Product Name="7级天降神炎（普）" Icon="1740009" IsItemIcon="1" Priority="81" Toplimit="0" Buylimit="0" Vip="0" IsHot="1">
        <ProductItem>
            <Item ID="1540910" Name="7级天降神炎（普）" Type="3" SecType="3" count="1"/>
        </ProductItem>
        <ProductStore>
            <Store StoreId="11" TimeLag="0" GroupNum="1" Price="22500" VipPrice="22500" SalePrice="18000"/>
           </ProductStore>
    </Product>
    <Product Name="金乌冰炎（普）" Icon="1740005" IsItemIcon="1" Priority="81" Toplimit="0" Buylimit="0" Vip="0" IsHot="1">
        <ProductItem>
            <Item ID="1540911" Name="金乌冰炎（普）" Type="3" SecType="3" count="1"/>
        </ProductItem>
        <ProductStore>
            <Store StoreId="12" TimeLag="0" GroupNum="1" Price="3600" VipPrice="3600" SalePrice="2880"/>
           </ProductStore>
    </Product>
    <Product Name="火龙珠" Icon="1500567" IsItemIcon="1" Priority="100" Toplimit="1000" Buylimit="1" Vip="0" IsHot="1">
        <ProductItem>
            <Item ID="1500567" Name="火龙珠" Type="3" SecType="3" count="1"/>
        </ProductItem>
        <ProductStore>
            <Store StoreId="16" TimeLag="0" GroupNum="1" Price="4500" VipPrice="4500" SalePrice="3600"/>
           </ProductStore>
    </Product>
    <Product Name="暑假特惠礼包" Icon="1300322" IsItemIcon="1" Priority="120" Toplimit="0" Buylimit="0" Vip="0" IsHot="1" isBox="1">
        <ProductItem>
            <Item ID="2500020" Name="暑假特惠礼包" Type="3" SecType="3" count="1"/>
        </ProductItem>
        <ProductStore>
            <Store StoreId="20" TimeLag="0" GroupNum="1" Price="6000" VipPrice="6000" SalePrice="4800"/>
           </ProductStore>
    </Product>
    <Product Name="春节特惠礼包" Icon="1300322" IsItemIcon="1" Priority="121" Toplimit="0" Buylimit="0" Vip="0" IsHot="1" isBox="1">
        <ProductItem>
            <Item ID="2500021" Name="春节特惠礼包" Type="3" SecType="3" count="1"/>
        </ProductItem>
        <ProductStore>
            <Store StoreId="21" TimeLag="0" GroupNum="1" Price="8000" VipPrice="8000" SalePrice="6400"/>
           </ProductStore>
    </Product>
    <Product Name="驯化符" Icon="1702000" IsItemIcon="1" Priority="122" Toplimit="0" Buylimit="0" Vip="0" IsHot="1">
        <ProductItem>
            <Item ID="1702000" Name="驯化符" Type="2" SecType="2" count="1"/>
        </ProductItem>
        <ProductStore>
            <Store StoreId="22" TimeLag="0" GroupNum="1" Price="120" VipPrice="120" SalePrice="100"/>
           </ProductStore>
    </Product>
    <Product Name="新春锻造大礼包" Icon="1300322" IsItemIcon="1" Priority="122" Toplimit="0" Buylimit="0" Vip="0" IsHot="1" isBox="1">
        <ProductItem>
            <Item ID="2500048" Name="新春锻造大礼包" Type="3" SecType="3" count="1"/>
        </ProductItem>
        <ProductStore>
            <Store StoreId="23" TimeLag="0" GroupNum="1" Price="11000" VipPrice="11000" SalePrice="8800"/>
           </ProductStore>
    </Product>
<!-- 功夫券 -->
<!--
    <Product Name="功夫券" Icon="1700061" IsItemIcon="1" Priority="1003" Toplimit="0" Buylimit="0" Vip="0" IsHot="1">
        <ProductItem>
            <Item ID="1700061" Name="功夫券" Type="999" SecType="1" count="1"/>
        </ProductItem>
        <ProductStore>
            <Store StoreId="320004" TimeLag="0" GroupNum="100" Price="1" VipPrice="1" SalePrice="1"/>  
            <Store StoreId="320005" TimeLag="0" GroupNum="510" Price="5" VipPrice="5" SalePrice="5"/>			
            <Store StoreId="320006" TimeLag="0" GroupNum="1300" Price="10" VipPrice="10" SalePrice="10"/>			      
        </ProductStore>
    </Product>
-->  
    <!-- 新物品:IconID为相应商品的Icon的id -->
    <NewItems IconID="1700061|1540002|1540003|1540004|1740003|1740006|1740004|1702000|2500048"/>

</StoreEdges>
