<!--万通通讲故事-->
<root>
	<curStroyID>10004</curStroyID>
	<story  taskId= "10006" pro_num = "6" text = "堕落女王把五娃压在了矿山镇的山底下，愚公毅然挖山救人。硕硕小强变身智叟冷嘲热讽，众守护神为正义挺身而出，到底五娃能否得救呢……"  gameName = "" btn = "wordsBtn_5">
	</story>
	<story  taskId= "10005" pro_num = "5" text = "新春伊始，药师爷爷给小侠士们讲解怎样种植草药，希望在秋天可以结出丰硕果实。不料种子却被老鼠大盗偷去……"  gameName = "FlowerGame" btn = "wordsBtn_4">
	</story>
	<story  taskId= "10004" pro_num = "5" text = "风吟龙和火凤凰并肩作战，共同护卫着功夫城的安全。新年伊始之际，乔伊率领黑暗军团偷袭功夫城，还打碎了火凤凰的龙凤呈祥玉佩。勇敢的小侠士们，让我们帮助他们吧！"  gameName = "FragJade" btn = "wordsBtn_3">
	</story>
	<story  taskId= "10003" pro_num = "6" text = "派小天、敖小龙为了博得伊小妹的好感，使出浑身解数对伊小妹大献殷勤，不料伊小妹不为所动。究竟怎样才能让伊小妹心生好感呢…"  gameName = "" btn = "wordsBtn_2">
	</story>
	<story  taskId= "10002" pro_num = "3" text = "伊尔在执行任务的时候眼睛受伤，派派不顾危险前来营救，不料却中了黑暗军团的重重埋伏，到底他们能不能脱离危险呢…"  gameName = "" btn = "wordsBtn_1">
	</story>
	<story  taskId= "10001" pro_num = "6" text = "武圣爷爷宠爱的小青蛇，因为羡慕小侠士们都有手有脚，就偷偷央求大竹给他画上四只脚，没想到却闹出了大乱子…"  gameName = "snakeGame" btn = "wordsBtn_0">
	</story>
</root>