 <!--
   id:关卡ID
   line:表示许愿阵上的第几条线
   reward_a, day_a : 第1个奖励节点兑换ID 和 需要积累点
   reward_b, day_b : 第2个奖励节点兑换ID 和 需要积累点
   reward_c, day_c : 第3个奖励节点兑换ID 和 需要积累点
   -->
<root>
	<stage id = "933" stage_diffcult="1">
		<reward line="1" reward_a="1709" day_a="1" reward_b="1710" day_b="3" reward_c="1711" day_c ="7" />
		<reward line="2" reward_a="1712" day_a="1" reward_b="1713" day_b="3" reward_c="1714" day_c ="7" />
		<reward line="3" reward_a="1715" day_a="1" reward_b="1716" day_b="3" reward_c="1717" day_c ="14" />
	</stage>
	<stage id = "934" stage_diffcult="1">
		<reward line="1" reward_a="1700" day_a="1" reward_b="1701" day_b="3" reward_c="1702" day_c ="7" />
		<reward line="2" reward_a="1703" day_a="1" reward_b="1704" day_b="3" reward_c="1705" day_c ="7" />
		<reward line="3" reward_a="1706" day_a="1" reward_b="1707" day_b="3" reward_c="1708" day_c ="14" />
	</stage>
	<stage id = "943" stage_diffcult="1">
		<reward line="1" reward_a="1721" day_a="1" reward_b="1722" day_b="3" reward_c="1723" day_c ="7" />
		<reward line="2" reward_a="1724" day_a="1" reward_b="1725" day_b="3" reward_c="1726" day_c ="7" />
		<reward line="3" reward_a="1727" day_a="1" reward_b="1728" day_b="3" reward_c="1729" day_c ="14" />
	</stage>
</root>