<!--
	藏宝图探宝
	<Treasure>: 
	BoxID： 宝箱ID 主键
	subSpeed: 减速度:3(每秒进度条减小3) 
	TollgateID：宝箱所在关卡ID
	SceneID： 宝箱所在房间ID
	ID: 宝图的ID，无则填0
	costItem：开启宝箱所扣除物品
-->
<TreasureMap>
	<!-- 藏宝图 -->
	<Treasure ID="1500367" BoxID="39001" subSpeed="1" TollgateID="17" SceneID="1001703" costItem="1500367,1"/>
	<Treasure ID="1500372" BoxID="39002" subSpeed="1.5" TollgateID="25" SceneID="1002505" costItem="1500372,1"/>
	<Treasure ID="1500373" BoxID="39003" subSpeed="1.5" TollgateID="28" SceneID="1002801" costItem="1500373,1"/>
	<Treasure ID="1500374" BoxID="39004" subSpeed="1.5" TollgateID="32" SceneID="1003205" costItem="1500374,1"/>
	<Treasure ID="1500375" BoxID="39005" subSpeed="1.5" TollgateID="41" SceneID="1004102" costItem="1500375,1"/>
	<Treasure ID="1500376" BoxID="39006" subSpeed="2" TollgateID="45" SceneID="1004506" costItem="1500376,1"/>
	<Treasure ID="1500377" BoxID="39007" subSpeed="2.5" TollgateID="48" SceneID="1004804" costItem="1500377,1"/>
	<Treasure ID="1500378" BoxID="39008" subSpeed="2.5" TollgateID="48" SceneID="1004805" costItem="1500378,1"/>
	<Treasure ID="1500391" BoxID="39011" subSpeed="2.5" TollgateID="50" SceneID="1005003" costItem="1500391,1"/>
	<Treasure ID="1500393" BoxID="39012" subSpeed="2.5" TollgateID="49" SceneID="1004907" costItem="1500393,1"/>
	<Treasure ID="1500402" BoxID="39013" subSpeed="2.5" TollgateID="51" SceneID="1005102" costItem="1500402,1"/>
	<Treasure ID="1500403" BoxID="39014" subSpeed="3" TollgateID="52" SceneID="1005204" costItem="1500403,1"/>
	<Treasure ID="1500404" BoxID="39015" subSpeed="3" TollgateID="53" SceneID="1005307" costItem="1500404,1"/>
	<Treasure ID="1500405" BoxID="39016" subSpeed="3" TollgateID="54" SceneID="1005407" costItem="1500405,1"/>
</TreasureMap>
