<!--
	任务追踪面板，快捷跳转点
	地图跳转格式：pos="MAP_2"
	NPC跳转格式：pos="NPC_10001"
	关卡跳转格式：pos="TOLLGATE_1"
-->
	<transports>
	<transport name="武圣大殿" prio="0" pos="MAP_2"/>	
	<transport name="万博会" prio="0" pos="12,1150,550"/>	
	<transport name="伏魔塔" prio="0" pos="MAP_24"/>	
	<transport name="勇气武斗场" prio="0" pos="NPC_10072"/>	
	<transport name="倚天塔" prio="0" pos="MAP_19"/>
	<transport name="虚空炼狱" prio="0" pos="MAP_64"/>		
	<transport name="药店" prio="0" pos="MAP_5"/>			
	<transport name="铁匠铺" prio="0" pos="MAP_11"/>	
	
</transports>