<items>
	<item id="1560000" name="万国商会特殊商铺卡"/>																									
	<item id="1560001" name="霓虹灯招牌"/>																									
	<item id="1560002" name="药字招牌"/>																									
	<item id="1560003" name="材料字招牌"/>																						
	<item id="1700009" name="5级布袋"/>																									
	<item id="1700010" name="10级布袋"/>																									
	<item id="1700011" name="15级布袋"/>																									
	<item id="1700012" name="20级布袋"/>                         
	<item id="1700013" name="25级布袋"/> 
	<item id="1700014" name="30级布袋"/> 
	<item id="1700015" name="35级布袋"/> 
	<item id="1700016" name="40级布袋"/>
	<item id="1700050" name="大使礼包"/> 
	<item id="1700051" name="5级大使礼包"/> 
	<item id="1700052" name="10级大使礼包"/> 
	<item id="1700053" name="15级大使礼包"/> 
	<item id="1700054" name="20级大使礼包"/> 
	<item id="1300336" name="侠士团经验包"/>
</items>