<!--src="PANEL_TaskBookPanel,0"表明打开任务面板的第一页，即主线任务-->
	
<root>
	<node lv="5" npcID="10001" roleType="1|2|3|4" msg="勇敢的小侠士，虽经过诸多磨难，但你的努力已经成功激活了伏魔录！现在就点击右上方的伏魔录，接受新的挑战吧。再者，左护法瑶瑶也正在武圣大殿等着你哦。"/>
	<node lv="25" npcID="10066" roleType="0" msg="恭喜小侠士升到25级啦，药师和锻造副职是否已经学会呢？你即将接触智能副本，遇到更加强大的黑暗军团，加油！愿勇气与你同在。"/>
	
	<alert lv="5" roleType="0" msg="领取5级传世礼包" transName="立即领取" src="ITEM_1700009"/>
	<alert lv="5" roleType="0" msg="新的主线任务开启了" transName="查看任务" src="PANEL_TaskBookPanel,0"/>
	
	<alert lv="10" roleType="0" msg="领取10级传世礼包" transName="立即领取" src="ITEM_1700010"/>
	<alert lv="10" roleType="0" msg="新的主线任务开启了" transName="查看任务" src="PANEL_TaskBookPanel,0"/>

	<alert lv="15" roleType="0" msg="领取15级传世礼包" transName="立即领取" src="ITEM_1700011"/>
	<alert lv="15" roleType="0" msg="新的主线任务开启了" transName="查看任务" src="PANEL_TaskBookPanel,0"/>

	<alert lv="20" roleType="0" msg="领取20级传世礼包" transName="立即领取" src="ITEM_1700012"/>
	<alert lv="20" roleType="0" msg="新的主线任务开启了" transName="查看任务" src="PANEL_TaskBookPanel,0"/>

	<alert lv="25" roleType="0" msg="领取25级传世礼包" transName="立即领取" src="ITEM_1700013"/>
	<alert lv="25" roleType="0" msg="新的主线任务开启了" transName="查看任务" src="PANEL_TaskBookPanel,0"/>

	<alert lv="30" roleType="0" msg="领取30级传世礼包" transName="立即领取" src="ITEM_1700014"/>
	<alert lv="30" roleType="0" msg="新的主线任务开启了" transName="查看任务" src="PANEL_TaskBookPanel,0"/>

	<alert lv="35" roleType="0" msg="领取35级传世礼包" transName="立即领取" src="ITEM_1700015"/>
	<alert lv="35" roleType="0" msg="新的主线任务开启了" transName="查看任务" src="PANEL_TaskBookPanel,0"/>

	<alert lv="40" roleType="0" msg="领取40级传世礼包" transName="立即领取" src="ITEM_1700016"/>
	<alert lv="40" roleType="0" msg="新的主线任务开启了" transName="查看任务" src="PANEL_TaskBookPanel,0"/>

	
</root>