<newspaper>
	<details>
		<curDate>103-03-28</curDate>
		<nextDate>103-04-02</nextDate>
	</details>
	<title>
		<subtitle name="假日特权三重奏" type="0" toIndex="0"></subtitle>
		<subtitle name="城战奖励归属" type="0" toIndex="1"></subtitle>
		<subtitle name="天下第一比武大会" type="0" toIndex="2"></subtitle>
		<subtitle name="大闹阴曹地府" type="0" toIndex="3"></subtitle>
		<subtitle name="腾蛇再临" type="0" toIndex="4"></subtitle>
		<subtitle name="英雄救美" type="0" toIndex="5"></subtitle>
		<subtitle name="超灵春季大礼包" type="0" toIndex="6"></subtitle>
		<subtitle name="九天凤凰" type="0" toIndex="7"></subtitle>
		<subtitle name="商城新礼包" type="0" toIndex="8"></subtitle>
		<subtitle name="本周优化" type="0" toIndex="9"></subtitle>
		<subtitle name="精彩预告" type="0" toIndex="10"></subtitle>
		<subtitle name="版本打分" type="0" toIndex="11"></subtitle>
		<subtitle name="新坐骑欧巴马" type="0" toIndex="12"></subtitle>
		<subtitle name="50元面值米米卡" type="0" toIndex="13"></subtitle>
		<subtitle name="淘米梦想学院" type="0" toIndex="14"></subtitle>
		<subtitle name="每日请神" type="1" toIndex="0"></subtitle>
		<subtitle name="智力大比拼" type="1" toIndex="1"></subtitle>
		<subtitle name="青龙许愿" type="1" toIndex="2"></subtitle>
		<subtitle name="真假武圣" type="1" toIndex="3"></subtitle>
		<subtitle name="周末双倍 限时三倍" type="1" toIndex="4"></subtitle>
		<subtitle name="陆半仙宝库" type="1" toIndex="5"></subtitle>
		<subtitle name="九天连环阵" type="1" toIndex="6"></subtitle>
		<subtitle name="功夫派同名小说" type="1" toIndex="7"></subtitle>
	</title>
	<pages>
		<page type="0">
			<item id="0">01.swf</item>
			<item id="1">02.swf</item>
			<item id="2">03.swf</item>
			<item id="3">04.swf</item>
			<item id="4">05.swf</item>
			<item id="5">06.swf</item>
			<item id="6">07.swf</item>
			<item id="7">08.swf</item>
			<item id="8">09.swf</item>
			<item id="9">10.swf</item>
			<item id="10">11.swf</item>
			<item id="11">12.swf</item>
			<item id="12">13.swf</item>
			<item id="13">14.swf</item>
			<item id="14">15.swf</item>
		</page>
		<page type="1">
			<item id="2">16.swf</item>
			<item id="3">17.swf</item>
			<item id="4">18.swf</item>
			<item id="5">19.swf</item>
			<item id="6">20.swf</item>
			<item id="7">21.swf</item>
			<item id="8">22.swf</item>
			<item id="1">23.swf</item>
		</page>
	</pages>
</newspaper>
