<!-- 该文件切忌  不能出现重复ID -->
<systimes>
	<!--     id="限时ID" desc="限时描述"-->
	<!-- type="0:指定日期的时间段 1:指定时间范围内的每天该时间段 2:指定时间段内的每周几" startTime="年-月-日-时-分" endTime = "年-月-日-时-分" outTimeMsg="不在时间范围内提示"  week = "周几 0表示周日 1表示周一 ....中间用|分开"-->
	<systime id="1" desc="指定日期时间范围内">
		<time type="0" startTime="2011-12-24-14-00" endTime = "2011-12-24-14-30"/>
		<time type="0" startTime="2011-12-24-14-00" endTime = "2011-12-24-14-30"/>
	</systime>
	<systime id="2" desc="指定日期内的每个指定时间点">
		<time type="1" startTime="2011-12-24-13-00" endTime = "2011-12-24-15-30"/>
	</systime>
	<systime id="3" desc="圣蛋圆蛋限制">
		<time type="1" startTime="2012-1-20-13-00" endTime = "2012-2-2-15-00"/>
	</systime>
	<systime id="4" desc="金币商城开张大吉">
		<time type="0" startTime="2012-1-6-00-00" endTime = "2012-2-2-23-59"/>
	</systime>
	<systime id="5" desc="青龙许愿换橙装">
		<time type="1" startTime="2012-1-22-13-00" endTime = "2012-1-23-15-00"/>
	</systime>
	<systime id="6" desc="比武大会资格赛时间" displayTimeStr="2013年3月29日~2013年3月31日 整天" outTimeMsg="亲爱的小侠士，比赛时间为3月29日~3月31日哦！">
		<time type="0" startTime="2013-3-29-00-00" endTime = "2013-3-31-23-59"/>
	</systime>
	<systime id="7" desc="比武大会淘汰赛时间" displayTimeStr="2013年03月29日~2013年03月31日 14:00~16:00，19:00~21:00" outTimeMsg="亲爱的小侠士，比赛时间为3月29日 ~ 3月31日  13:00~15:00 ,19:00~21:00哦！">
		<time type="1" startTime="2013-3-29-14-00" endTime = "2013-3-31-16-00"/>
		<time type="1" startTime="2013-3-29-19-00" endTime = "2013-3-31-21-00"/>
	</systime>
	<systime id="8" desc="比武大会排名赛时间" displayTimeStr="2013年4月5日~2013年4月6日13:00~15:00" outTimeMsg="亲爱的小侠士，比赛时间为2013年4月5日 ~ 4月6日  13:00 ~ 15:00哦">
		<time type="1" startTime="2013-4-5-13-00" endTime = "2013-4-6-15-00"/>
	</systime>
	<systime id="9" desc="比武大会保卫战时间" outTimeMsg="亲爱的小侠士，比赛时间为2013年4月5日~2013年4月6日13:00~15:00哦！">
		<time type="1" startTime="2013-4-5-13-00" endTime = "2013-4-6-15-00"/>
	</systime>
	<systime id="10" desc="武林盛典16强(预选赛)">
		<time type="0" startTime="2012-2-10-18-00" endTime = "2012-2-10-20-00"/>
		<time type="0" startTime="2012-2-11-12-00" endTime = "2012-2-11-14-00"/>
		<time type="0" startTime="2012-2-12-12-00" endTime = "2012-2-12-14-00"/>
	</systime>
	<systime id="11" desc="武林盛典16强">
		<time type="1" startTime="2012-2-1-12-00" endTime = "2012-2-29-14-00"/>
	</systime>
	<systime id="12" desc="土神找玉">
		<time type="1" startTime="2012-2-25-13-00" endTime = "2012-2-26-15-00"/>
	</systime>
	<systime id="13" desc="兑换超灵">
		<time type="1" startTime="2012-3-10-14-00" endTime = "2012-3-11-15-00"/>
	</systime>
	<systime id="14" desc="神魔井开放">
		<time type="1" startTime="2012-3-10-13-30" endTime = "2012-3-10-14-00"/>
	</systime>
	<systime id="15" desc="众神祝福"> 
		<time type="0" startTime="2012-3-16-00-00" endTime = "2012-3-22-23-59"/>
	</systime>
	<systime id="16" desc="众神祝福2">
		<time type="0" startTime="2012-3-17-13-30" endTime = "2012-3-17-23-59"/>
	</systime>
	<systime id="17" desc="红蓝师父">
		<time type="0" startTime="2012-3-17-13-00" endTime = "2012-3-17-15-00"/>
		<time type="0" startTime="2012-3-18-13-00" endTime = "2012-3-18-15-00"/>
	</systime>
	<systime id="18" desc="小鬼魂魄转盘" outTimeMsg="免费超灵侠士转盘只在4月21日和5月1日的14：00~14：30才能开启">
		<time type="1" startTime="2012-4-21-14-00" endTime = "2012-4-21-14-30"/>
		<time type="1" startTime="2012-5-1-14-00" endTime = "2012-5-1-14-30"/>
	</systime>
	<systime id="19" desc="开启乾坤阵法" outTimeMsg="小侠士，乾坤阵法只在3月30日至4月4日14：00~14：30才能开启，注意阵法开启时需要家园中有2名侠士助阵，可邀请好友来助阵" outAppModuleType="1" outAppModuleSrc="CatchUniverseDesc" outLinkStr="点击我查看活动详情">
		<time type="1" startTime="2012-3-30-14-00" endTime = "2012-4-4-14-30"/>
	</systime>
	<systime id="20" desc="侠士团积分赛" outTimeMsg="不在活动时间内，每天的19：00～20：00">
		<time type="1" startTime="2012-4-7-19-00" endTime = "2036-4-8-20-00"/>
	</systime>
	<systime id="21" desc="侠士团积分赛" outTimeMsg="不在活动时间内，每天的19：00～20：00">
		<time type="1" startTime="2012-4-7-19-00" endTime = "2036-4-8-20-00"/>
	</systime>
	<systime id="22" desc="侠士团荣誉之战报名" outTimeMsg="小侠士，侠士团荣誉之战的报名时间在11月24日~11月25日，每天12：00~13：29">
		<time type="1" startTime="2012-11-24-12-00" endTime = "2012-11-25-13-29"/>
	</systime>
	<systime id="23" desc="天下比武大会" outTimeMsg="亲爱的小侠士，挑战各路高手开放时间 5月12、13日的13：00～15：00">
		<time type="1" startTime="2012-05-12-13-00" endTime = "2012-05-12-15-00"/>
		<time type="1" startTime="2012-05-13-13-00" endTime = "2012-05-13-15-00"/>
	</systime>
	<systime id="24" desc="侠士团荣誉之战进场时间" outTimeMsg="不在比赛时间内，不能进行战斗。">
		<time type="1" startTime="2012-11-24-13-30" endTime = "2012-11-25-13-33"/>
	</systime>
	<systime id="25" desc="超灵侠士5月特权" outTimeMsg="每周五、周六和周日每天都可以在陆半仙处领取300金币，截至到6月3日。">
		<time type="1" startTime="2012-5-18-00-00" endTime = "2012-5-18-23-59"/>
		<time type="1" startTime="2012-5-19-00-00" endTime = "2012-5-19-23-59"/>
		<time type="1" startTime="2012-5-20-00-00" endTime = "2012-5-20-23-59"/>
		<time type="1" startTime="2012-5-25-00-00" endTime = "2012-5-25-23-59"/>
		<time type="1" startTime="2012-5-26-00-00" endTime = "2012-5-26-23-59"/>
		<time type="1" startTime="2012-5-27-00-00" endTime = "2012-5-27-23-59"/>
		<time type="1" startTime="2012-6-1-00-00" endTime = "2012-6-1-23-59"/>
		<time type="1" startTime="2012-6-2-00-00" endTime = "2012-6-2-23-59"/>
		<time type="1" startTime="2012-6-3-00-00" endTime = "2012-6-3-23-59"/>
	</systime>
	<systime id="26" desc="重建功夫城进入关卡时间" outTimeMsg="请小侠士们在周六周日（6月9日和10日）的13：00～15：00)再来！">
		<time type="1" startTime="2012-6-9-13-00" endTime = "2012-6-9-15-00"/>
		<time type="1" startTime="2012-6-10-13-00" endTime = "2012-6-10-15-00"/>
	</systime>
	<systime id="27" desc="端午特权时间" outTimeMsg="对不起小侠士，只有在6月22日～6月24日才可以享有此特权。">
		<time type="1" startTime="2012-6-22-00-00" endTime = "2012-6-24-23-59"/>
	</systime>
	<systime id="28" desc="端午特权四时间" outTimeMsg="对不起小侠士，只有在6月22日～6月24日每天14:00～14:30才可以享有此特权。">
		<time type="1" startTime="2012-6-22-14-00" endTime = "2012-6-24-14-30"/>
	</systime>
	<systime id="29" desc="龙舟大赛" outTimeMsg="对不起小侠士，只有在6月22日～6月24日每天14:00～15:00才能参与比赛！">
		<time type="1" startTime="2012-6-22-14-00" endTime = "2012-6-24-15-00"/>
	</systime>
	<!-- 组队天王战 -->
	<systime id="30" desc="组队武斗大会" outTimeMsg="对不起小侠士，只有在9月30日～10月2日每天13:30～14:30才能参与比赛！">
		<time type="1" startTime="2012-9-25-13-30" endTime = "2012-10-2-14-30"/>
	</systime>
	<systime id="31" desc="组队武斗大会领奖" outTimeMsg="对不起小侠士，领奖时间为10月3日到10月7日">
		<time type="1" startTime="2012-10-3-0-0" endTime = "2012-10-17-23-00"/>
	</systime>
	<systime id="33" desc="天王战比赛" outTimeMsg="对不起小侠士，天王战时间为10月3日到10月7日">
		<time type="1" startTime="2012-10-3-0-0" endTime = "2012-10-7-23-59"/>
	</systime>
	<systime id="34" desc="天王战比赛押注" outTimeMsg="对不起小侠士，天王战竞猜时间已于10月6日14点结束">
		<time type="0" startTime="2012-10-3-0-0" endTime = "2012-10-6-14-00"/>
	</systime>
	<systime id="35" desc="天王战比赛观战通知" outTimeMsg="对不起小侠士，天王战竞猜时间已于10月7日14点结束">
		<time type="1" startTime="2012-10-6-13-26" endTime = "2012-10-7-14-00"/>
	</systime>
	<!-- 组队天王战  end-->
	<systime id="32" desc="九重天特权第二重" outTimeMsg="对不起小侠士，只有在7月13日～7月19日才可以享有此特权。">
		<time type="1" startTime="2012-7-13-0-0" endTime = "2012-7-19-23-59"/>
	</systime>
	<systime id="36" desc="九重天特权第三重" outTimeMsg="对不起小侠士，只有在7月20日～7月26日才能享有此特权。">
		<time type="1" startTime="2012-7-20-0-0" endTime = "2012-7-26-23-59"/>
	</systime>
	<systime id="37" desc="九重天特权第四重" outTimeMsg="对不起小侠士，只有在7月27日～8月2日才能享有此特权。">
		<time type="1" startTime="2012-7-27-0-0" endTime = "2012-8-2-23-59"/>
	</systime>
	<systime id="38" desc="九重天特权第五重" outTimeMsg="对不起小侠士，只有在8月3日～8月9日才能享有此特权。">
		<time type="1" startTime="2012-8-3-0-0" endTime = "2012-8-9-23-59"/>
	</systime>
	<systime id="39" desc="两周年庆典奖励兑换" outTimeMsg="请小侠士们放飞孔明灯后，于8月15日来找我领取奖励吧！">
		<time type="0" startTime="2012-08-15-00-00" endTime = "2012-08-15-23-59"/>
	</systime>
	<systime id="40" desc="九重天特权第六重" outTimeMsg="对不起小侠士，只有在8月10日～8月16日才能享有此特权。">
		<time type="1" startTime="2012-8-10-0-0" endTime = "2012-8-16-23-59"/>
	</systime>
	<!--两周年活动-->
	<systime id="41" desc="两周年点亮派派" outTimeMsg="8月10日～8月15日前可以点亮派派">
		<time type="1" startTime="2012-08-10-00-00" endTime = "2012-08-15-23-59"/>
	</systime>
	<systime id="42" desc="两周年点亮伊尔" outTimeMsg="8月11日～8月15日可以点亮伊尔">
		<time type="1" startTime="2012-08-11-00-00" endTime = "2012-08-15-23-59"/>
	</systime>
	<systime id="43" desc="两周年点亮大竹" outTimeMsg="8月12日～8月15日可以点亮大竹">
		<time type="1" startTime="2012-08-12-00-00" endTime = "2012-08-15-23-59"/>
	</systime>
	<systime id="44" desc="两周年点亮傲天" outTimeMsg="8月13日～8月15日可以点亮傲天">
		<time type="1" startTime="2012-08-13-00-00" endTime = "2012-08-15-23-59"/>
	</systime>
	<systime id="45" desc="两周年点亮陆半仙" outTimeMsg="8月14日～8月15日可以点亮陆半仙">
		<time type="1" startTime="2012-08-14-00-00" endTime = "2012-08-15-23-59"/>
	</systime>
	<systime id="46" desc="两周年点亮武圣爷爷" outTimeMsg="8月15日可以点亮武圣爷爷">
		<time type="1" startTime="2012-08-15-00-00" endTime = "2012-08-15-23-59"/>
	</systime>
	<systime id="47" desc="两周年点亮奖励领取" outTimeMsg="小侠士需要点亮所有头像才能领取奖励，该奖励将在8月16日开启">
		<time type="0" startTime="2012-08-16-00-00" endTime = "2012-08-16-23-59"/>
	</systime>
	<systime id="48" desc="九重天特权第七重" outTimeMsg="对不起小侠士，只有在8月17日～8月23日才能享有此特权。">
		<time type="1" startTime="2012-8-17-0-0" endTime = "2012-8-23-23-59"/>
	</systime>
	<systime id="49" desc="九重天特权第八重" outTimeMsg="对不起小侠士，只有在8月24日～8月30日才能享有此特权。">
		<time type="1" startTime="2012-8-24-0-0" endTime = "2012-8-30-23-59"/>
	</systime>
	<systime id="50" desc="仙魔大战奖励领取" outTimeMsg="对不起小侠士，只有在8月30日～9月6日才能领取奖励。">
		<time type="1" startTime="2012-8-30-0-0" endTime = "2012-9-6-23-59"/>
	</systime>
	<systime id="51" desc="九重天投票" outTimeMsg="对不起小侠士，投票已在8月26日截止。">
		<time type="1" startTime="2012-8-24-0-0" endTime = "2012-8-26-23-59"/>
	</systime>
	<systime id="52" desc="侠士竞速比赛" outTimeMsg="侠士竞速比赛只在12月21到12月23号，每天下午13:00~15:00，18:00~20:00开放。">
		<time type="1" startTime="2012-12-21-13-00" endTime = "2012-12-23-15-00"/>
		<time type="1" startTime="2012-12-21-18-00" endTime = "2012-12-23-20-00"/>
	</systime>
	<systime id="53" desc="九重天特权第九重" outTimeMsg="对不起小侠士，只有在8月31日～9月6日才能享有此特权。">
		<time type="1" startTime="2012-8-31-0-0" endTime = "2012-9-6-23-59"/>
	</systime>
	<systime id="54" desc="冲级步步高奖励领取" outTimeMsg="对不起小侠士，只有在9月13日之后才能领取奖励。">
		<time type="1" startTime="2012-9-13-0-0" endTime = "2012-9-20-23-59"/>
	</systime>
	<systime id="55" desc="卡牌奖励双倍时间段" outTimeMsg="卡牌活动期间，所有奖励数量翻倍，活动时间：8月31日至9月6日">
		<time type="1" startTime="2012-08-31-0-0" endTime = "2012-9-6-23-59"/>
	</systime>
	<systime id="56" desc="第一周经验奖励时间段" outTimeMsg="小侠士，此次活动的时间是9月7日至9月13日。">
		<time type="0" startTime="2012-09-7-0-0" endTime = "2012-9-13-23-59"/>
	</systime>
	<systime id="57" desc="第二周经验奖励时间段" outTimeMsg="小侠士，此次活动的时间是9月14日至9月20日。">
		<time type="0" startTime="2012-09-14-0-0" endTime = "2012-9-20-23-59"/>
	</systime>
	<systime id="58" desc="第三周经验奖励时间段" outTimeMsg="小侠士，此次活动的时间是9月21日至9月27日。">
		<time type="0" startTime="2012-09-21-0-0" endTime = "2012-9-27-23-59"/>
	</systime>
	<systime id="59" desc="第四周经验奖励时间段" outTimeMsg="小侠士，此次活动的时间是9月28日至10月4日。">
		<time type="0" startTime="2012-09-28-0-0" endTime = "2012-10-4-23-59"/>
	</systime>
	<systime id="60" desc="100W经验领取" outTimeMsg="小侠士，此次活动的时间是10月1日至10月4日，每天1:30-4:00。">
		<time type="1" startTime="2012-10-1-13-30" endTime = "2012-10-1-16-00"/>
		<time type="1" startTime="2012-10-2-13-30" endTime = "2012-10-2-16-00"/>
		<time type="1" startTime="2012-10-3-13-30" endTime = "2012-10-3-16-00"/>
		<time type="1" startTime="2012-10-4-13-30" endTime = "2012-10-4-16-00"/>
	</systime>
	<systime id="61" desc="一路向西 第一周" outTimeMsg="一路向西第一关活动结束，活动时间：9月14日至9月27日">
		<time type="0" startTime="2012-09-10-0-0" endTime = "2012-9-27-23-59"/>
	</systime>
	<systime id="62" desc="陆半仙的理财计划" outTimeMsg="陆半仙理财计划的活动时间为：9月21日至10月8日">
		<time type="0" startTime="2012-09-21-0-0" endTime = "2012-10-8-23-59"/>
	</systime>
	<systime id="63" desc="一路向西血量改变" outTimeMsg="">
		<time type="0" startTime="2012-09-21-0-0" endTime = "2012-09-21-23-59"/>
	</systime>
	<systime id="64" desc="9月30日 中秋祈福" outTimeMsg="中秋祈福的活动时间为：9月30日至10月7日">
		<time type="0" startTime="2012-09-30-0-0" endTime = "2012-09-30-23-59"/>
	</systime>
	<systime id="65" desc="10月1日 中秋祈福" outTimeMsg="中秋祈福的活动时间为：9月30日至10月7日">
		<time type="0" startTime="2012-10-01-0-0" endTime = "2012-10-01-23-59"/>
	</systime>
	<systime id="66" desc="10月2日 中秋祈福" outTimeMsg="中秋祈福的活动时间为：9月30日至10月7日">
		<time type="0" startTime="2012-10-02-0-0" endTime = "2012-10-02-23-59"/>
	</systime>
	<systime id="67" desc="10月3日 中秋祈福" outTimeMsg="中秋祈福的活动时间为：9月30日至10月7日">
		<time type="0" startTime="2012-10-03-0-0" endTime = "2012-10-03-23-59"/>
	</systime>
	<systime id="68" desc="10月4日 中秋祈福" outTimeMsg="中秋祈福的活动时间为：9月30日至10月7日">
		<time type="0" startTime="2012-10-04-0-0" endTime = "2012-10-04-23-59"/>
	</systime>
	<systime id="69" desc="10月5日 中秋祈福" outTimeMsg="中秋祈福的活动时间为：9月30日至10月7日">
		<time type="0" startTime="2012-10-05-0-0" endTime = "2012-10-05-23-59"/>
	</systime>
	<systime id="70" desc="10月6日 中秋祈福" outTimeMsg="中秋祈福的活动时间为：9月30日至10月7日">
		<time type="0" startTime="2012-10-06-0-0" endTime = "2012-10-06-23-59"/>
	</systime>
	<systime id="71" desc="10月7日 中秋祈福" outTimeMsg="中秋祈福的活动时间为：9月30日至10月7日">
		<time type="0" startTime="2012-10-07-0-0" endTime = "2012-10-07-23-59"/>
	</systime>
	<systime id="72" desc="中秋祈福" outTimeMsg="中秋祈福的活动时间为：9月30日至10月7日">
		<time type="0" startTime="2012-09-30-0-0" endTime = "2012-10-07-23-59"/>
	</systime>
	<systime id="73" desc="心中的魔魇" outTimeMsg="中秋祈福的活动时间为：9月30日至10月7日">
		<time type="0" startTime="2012-10-19-0-0" endTime = "2012-10-25-23-59"/>
	</systime>
	<systime id="74" desc="万圣节秒杀冰魄魂石" outTimeMsg="秒杀冰魄魂石的时间为10月27日和28日的14：08到14：18">
		<time type="0" startTime="2012-10-27-14-08" endTime = "2012-10-27-14-18"/>
	</systime>
	<systime id="75" desc="万圣节秒杀灼热之石" outTimeMsg="秒杀灼热之石的时间为10月27日和28日的14：28到14：38">
		<time type="0" startTime="2012-10-27-14-28" endTime = "2012-10-27-14-38"/>
	</systime>
	<systime id="76" desc="万圣节秒杀冰魄魂石" outTimeMsg="秒杀冰魄魂石的时间为10月27日和28日的14：08到14：18">
		<time type="0" startTime="2012-10-28-14-08" endTime = "2012-10-28-14-18"/>
	</systime>
	<systime id="77" desc="万圣节秒杀灼热之石" outTimeMsg="秒杀灼热之石的时间为10月27日和28日的14：28到14：38">
		<time type="0" startTime="2012-10-28-14-28" endTime = "2012-10-28-14-38"/>
	</systime>
	<systime id="78" desc="万圣杯pvp" outTimeMsg="小侠士，现在不在活动时间内不能参加报名。">
		<time type="1" startTime="2012-10-27-10-00" endTime = "2012-10-27-11-30"/>
		<time type="1" startTime="2012-10-27-13-00" endTime = "2012-10-27-15-00"/>
		<time type="1" startTime="2012-10-28-10-00" endTime = "2012-10-28-11-30"/>
		<time type="1" startTime="2012-10-28-13-00" endTime = "2012-10-28-15-00"/>
	</systime>
	<systime id="79" desc="天下第一兑换" outTimeMsg="小侠士，现在不在活动时间内不能参加兑换大奖哦。">
		<time type="0" startTime="2012-09-02-00-00" endTime = "2012-11-15-23-59"/>
	</systime>
<!-- 	<systime id="80" desc="西部大冒险活动" outTimeMsg="小侠士，现在不在活动时间内不能进入西部大冒险哦。"> -->
<!-- 		<time type="0" startTime="2012-11-09-00-00" endTime = "2012-11-15-23-59"/> -->
<!-- 	</systime> -->
	<systime id="81" desc="守卫神灯" outTimeMsg="亲爱的小侠士，活动时间是11月10日、11月11日、11月17日和11月18日哦。">
		<time type="0" startTime="2012-11-10-0-0" endTime = "2012-11-11-23-59"/>
		<time type="0" startTime="2012-11-17-0-0" endTime = "2012-11-18-23-59"/>
	</systime>
	<systime id="82" desc="英雄狭义榜" outTimeMsg="亲爱的小侠士，活动时间是11月16日到11月22日哦。">
		<time type="0" startTime="2012-11-16-0-0" endTime = "2012-11-22-23-59"/>
	</systime>
	<systime id="83" desc="侠士明星投票" outTimeMsg="亲爱的小侠士，活动时间是11月16日到11月29日哦">
		<time type="0" startTime="2012-11-16-00-00" endTime = "2012-11-29-23-59"/>
	</systime>
	<systime id="84" desc="冰雪女王莅临英雄会" outTimeMsg="亲爱的小侠士，活动时间是11月23日到11月29日哦">
		<time type="0" startTime="2012-11-23-00-00" endTime = "2012-11-29-23-59"/>
	</systime>
	<systime id="85" desc="侠士明星奖励" outTimeMsg="亲爱的小侠士，领奖时间是11月30日到12月06日哦">
		<time type="0" startTime="2012-11-30-00-00" endTime = "2012-12-06-23-59"/>
	</systime>
	<systime id="86" desc="接取上古仪式" outTimeMsg="亲爱的小侠士，活动时间是3月8日到3月10日每天13：00至15：00和19：00分至21：00。">
		<time type="1" startTime="2013-3-8-13-00" endTime = "2013-3-10-15-00"/>
		<time type="1" startTime="2013-3-8-19-00" endTime = "2013-3-10-21-00"/>
	</systime>
	<systime id="87" desc="麋鹿嘉年华" outTimeMsg="亲爱的小侠士，奖励只能在7日-9日的19：00-21：00和8日-9日13：00至15：00领取哦。">
		<time type="1" startTime="2012-12-7-19-00" endTime = "2012-12-7-21-00"/>
		<time type="1" startTime="2012-12-8-19-00" endTime = "2012-12-8-21-00"/>
		<time type="1" startTime="2012-12-9-19-00" endTime = "2012-12-9-21-00"/>
		<time type="1" startTime="2012-12-8-13-00" endTime = "2012-12-8-15-00"/>
		<time type="1" startTime="2012-12-9-13-00" endTime = "2012-12-9-15-00"/>
	</systime>
	<systime id="88" desc="进阶嘉年华" outTimeMsg="亲爱的小侠士，活动时间详见活动说明哦。">
		<time type="0" startTime="2012-12-7-04-00" endTime = "2012-12-7-19-55"/>
	</systime>
	<systime id="89" desc="进阶嘉年华" outTimeMsg="亲爱的小侠士，活动时间详见活动说明哦。">	
		<time type="0" startTime="2012-12-7-20-00" endTime = "2012-12-8-13-55"/>
	</systime>
	<systime id="90" desc="进阶嘉年华" outTimeMsg="亲爱的小侠士，活动时间详见活动说明哦。">
		<time type="0" startTime="2012-12-8-14-01" endTime = "2012-12-9-13-55"/>	
	</systime>
	<systime id="91" desc="冰封城下雪时间" outTimeMsg="">
		<time type="1" startTime="2012-12-6-13-00" endTime = "2012-12-30-14-00"/>
		<time type="1" startTime="2012-12-6-19-00" endTime = "2012-12-30-20-00"/>
	</systime>
	<systime id="92" desc="灵兽大pk" outTimeMsg="亲爱的小侠士，活动时间详见活动说明哦。">
		<time type="1" startTime="2012-12-22-13-00" endTime = "2012-12-23-15-00"/>
	</systime>
	
	<systime id="93" desc="登陆即送橙装,免费抽取灵兽" outTimeMsg="亲爱的小侠士，活动时间详见活动说明哦。">
		<time type="1" startTime="2012-12-21-00-00" endTime = "2012-12-27-23-59"/>
	</systime>
	<systime id="94" desc="绿装备变蓝装,蓝装变紫装" outTimeMsg="亲爱的小侠士，活动时间详见活动说明哦。">
		<time type="1" startTime="2012-12-22-14-00" endTime = "2012-12-22-15-00"/>
		<time type="1" startTime="2012-12-23-14-00" endTime = "2012-12-23-15-00"/>
	</systime>
	<systime id="95" desc="圣蛋签到" outTimeMsg="亲爱的小侠士，活动时间详见活动说明哦。">
		<time type="1" startTime="2012-12-22-00-00" endTime = "2012-12-23-23-59"/>
	</systime>
	<systime id="96" desc="竞速排行领奖" outTimeMsg="亲爱的小侠士，领奖时间是12月23日 20:00 至 1月10日24:00">
		<time type="0" startTime="2012-12-23-20-00" endTime = "2013-1-10-23-59"/>
	</systime>
	<systime id="97" desc="清金币，清100送200" outTimeMsg="亲爱的小侠士，活动时间是12月21日至12月23日、12月28日至12月31日哦。">
		<time type="0" startTime="2012-12-21-0-0" endTime = "2012-12-23-23-59"/>
		<time type="0" startTime="2012-12-28-0-0" endTime = "2012-12-31-23-59"/>
	</systime>
	<systime id="98" desc="灵兽大pk领奖" outTimeMsg="亲爱的小侠士，领奖时间是12月23日 15:30 至 12月27日24:00">
		<time type="0" startTime="2012-12-23-15-30" endTime = "2012-12-27-23-59"/>
	</systime>
	<systime id="99" desc="元蛋节日礼包领取" outTimeMsg="亲爱的小侠士，领奖时间是12月28日  至 1月3日">
		<time type="0" startTime="2012-12-28-0-0" endTime = "2013-1-3-23-59"/>
	</systime>
	<systime id="100" desc="新守护神水神" outTimeMsg="亲爱的小侠士，活动时间是 1月11日 至 1月17日">
		<time type="0" startTime="2013-01-11-0-0" endTime = "2013-01-17-23-59"/>
	</systime>
	<systime id="101" desc="超级护卫" outTimeMsg="亲爱的小侠士，活动时间是 1月25日 至 1月27日">
		<time type="0" startTime="2013-01-25-0-0" endTime = "2013-01-27-23-59"/>
	</systime>
	<systime id="102" desc="调查年兽足迹" outTimeMsg="亲爱的小侠士，活动时间是 2月1日 至 2月6日">
		<time type="0" startTime="2013-02-01-0-0" endTime = "2013-02-06-23-59"/>
	</systime>
	<systime id="103" desc="米币抽奖" outTimeMsg="亲爱的小侠士，活动时间是 2月1日 至 2月21日">
		<time type="0" startTime="2013-02-01-0-0" endTime = "2013-02-21-23-59"/>
	</systime>
	<systime id="104" desc="渔翁得利" outTimeMsg="亲爱的小侠士，活动时间是 2月8日 至 2月14日">
		<time type="0" startTime="2013-02-01-0-0" endTime = "2013-02-08-23-59"/>
	</systime>
	<systime id="105" desc="龙凤呈祥" outTimeMsg="亲爱的小侠士，活动时间是 2月15日 至 2月22日">
		<time type="0" startTime="2013-02-15-0-0" endTime = "2013-02-22-23-59"/>
	</systime>
	<systime id="106" desc="不能说的秘密" outTimeMsg="亲爱的小侠士，活动时间是 2月7日 至 2月28日">
		<time type="0" startTime="2013-02-7-0-0" endTime = "2013-02-28-23-59"/>
	</systime>
	<systime id="107" desc="精英组队比武" outTimeMsg="亲爱的小侠士，活动时间是 2月7日至2月21日每天13:00到15:00">
		<time type="1" startTime="2013-02-07-13-00" endTime = "2013-02-21-15-00"/>
	</systime>
	<systime id="108" desc="六福娃特权" outTimeMsg="亲爱的小侠士，活动时间是 2月22日 至 2月28日">
		<time type="0" startTime="2013-02-22-0-0" endTime = "2013-02-28-23-59"/>
	</systime>
	<systime id="109" desc="食神争霸" outTimeMsg="亲爱的小侠士，活动时间是 3月1日至3月7日每天13:00到15:00">
		<time type="1" startTime="2013-03-01-13-00" endTime = "2013-03-07-15-00"/>
	</systime>
	<systime id="110" desc="vip活动众神祈福" outTimeMsg="亲爱的小侠士，活动时间是 3月1日 至 3月14日">
		<time type="0" startTime="2013-03-01-0-0" endTime = "2013-03-14-23-59"/>
	</systime>
	<systime id="111" desc="神兽貔貅大闹元宵节" outTimeMsg="亲爱的小侠士，活动时间是 2月22日 至 3月14日">
		<time type="0" startTime="2013-02-22-0-0" endTime = "2013-03-14-23-59"/>
	</systime>
	<systime id="112" desc="拯救血燕" outTimeMsg="亲爱的小侠士，活动时间是 3月8日 至 3月21日">
		<time type="0" startTime="2013-03-08-0-0" endTime = "2013-03-21-23-59"/>
	</systime>
	<systime id="113" desc="城战" outTimeMsg="亲爱的小侠士，活动时间未到。">
		<time type="0" startTime="2013-03-22-19-00" endTime = "2013-03-22-21-00"/>
	</systime>
	<systime id="114" desc="城战" outTimeMsg="亲爱的小侠士，活动时间未到。">
		<time type="1" startTime="2013-03-25-19-00" endTime = "2013-03-29-21-00"/>
	</systime>
	<systime id="115" desc="开学送礼包" outTimeMsg="亲爱的小侠士，活动时间是 3月15日 至 3月28日期间。">
		<time type="0" startTime="2013-03-15-00-00" endTime = "2013-03-28-23-59"/>
	</systime>
	<systime id="116" desc="智力大比拼奖励活动" outTimeMsg="亲爱的小侠士，活动时间是 3月15日 至3月17号(周五、周六、周日) 18:00和19:00">
		<time type="1" startTime="2013-03-15-18-00" endTime = "2013-03-15-19-00"/>
		<time type="1" startTime="2013-03-16-18-00" endTime = "2013-03-16-19-00"/>
		<time type="1" startTime="2013-03-17-18-00" endTime = "2013-03-17-19-00"/>
	</systime>
	<systime id="117" desc="五倍经验(指定时间段)" outTimeMsg="五倍经验：3.23~3.24每天13:30-14:30开启！">
		<time type="1" startTime="2013-03-23-13-30" endTime = "2013-03-24-14-30"/>
	</systime>
	<systime id="118" desc="屠龙大会时间" outTimeMsg="亲爱的小侠士，活动时间是 3月23日 至3月24号 14:00和16:00">
		<time type="1" startTime="2013-03-23-14-00" endTime = "2013-03-23-16-00"/>
		<time type="1" startTime="2013-03-24-14-00" endTime = "2013-03-24-16-00"/>
	</systime>
	<systime id="119" desc="城战积分奖励领取时间" outTimeMsg="亲爱的小侠士，城战还没结束，还不能领取奖励。">
		<time type="1" startTime="2013-03-31-14-00" endTime = "2013-04-02-23-59"/>
	</systime>
	<systime id="120" desc="清明特权之排名送橙装" outTimeMsg="亲爱的小侠士，还没到领奖时间">
		<time type="1" startTime="2013-03-31-14-00" endTime = "2013-04-02-13-00"/>
	</systime>
</systimes>